# callgrind format
version: 1
creator: callgrind-3.22.0
pid: 26619
cmd:  ./build/mapf_solver -m data/gen_map.txt -s data/gen_scen.txt --out data/output_paths.json --hl pibt --ll astar
part: 1


desc: I1 cache: 
desc: D1 cache: 
desc: LL cache: 

desc: Timerange: Basic block 0 - 42800223
desc: Trigger: Program termination

positions: line
events: Ir
summary: 309298185


ob=(1) /usr/lib/x86_64-linux-gnu/ld-linux-x86-64.so.2
fl=(11) ./elf/./elf/dl-tunables.c
fn=(58) __GI___tunable_set_val
153 15
-81 40
+81 15
-81 10
+10 5
fi=(317) ./elf/./dl-tunable-types.h
+2 5
fe=(11)
+9 40
+1 25
fi=(12) ./elf/./elf/dl-tunables.h
+47 10
fe=(11)
-26 25
+1 5
+1 5
+1 5
+39 15
fi=(12)
-15 10
fe=(11)
-45 10
+3 5
fi=(12)
+51 5
fe=(11)
-51 5
+4 10
+7 10
+1 10
-12 25

fn=(22) __GI___tunables_init
261 8
+22 1
-22 1
128 1
283 1
-22 1
+6 4
42 245
+6 48
-3 48
+3 4754
+4 96
+4 96
fi=(12)
160 48
fe=(11)
56 96
fi=(12)
161 22
-1 114
+1 166
-1 96
fe=(11)
281 7872
+6 14256
fi=(12)
160 480
+1 960
-1 25
+1 100
-1 125
fe=(11)
304 8

fn=(28) __tunable_get_val
387 39
+3 78
-3 39
+3 312
+9 36
-9 72
+19 25
+7 234
+2 39
-19 14
+1 14
+9 6

fl=(63) ./io/../sysdeps/unix/sysv/linux/access.c
fn=(200) access
25 1
+2 7
+4 1

fl=(54) ./io/../sysdeps/unix/sysv/linux/read_nocancel.c
fn=(174) __read_nocancel
25 5
+1 20
+1 5

fl=(58) ./misc/../sysdeps/unix/sysv/linux/setvmaname.c
fn=(184) __set_vma_name
33 3
+2 11
-2 4
+7 1
-7 2
+7 1
-7 2
+7 1
-7 1
+7 1
cfi=(11)
cfn=(28)
calls=1 387 
* 24
* 3
+7 1
+2 6

fl=(48) ./elf/./elf/dl-audit.c
fn=(3570) _dl_audit_objclose
97 7
+1 28

fn=(1322) _dl_audit_preinit
118 1
+1 4

fn=(198) _dl_audit_objopen
77 5
+1 20

fn=(570) _dl_audit_activity_nsid
41 3
+4 12
+1 3
+1 15

fn=(152) _dl_audit_activity_map
29 2
+2 1
-2 5
+1 1
+1 2
+6 6

fl=(71) ./malloc/./malloc/scratch_buffer_set_array_size.c
fn=(228) __libc_scratch_buffer_set_array_size
30 65
+4 5
+1 10
+10 10
+18 5
-17 5
+17 25

fl=(310) ./elf/./elf/dl-call_fini.c
fn=(3544) _dl_call_fini
24 56
+4 14
+6 7
-2 7
+3 14
+3 5
+1 5
-1 5
+1 10
+3 20
+1 5
cob=(3) /usr/lib/x86_64-linux-gnu/libm.so.6
cfi=(183) ???
cfn=(3722) 0x00000000000104a0
calls=1 -43 
* 152
cob=(6) /usr/lib/x86_64-linux-gnu/libgcc_s.so.1
cfi=(184) ???
cfn=(3692) 0x0000000000004940
calls=1 -43 
* 42
cob=(7) /usr/lib/x86_64-linux-gnu/libstdc++.so.6.0.33
cfi=(185) ???
cfn=(3590) 0x00000000000b7aa0
calls=1 -43 
* 8311
cob=(5) /usr/libexec/valgrind/vgpreload_core-amd64-linux.so
cfi=(178) ???
cfn=(3572) 0x00000000000010d0
calls=1 -43 
* 152
cob=(8) /home/steph/projects/drone-logistics/build/mapf_solver
cfi=(211) ???
cfn=(3546) 0x0000000000003a40
calls=1 -43 
* 152
* 1
cob=(6)
cfi=(184)
cfn=(3704) 0x0000000000005ad0
calls=1 -43 
* 152
-1 24
+5 7
+1 14
+1 10
+1 25
-1 5
cob=(4) ???
cfi=(175) ???
cfn=(3738) 0x0000000004d983a8
calls=1 -49 
* 4
cob=(4)
cfi=(175)
cfn=(3720) 0x0000000004af0748
calls=1 -49 
* 4
cob=(4)
cfi=(175)
cfn=(3690) 0x0000000004a2fce4
calls=1 -49 
* 4
cob=(4)
cfi=(175)
cfn=(3588) 0x000000000483d294
calls=1 -49 
* 4
cob=(4)
cfi=(175)
cfn=(3568) 0x0000000000137a54
calls=1 -49 
* 4
+1 12

fl=(44) ./string/./string/strdup.c
fn=(138) strdup
40 36
+1 6
cfi=(22) ./string/../sysdeps/x86_64/multiarch/../multiarch/strlen-sse2.S
cfn=(62) strlen
calls=6 +16 
* 192
* 6
fi=(318) ./string/../include/rtld-malloc.h
+15 12
cfi=(27) ./elf/./elf/dl-minimal-malloc.c
cfn=(78) __minimal_malloc
calls=6 -20 
* 180
fe=(44)
-12 12
+3 18
+1 18
-1 6
cfi=(29) ./string/../sysdeps/x86_64/multiarch/memmove-vec-unaligned-erms.S
cfn=(82) memcpy
calls=6 210 
* 90

fl=(50) ./elf/./elf/dl-catch.c
fn=(236) _dl_receive_error
186 2
58 1
186 4
+2 1
-2 1
58 1
+1 1
+11 1
192 1
+2 1
cfi=(2) ./elf/./elf/rtld.c
cfn=(238) version_check_doit
calls=1 674 
* 25323
69 2
+1 1
198 1
-1 1
+1 3

fn=(160) _dl_catch_exception
204 78
58 13
204 26
+3 26
+22 13
-1 13
+1 13
58 26
235 39
cfi=(51) ./setjmp/../sysdeps/x86_64/setjmp.S
cfn=(162) __sigsetjmp
calls=13 31 
* 312
* 39
+2 39
cfi=(64) ./elf/./elf/dl-deps.c
cfn=(206) openaux
calls=12 61 
* 23888
cfi=(2)
cfn=(164) map_doit
calls=1 641 
* 2662
69 13
+1 13
-1 13
+1 13
239 52
-25 13
+34 39
59 26
+11 39

fn=(158) _dl_catch_error
254 6
+2 1
-2 6
+2 1
cfn=(160)
calls=1 -52 
* 2728
+1 2
+1 1
+1 1
-1 1
+1 1
+2 6

fl=(2)
fn=(2) _dl_start
517 16
85 1
547 4
85 1
543 1
fi=(6) ./elf/../sysdeps/x86_64/dl-machine.h
55 1
fe=(2)
+30 1
546 1
85 1
fi=(3) ./elf/./get-dynamic-info.h
-40 1
fe=(2)
546 1
fi=(3)
45 2
+23 18
-23 72
+4 36
+3 5
-1 10
+3 20
+1 16
+1 5
fi=(4) ./elf/../sysdeps/generic/ldsodefs.h
+23 1
fi=(3)
+31 1
-38 3
+12 4
+1 3
+1 4
+1 4
+1 5
+1 3
+1 4
+1 4
+12 7
+7 2
-51 4
+64 3
+6 3
+1 3
+3 2
+1 3
+5 5
+3 5
fe=(2)
563 154
fi=(4)
79 1
fe=(2)
563 1
fi=(4)
79 2
fe=(2)
563 27
fi=(6)
287 3
fi=(5) ./elf/./elf/do-rel.h
49 1
fe=(2)
563 1
fi=(5)
50 1
-1 2
+4 1
-3 1
+3 4
+3 2
-7 1
fe=(2)
563 1
fi=(5)
50 1
-1 2
+4 1
-3 1
+3 4
+3 2
+7 3
+2 3
-2 6
fi=(6)
278 3
fi=(5)
64 6
fi=(6)
278 6
+9 24
+3 6
+1 6
+26 8
+6 2
fi=(5)
61 13
fe=(2)
563 6
fi=(5)
51 1
fi=(4)
+28 2
fi=(3)
-17 4
+2 4
fe=(2)
565 1
+13 1
cfi=(7) ./elf/./elf/dl-minimal.c
cfn=(12) __rtld_malloc_init_stubs
calls=1 42 
* 10
458 2
85 1
476 2
85 3
476 1
cfi=(8) ./elf/./elf/dl-setup_hash.c
cfn=(14) _dl_setup_hash
calls=1 25 
* 27
+2 1
+16 2
-17 1
+11 1
-10 1
+16 1
cfi=(9) ./elf/../sysdeps/unix/sysv/linux/dl-sysdep.c
cfn=(16) _dl_sysdep_start
calls=1 102 
* 1847068
* 1
+2 2
+89 9
fi=(3)
103 3
fe=(2)

fn=(246) init_tls
734 1
+6 1
-6 3
+2 2
+4 2
+11 1
fi=(28) ./elf/../include/rtld-malloc.h
44 1
fe=(2)
746 1
+4 1
fi=(28)
44 1
cfi=(27)
cfn=(74) __minimal_calloc
calls=1 +36 
* 41
fe=(2)
761 1
-12 1
+6 1
-9 1
+11 1
+4 1
+2 3
-1 2
+3 14
+4 3
+2 3
-2 6
-5 3
-1 6
+10 3
+3 2
cfi=(46) ./elf/../elf/dl-tls.c
cfn=(248) _dl_tls_static_surplus_init
calls=1 97 
* 86
+3 1
cfi=(46)
cfn=(250) _dl_determine_tlsoffset
calls=1 216 
* 147
+7 1
cfi=(46)
cfn=(252) _dl_allocate_tls_storage
calls=1 417 
* 470
* 1
+1 2
+6 1
fi=(74) ./elf/../sysdeps/generic/dl-call_tls_init_tp.h
31 2
fe=(2)
793 1
fi=(74)
31 6
+2 1
cfi=(24) ./elf/../sysdeps/nptl/dl-tls_init_tp.c
cfn=(256) __tls_init_tp
calls=1 +35 
* 79
fe=(2)
800 1
-3 1
+3 4
-36 4
-1 9

fn=(154) handle_preload_list
869 11
+5 1
-5 2
+5 2
-4 3
+7 3
cfi=(49) ./string/../string/strcspn.c
cfn=(156) strcspn
calls=1 32 
* 240
* 1
+1 3
+9 1
183 1
889 2
183 2
891 2
-80 1
+5 1
-6 1
-4 1
+10 2
-6 1
+4 1
+2 2
-5 1
+1 1
+4 1
cfi=(50)
cfn=(158)
calls=1 254 
* 2754
+1 3
+8 3
+67 1
-18 2
+21 9
-15 4
cfi=(29)
cfn=(82)
calls=1 210 
* 19
+1 2

fn=(238)
674 2
+2 1
-2 4
+2 3
cfi=(73) ./elf/./elf/dl-version.c
cfn=(240) _dl_check_all_versions
calls=1 392 
* 25308
* 2
+4 3

fn=(66) dl_main
1346 2
197 1
1346 11
199 1
302 1
+1 1
197 1
+99 3
1357 1
cfi=(24)
cfn=(68) __tls_pre_init_tp
calls=1 53 
* 17
2749 1
2538 1
2749 2
2598 1
+2 2
+15 1
-13 2
cfi=(25) ./elf/./elf/dl-environ.c
cfn=(70) _dl_next_ld_env_entry
calls=1 28 
* 47
* 4
cfi=(25)
cfn=(70)
calls=2 28 
* 275
* 9
+4 6
-2 2
+2 6
+1 2
-1 6
+1 17
-1 89
+9 12
2727 3
1373 1
+1 2
-1 2
+1 2
2687 3
-47 2
+10 2
1637 9
cfi=(26) ./elf/./elf/dl-object.c
cfn=(72) _dl_new_object
calls=1 59 
* 210
* 1
+2 2
+1 3
+6 1
-5 2
+1 3
+4 1
cfi=(26)
cfn=(84) _dl_add_to_namespace_list
calls=1 31 
* 42
+1 2
1116 1
-1 1
1351 1
1143 1
-21 2
+21 2
-19 1
+1 1
-3 1
+21 2
+57 1
-82 1
+25 1
-3 1
+4 1
+19 1
+37 4
-56 102
+56 4
-1 4
+1 8
-1 4
+2 8
+1 1
+2 12
+1 14
+4 8
+1 8
+1 4
+4 12
-72 27
1253 2
+1 22
+6 4
cfi=(30) ./elf/./elf/dl-load.c
cfn=(88) _dl_process_pt_gnu_property
calls=1 868 
* 90
-7 26
+1 13
+6 13
-6 26
fi=(31) ./elf/../sysdeps/x86/dl-prop.h
235 4
+1 2
-87 4
fe=(2)
1148 1
-5 1
+5 2
-5 2
+30 1
-9 2
+2 1
-3 1
+10 2
+18 2
-38 2
-10 1
+10 1
+1 9
-11 2
+1 14
1247 1
1143 1
1247 2
1143 3
1266 4
+3 3
+2 3
1672 3
+2 2
-1 1
+1 1
+1 3
-2 2
cfi=(32) ./string/../sysdeps/x86_64/multiarch/../multiarch/strcmp-sse2.S
cfn=(94) strcmp
calls=1 98 
* 25
* 2
+7 1
+3 1
-5 1
+3 1
+2 1
+1 2
+4 2
+2 2
fi=(3)
39 4
+4 1
+2 1
+9 1
+1 1
-10 2
+23 28
-23 112
+4 56
+3 6
-1 12
+3 24
+1 20
fe=(2)
1243 1
1143 1
1243 1
1143 2
fi=(3)
72 4
+43 2
+7 3
+1 4
+6 3
+18 4
+5 2
+2 2
+2 2
+2 2
+1 2
+3 4
+2 3
+1 2
+9 2
+6 2
+1 3
+3 3
fe=(2)
1698 4
+7 2
cfi=(8)
cfn=(14)
calls=1 25 
* 27
+3 2
fi=(33) ./elf/./setup-vdso.h
24 2
fi=(36) ./elf/./dl-main.h
+85 2
fi=(35) ./elf/../sysdeps/unix/sysv/linux/dl-vdso-setup.h
-64 1
fi=(36)
+64 3
cfi=(30)
cfn=(106) _dl_init_paths
calls=1 706 
* 2322
fe=(2)
1733 3
cfi=(45) ./elf/./elf/dl-debug.c
cfn=(144) _dl_debug_initialize
calls=1 56 
* 34
+7 1
-5 1
-2 1
+7 1
+4 1
+1 1
+2 1
-3 3
+1 2
+3 1
+11 1
-13 1
+13 1
+1 2
+5 1
-3 2
+2 1
+1 2
+5 3
+1 5
-1 2
224 1
+1 1
-1 1
+1 3
+1 2
1788 2
+5 1
-1 1
1352 1
1793 1
+24 1
cfi=(46)
cfn=(146) _dl_count_modids
calls=1 192 
* 6
* 1
fi=(47) ./elf/../sysdeps/generic/dl-debug.h
29 4
+1 1
fe=(2)
1823 1
+1 1
cfi=(45)
cfn=(150) _dl_debug_state
calls=1 116 
* 2
+1 1
+4 3
cfi=(48)
cfn=(152)
calls=1 29 
* 17
+5 3
+2 1
+2 2
+9 2
+16 4
cfi=(63)
cfn=(200)
calls=1 25 
* 9
* 2
+76 4
+16 3
85 1
1965 1
85 2
1965 1
85 1
1965 5
85 1
1965 2
cfi=(64)
cfn=(202) _dl_map_object_deps
calls=1 143 
* 28695
92 1
+9 1
1971 1
92 2
+9 2
1971 2
+1 6
-1 4
+1 12
-1 24
+4 3
+1 2
+1 1
+2 26
+1 12
+46 1
-42 2
+8 3
+1 2
+2 1
+2 3
+2 1
-4 1
+5 1
-1 2
+14 2
+1 2
+1 3
-25 1
+36 2
+2 1
-2 1
+2 2
-2 1
+1 2
+1 1
-1 2
+1 1
cfi=(50)
cfn=(236)
calls=1 186 
* 25345
+10 1
+1 1
-1 1
+1 1
+3 2
837 1
fi=(319) ./elf/../sysdeps/unix/sysv/linux/dl-osinfo.h
39 2
fe=(2)
839 1
fi=(319)
52 1
fe=(2)
848 1
+7 1
-5 1
2047 3
2246 2
+4 1
-4 1
+10 1
-6 1
+6 1
-6 1
+9 2
+8 2
fi=(31)
36 2
+1 3
+3 3
+13 9
-13 6
+9 12
-9 1
+9 28
+4 24
-16 21
+34 1
fe=(2)
2279 1
fi=(31)
71 1
cfi=(76) ./elf/../sysdeps/x86_64/dl-cet.c
cfn=(260) _dl_cet_check
calls=1 361 
* 55
fe=(2)
2282 1
-3 2
+5 1
-2 2
+2 2
+1 6
cfi=(77) ./elf/./elf/dl-reloc.c
cfn=(262) _dl_relocate_object
calls=1 207 
* 76590
85 2
2292 1
85 2
2292 1
+1 20
+2 14
+5 14
+2 14
+6 7
+2 14
+1 48
cfi=(77)
cfn=(262)
calls=6 207 
* 1662430
+4 20
+1 6
-23 3
+23 3
cfi=(46)
cfn=(438) _dl_add_to_slotinfo
calls=3 1017 
* 84
-23 7
92 3
+1 1
2325 1
93 1
2325 1
+4 4
+2 1
+7 4
cfi=(46)
cfn=(528) _dl_allocate_tls_init
calls=1 523 
* 306
+3 2
+4 3
+2 2
+33 3
cfi=(169) ./elf/./elf/dl-call-libc-early-init.c
cfn=(552) _dl_call_libc_early_init
calls=1 27 
* 603
+7 1
cfi=(9)
cfn=(568) _dl_sysdep_start_cleanup
calls=1 147 
* 2
+3 3
cfi=(48)
cfn=(570)
calls=1 41 
* 11
+4 2
cfi=(45)
cfn=(196) _dl_debug_update
calls=1 38 
* 7
+1 1
-1 1
+2 1
cfi=(45)
cfn=(150)
calls=1 116 
* 2
+1 1
+4 1
cfi=(67) ./elf/./elf/dl-cache.c
cfn=(572) _dl_unload_cache
calls=1 525 
* 19
+5 8
2304 1
+1 1
-3 2
226 2
-2 1
+1 1
1773 1
+6 1
-6 2
+6 1
fi=(3)
56 5
+3 4
fi=(34) ./elf/../sysdeps/unix/sysv/linux/dl-vdso.h
-19 2
+1 5
fi=(35)
-11 1
+3 1
+3 1
+3 1
fi=(34)
+16 2
fi=(3)
+17 3
+12 3
+1 5
+1 5
+1 5
+1 4
+1 5
+1 5
+1 5
+12 2
+7 1
-7 7
+7 2
fe=(2)
1743 4
2357 1
cfi=(163) ./elf/./elf/dl-find_object.c
cfn=(530) _dl_find_object_init
calls=1 561 
* 1041
+5 3
cfi=(7)
cfn=(538) __rtld_malloc_init_real
calls=1 76 
* 3003
+3 1
cfi=(167) ./elf/../sysdeps/nptl/dl-mutex.c
cfn=(546) __rtld_mutex_init
calls=1 30 
* 503
85 1
2371 1
+1 3
85 3
2372 2
cfi=(77)
cfn=(262)
calls=1 207 
* 1871
92 3
+9 3
2687 2
+2 1
+1 1
-1 1
+1 1
+1 1
2040 2
cfn=(246)
calls=1 734 
* 923
* 2
2650 2
+2 2
+1 1
fi=(3)
62 4
+2 4
fe=(2)
1943 10
85 1
1842 2
85 3
1842 2
cfn=(154)
calls=1 869 
* 3084
* 1
92 3
+9 3
1943 6
+1 1
-1 1
+4 3
+1 1
+1 2
+1 2
-7 2

fn=(164)
641 2
+2 1
-2 4
+2 1
+1 2
-1 2
+1 3
cfi=(30)
cfn=(166) _dl_map_object
calls=1 1967 
* 2643
* 1
+2 3

fl=(43) ./string/../sysdeps/x86_64/multiarch/../multiarch/memset-vec-unaligned-erms.S
fn=(130) memset
132 12
+1 60
+5 12
+1 12
+3 5
+1 5
+2 1
+1 1
+1 1
+97 4
+1 4
+12 4
+3 4
+1 4
+12 4
+1 4
+13 4
+1 4
+2 4
+3 3
+3 6
+3 3
+1 3
+1 3
+1 3
+1 3
+1 3
+1 3
-6 90
+1 90
+1 90
+1 90
+1 90
+1 90
+1 90
+3 4
+1 4
+1 4
+1 4
+5 4
+34 7
+2 7
+1 7
+39 7
+1 7
+2 7

fl=(67)
fn=(572)
525 1
+1 4
-1 1
+3 1
-3 1
+3 1
cfi=(140) ./misc/../sysdeps/unix/syscall-template.S
cfn=(574) munmap
calls=1 117 
* 6
+7 1
-6 1
+4 1
+2 1

fn=(214) _dl_load_cache_lookup
403 40
+2 8
+3 12
+69 9
+5 4
205 4
482 8
+3 12
fi=(69) ./elf/../sysdeps/x86/dl-procinfo.h
39 8
+3 12
cfi=(32)
cfn=(94)
calls=4 +56 
* 100
* 16
fe=(67)
208 24
cfi=(11)
cfn=(28)
calls=4 387 
* 92
* 4
+12 4
-10 4
-2 4
+12 8
-7 20
+9 20
+1 4
-32 8
+36 4
-4 4
+4 8
-5 150
+1 30
-32 60
+36 30
-4 30
+4 60
+4 102
cfn=(222) _dl_cache_libcmp
calls=34 357 
* 2690
+1 68
346 30
+3 16
220 32
347 14
220 36
+2 40
+20 8
+3 8
+2 16
cfn=(222)
calls=4 357 
* 320
* 8
-7 8
-30 12
+1 4
fi=(320) ./elf/../sysdeps/x86/dl-isa-level.h
28 8
fe=(67)
210 8
fi=(320)
28 4
fe=(67)
210 4
+1 4
-1 12
+76 12
fi=(320)
28 12
fe=(67)
259 8
+10 12
+1 16
+16 4
fi=(68) ./elf/../sysdeps/generic/dl-cache.h
125 4
fe=(67)
286 12
+9 8
+3 8
+3 4
+1 12
+28 8
500 8
+12 8
cfi=(22)
cfn=(62)
calls=4 57 
* 140
+1 4
-1 4
+1 48
+1 4
-1 4
+1 4
-1 4
+1 4
cfi=(29)
cfn=(82)
calls=4 210 
* 60
* 4
+1 4
cfi=(44)
cfn=(138)
calls=4 40 
* 396
+1 32
411 4
cfi=(52) ./elf/./elf/dl-misc.c
cfn=(216) _dl_sysdep_read_whole_file
calls=1 36 
* 103
* 1
+8 5
+1 8
+3 3
+1 1
-1 3
fi=(68)
194 1
+1 5
fe=(67)
431 1
+1 2

fn=(222)
357 38
+1 38
+32 38
-33 38
+1 84
+2 202
+2 202
-2 404
+20 396
+2 396
-12 164
+2 164
+14 164
+1 164
-29 328
+32 12
-28 8
+6 4
+2 4
-2 4
+1 4
-1 4
+1 4
-1 4
+2 12
+2 4
-3 4
+3 12
+2 8
+9 102

fl=(8)
fn=(14)
25 7
+3 7
-3 7
+3 14
+3 21
+1 14
+2 7
-1 7
+3 21
+1 7
+1 14
+7 7
-5 7
-2 7
+3 14
+2 7
+2 14
+5 7

fl=(29)
fn=(82)
210 37
+1 37
+6 37
+1 37
+2 26
+1 26
+1 26
+2 12
+1 12
+1 12
+2 12
+80 11
+1 11
+2 3
+4 3
+1 3
+1 3
+1 3
+1 3
+4 3
+2 3
+39 8
+1 8
+1 8
+1 8
+1 8
+7 12
+1 12
+1 12
+1 12
+1 12
+1 12
+1 12
+11 14
+1 14
+2 12
+1 12
+1 12
+20 2
+1 2
+4 2
+2 2
+16 2
+3 2
+2 2
+2 2
+4 2
+1 2
+9 2
+1 2
+2 2
+2 2
+1 2
+1 2
+3 2
+2 2
+2 2
+2 2
+6 2
+1 2
+1 2
+1 2
+1 2
+1 2
+1 2
+1 2
+1 2
+1 2
+1 2
+1 2
-11 4
+1 4
+1 4
+1 4
+1 4
+1 4
+1 4
+1 4
+1 4
+1 4
+1 4
+1 4
+2 2
+1 2
+1 2
+1 2
+2 2
+4 2

fn=(126) mempcpy
197 27
+1 27
+1 27
+1 27
+17 27
+1 27
+2 8
+1 8
+1 8
+2 5
+1 5
+1 5
+2 5
+80 19
+1 19
+2 6
+4 6
+1 6
+1 6
+8 6
+39 13
+1 13
+1 13
+1 13
+1 13
+7 3
+1 3
+1 3
+1 3
+1 3
+1 3
+1 3
+11 3
+1 3
+2 3
+1 3
+1 3

fl=(78) ./elf/./elf/dl-lookup.c
fn=(270) _dl_lookup_symbol_x
772 12024
+3 2004
-3 6012
+3 2004
-3 8016
fi=(79) ./elf/../sysdeps/generic/dl-new-hash.h
74 2004
+3 4008
-8 2004
+1 4008
+10 2004
+1 4008
-1 40749
+1 81498
+20 41752
-2 41752
+6 41752
-3 83504
+2 41752
-30 41752
+3 83504
fe=(78)
774 2004
+1 2004
+3 2004
-4 2004
+1 2004
+7 7978
+5 2004
-2 2004
+2 2004
-2 2004
+6 28136
+1 28056
cfn=(274) do_lookup_x
calls=2004 347 
* 728127
* 6012
+28 2004
-23 6012
+23 2004
-23 4008
+24 11912
+7 1988
-7 1988
+35 7952
+34 7952
-20 5964
+3 3976
-57 2004
+76 18036
fi=(79)
87 1001
+1 1001
+1 2002
+1 1001
fe=(78)
871 2
-72 96
+18 48
+11 64

fn=(276) check_match
70 29925
+3 11960
+13 1990
-13 1990
+13 1990
-13 1990
+13 5970
+3 4656
cfi=(32)
cfn=(94)
calls=169 +9 
* 12632
* 338
+4 1990
+1 3980
+2 3974
+19 3974
+1 15896
+2 4
+43 1987
+1 15960
-18 6
+2 6
+1 3
-1 6
+1 9
-1 6
+4 2
+1 7
+2 3
-75 6
+39 5955
cfi=(32)
cfn=(94)
calls=1985 -19 
* 53475
* 3970
-44 20
+5 10

fn=(274)
347 18036
+1 2004
-1 8016
+6 2004
-6 2004
+65 2004
-58 2004
+11 2004
+50 2004
-3 4008
+3 4008
-50 2004
+50 8016
-19 19191
+8 6397
-4 6397
+1 6397
+3 25588
+1 12794
+3 6397
-3 6397
+4 12794
+4 12794
-2 6397
+5 25588
+3 44779
+99 13245
358 12806
+3 12806
+4 12846
+21 12794
+4 12794
+71 15896
fi=(4)
139 3974
+1 5961
fe=(78)
476 3974
fi=(4)
139 2
+1 3
fe=(78)
476 2
fi=(80) ./elf/../sysdeps/generic/dl-protected.h
29 7952
fe=(78)
483 10528
+16 3812
+1 1906
+22 1906
-21 1906
+21 13424
-21 82
+21 574
-99 6429
-1 4286
+2 4286
+2 2141
+6 8564
-6 2141
+6 14987
+7 10245
-10 27010
+2 1995
+1 5985
-1 1995
+1 3990
-1 1995
+1 1995
+1 1995
-1 1995
+1 1995
-1 13965
cfn=(276)
calls=1995 70 
* 184690
+4 5985
+3 16
+31 1233
+2 2
+50 16
-1 16
+1 112
222 82
+2 82
-2 246
+2 82
-2 82
+2 82
-2 82
+2 246
+2 82
-2 246
cfi=(24)
cfn=(86) rtld_mutex_dummy
calls=82 42 
* 246
+2 82
+2 82
-1 82
+1 246
+2 162
+1 81
-1 567
+1 81
-1 162
+1 162
-1 162
+1 162
-1 1640
+24 352
+3 95
+1 285
-23 176
-1 352
487 3909
+4 1
fi=(28)
44 4
cfi=(27)
cfn=(74)
calls=1 +36 
* 41
* 1
fe=(78)
302 2
-72 1
+70 2
+5 1
+2 1
-7 1
+6 1
+1 1
170 12
+1 9
311 6
-1 2
+1 486
-1 162
+19 246
+2 82
-2 328
+2 82
cfi=(24)
cfn=(86)
calls=82 42 
* 246
+2 164
+1 82
-1 82
+1 82
176 518
-2 84
+1 252
-3 332
+7 82
+1 82
+1 82
+1 82
318 328
-56 1377
+7 10
cfi=(52)
cfn=(524) _dl_higher_prime_number
calls=2 87 
* 159
fi=(28)
44 2
fe=(78)
269 2
fi=(28)
44 4
cfi=(27)
cfn=(74)
calls=2 +36 
* 82
* 2
fe=(78)
272 4
171 4
279 2
171 4
279 296
+1 276
+1 140
170 70
281 140
170 70
281 70
170 70
+1 70
-1 70
+1 210
+1 440
+2 14
+1 42
-3 168
+7 70
+3 70
-2 70
+3 70
+76 322
-83 12
285 10
+2 2
-2 10
cfi=(27)
cfn=(142) __minimal_free
calls=2 97 
* 10
170 2
288 2
-2 2
+3 4
-1 2
+1 4
170 4
+1 2
-1 2
+1 8

fl=(24)
fn=(68)
53 3
+3 8
+5 1
-5 1
+5 1
+1 1
-6 1
+8 1

fn=(86)
42 178
+2 356

fn=(256)
68 2
fi=(321) ./elf/../include/list.h
-24 1
fe=(24)
+24 3
fi=(321)
-25 1
fe=(24)
+26 1
+3 1
fi=(321)
-29 1
+1 1
+1 1
+2 1
fe=(24)
+28 4
+1 2
+1 1
+5 2
+5 1
+6 1
-3 1
+3 1
-6 3
+6 1
+12 4
cfi=(11)
cfn=(28)
calls=1 387 
* 24
fi=(75) ./elf/../sysdeps/unix/sysv/linux/rseq-internal.h
-73 3
+8 1
fe=(24)
+81 3
+7 2
+1 3
fi=(75)
-95 7
+3 2
fe=(24)

fl=(65) ./io/../sysdeps/unix/sysv/linux/stat64.c
fn=(210) stat
28 6
+1 12
cfi=(66) ./io/../sysdeps/unix/sysv/linux/fstatat64.c
cfn=(212) fstatat
calls=3 146 
* 28

fl=(9)
fn=(18) _dl_sysdep_parse_arguments
78 1
+2 1
-2 6
+1 1
+1 1
-1 1
+2 2
+2 1
-2 1
+2 2
-1 1
+1 2
-1 47
+1 94
+7 56
fi=(10) ./elf/../sysdeps/unix/sysv/linux/dl-parse_auxv.h
-49 1
fe=(9)
+45 1
fi=(10)
-54 1
fe=(9)
+54 1
fi=(10)
-54 1
+1 1
+1 1
+7 3
+1 44
+1 22
-2 22
+2 22
-2 67
fe=(9)
+52 3
+1 1
+1 2
fi=(10)
-49 1
+1 1
fe=(9)
+46 1
fi=(10)
-45 1
+3 1
+1 1
+1 1
+1 1
+2 1
-5 1
-4 1
+1 1
+4 1
+1 1
+3 1
-7 1
-4 1
+1 1
+8 1
fe=(9)
+40 1
-1 1
+2 1
+1 6

fn=(16)
102 5
+4 1
-4 1
+1 1
+3 1
cfn=(18)
calls=1 -28 
* 438
+4 2
cfi=(11)
cfn=(22)
calls=1 261 
* 29672
+3 1
cfi=(13) ./elf/./elf/dl-sort-maps.c
cfn=(26) _dl_sort_maps_init
calls=1 289 
* 38
+2 2
cfi=(14) ./elf/../sysdeps/unix/sysv/linux/brk.c
cfn=(30) brk
calls=1 -79 
* 8
fi=(6)
220 1
cfi=(15) ./elf/../sysdeps/x86/dl-get-cpu-features.c
cfn=(34) _dl_x86_init_cpu_features
calls=1 37 
* 7349
fe=(9)
-98 3
+1 1
cfi=(22)
cfn=(62)
calls=1 -66 
* 17
* 1
+2 2
cfi=(23) ./elf/../misc/sbrk.c
cfn=(64) sbrk
calls=1 -88 
* 16
* 3
+12 3
+3 5
cfi=(2)
cfn=(66)
calls=1 1346 
* 1809493
+3 4

fn=(568)
147 1
+1 1

fl=(32)
fn=(94)
98 2493
+33 2493
+1 2493
+2 2493
+1 2493
+21 2493
+1 2493
+1 2266
+1 2266
+1 2183
+1 2183
+1 2183
+1 2183
+17 2183
+1 2183
+1 2183
+1 2183
+1 2183
+1 2183
+1 2183
+5 63
+1 189
+9 63
+1 63
+1 63
+1 63
+1 63
+1 63
+1 63
+1 63
-7 310
+1 310
+1 310
+1 310
+1 310
+1 310
+1 310
+1 310
+1 287
+1 127
+1 127
+1 127
+2 127
+1 127
+1 127
+1 127
+1 127
+1 127
-5 160
+1 160
+1 160
+1 160
+1 160
+1 160
+10 86
+1 86
+1 86
+2 86
+6 86
+1 86
+1 86
+1 86
+1 86
+5 86
+2 75
+1 75
+1 150
+8 75
+1 75
+3 75
+1 75
+1 75
+1 75
+1 75
+1 75
+6 1
+1 1
+1 1
+3 1
+1 1
+1 1
+1 1
+1 1
+1 1
+15 6
+1 6
+1 6
+1 6
+1 6
+2 6
+1 6
+1 6
+1 6
+1 6
+1 6
+1 6
+1 6
+3 6
+1 6
+1 6
+6 6
+1 6
+1 12
+4 6
+1 6
+3 6
+1 6
+1 6
+2 6
+1 6
+1 6
+4 6
+1 6
+1 6
+1 6
+1 6
+1 6
542 2
+1 2
+1 2
+1 2
+1 2
+2 2
+1 2
+1 2
+1 2
+1 2
+1 2
+1 2
+1 2
+4 2
+1 2
+1 2
+6 2
+1 2
+1 4
+4 2
+1 2
-1 2
+1 2
+3 4
+1 4
+1 4
+2 4
+1 4
+1 4
+4 4
+1 4
+1 4
+1 4
+1 4
+1 4
+7 3
+1 3
+2 3
+1 3
+2 3
+1 3
+1 3
+2 3
+1 3
+1 3
+4 3
+1 3
+1 3
+1 3
+1 3
+1 3
+7 2
+1 2
+1 2
+32 2
+1 2
+1 2
+1 2
+1 2
+2 2
+1 2
+1 2
+1 2
+1 2
+1 2
+1 2
+1 1
+4 1
+1 1
+1 1
+6 1
+1 1
+1 2
+4 1
+1 1
+3 1
+1 1
+1 1
+2 1
+1 1
+1 1
+4 1
+1 1
+1 1
+1 1
+1 1
+1 1
+69 11
+1 11
+1 11
+1 11
+1 11
+2 11
+1 11
+1 11
+1 11
+1 11
+1 11
+1 11
+1 10
+4 10
+1 10
+1 10
+6 10
+1 10
+1 20
+4 10
+1 10
-1 6
+1 6
+3 16
+1 16
+1 16
+2 16
+1 16
+1 16
+4 16
+1 16
+1 16
+1 16
+1 16
+1 16
+7 9
+1 9
+2 9
+1 9
+2 9
+1 9
+1 9
+2 9
+1 9
+1 9
+4 9
+1 9
+1 9
+1 9
+1 9
+1 9
+7 6
+1 6
+1 6
+32 7
+1 7
+1 7
+1 7
+1 7
+2 7
+1 7
+1 7
+1 7
+1 7
+1 7
+1 7
+1 6
+4 6
+1 6
+1 6
+6 6
+1 6
+1 12
+4 6
+1 6
+3 6
+1 6
+1 6
+2 6
+1 6
+1 6
+4 6
+1 6
+1 6
+1 6
+1 6
+1 6
+7 1
+1 1
+2 1
+1 1
+2 1
+1 1
+1 1
+2 1
+1 1
+1 1
+4 1
+1 1
+1 1
+1 1
+1 1
+1 1
+41 10
+1 10
+1 10
+1 10
+1 10
+2 10
+1 10
+1 10
+1 10
+1 10
+1 10
+1 10
+1 9
+4 9
+1 9
+1 9
+6 9
+1 9
+1 18
+4 9
+1 9
-1 5
+1 5
+3 14
+1 14
+1 14
+2 14
+1 14
+1 14
+4 14
+1 14
+1 14
+1 14
+1 14
+1 14
+7 7
+1 7
+2 7
+1 7
+2 7
+1 7
+1 7
+2 7
+1 7
+1 7
+4 7
+1 7
+1 7
+1 7
+1 7
+1 7
+7 5
+1 5
+1 5
+32 23
+1 23
+1 23
+1 23
+1 23
+2 23
+1 23
+1 23
+1 23
+1 23
+1 23
+1 23
+1 11
+4 11
+1 11
+1 11
+6 11
+1 11
+1 22
+4 11
+1 11
-1 7
+1 7
+3 18
+1 18
+1 18
+2 18
+1 18
+1 18
+4 18
+1 18
+1 18
+1 18
+1 18
+1 18
+7 10
+1 10
+2 10
+1 10
+2 10
+1 10
+1 10
+2 10
+1 10
+1 10
+4 10
+1 10
+1 10
+1 10
+1 10
+1 10
+7 7
+1 7
+1 7
+32 36
+1 36
+1 36
+1 36
+1 36
+2 36
+1 36
+1 36
+1 36
+1 36
+1 36
+1 36
+1 21
+4 21
+1 21
+1 21
+6 21
+1 21
+1 42
+4 21
+1 21
-1 3
+1 3
+3 24
+1 24
+1 24
+2 24
+1 24
+1 24
+4 24
+1 24
+1 24
+1 24
+1 24
+1 24
+7 7
+1 7
+2 7
+1 7
+2 7
+1 7
+1 7
+2 7
+1 7
+1 7
+4 7
+1 7
+1 7
+1 7
+1 7
+1 7
+7 3
+1 3
+1 3
+32 47
+1 47
+1 47
+1 47
+1 47
+2 47
+1 47
+1 47
+1 47
+1 47
+1 47
+1 47
+1 43
+4 43
+1 43
+1 43
+6 43
+1 43
+1 86
+4 43
+1 43
-1 2
+1 2
+3 45
+1 45
+1 45
+2 45
+1 45
+1 45
+4 45
+1 45
+1 45
+1 45
+1 45
+1 45
+7 4
+1 4
+2 4
+1 4
+2 3
+1 3
+1 3
+2 3
+1 3
+1 3
+4 3
+1 3
+1 3
+1 3
+1 3
+1 3
+7 2
+1 2
+1 2
+4 1
+1 1
+1 1
+1 1
+13 1
+1 1
+1 1
+1 1
+9 28
+1 28
+1 28
+1 28
+1 28
+2 28
+1 28
+1 28
+1 28
+1 28
+1 28
+1 28
+1 14
+4 14
+1 14
+1 14
+6 14
+1 14
+1 28
+4 14
+1 14
-1 6
+1 6
+3 20
+1 20
+1 20
+2 20
+1 20
+1 20
+4 20
+1 20
+1 20
+1 20
+1 20
+1 20
+7 9
+1 9
+2 9
+1 9
+2 9
+1 9
+1 9
+2 9
+1 9
+1 9
+4 9
+1 9
+1 9
+1 9
+1 9
+1 9
+7 6
+1 6
+1 6
+32 34
+1 34
+1 34
+1 34
+1 34
+2 34
+1 34
+1 34
+1 34
+1 34
+1 34
+1 34
+1 13
+4 13
+1 13
+1 13
+6 13
+1 13
+1 26
+4 13
+1 13
-1 6
+1 6
+3 19
+1 19
+1 19
+2 19
+1 19
+1 19
+4 19
+1 19
+1 19
+1 19
+1 19
+1 19
+7 10
+1 10
+2 10
+1 10
+2 10
+1 10
+1 10
+2 10
+1 10
+1 10
+4 10
+1 10
+1 10
+1 10
+1 10
+1 10
+7 6
+1 6
+1 6
+4 1
+1 1
+1 1
+1 1
+7 1
+1 1
+1 1
+16 25
+1 25
+1 25
+1 25
+1 25
+2 25
+1 25
+1 25
+1 25
+1 25
+1 25
+1 25
+1 19
+4 19
+1 19
+1 19
+6 19
+1 19
+1 38
+4 19
+1 19
-1 3
+1 3
+3 22
+1 22
+1 22
+2 22
+1 22
+1 22
+4 22
+1 22
+1 22
+1 22
+1 22
+1 22
+7 5
+1 5
+2 5
+1 5
+2 5
+1 5
+1 5
+2 5
+1 5
+1 5
+4 5
+1 5
+1 5
+1 5
+1 5
+1 5
+7 3
+1 3
+1 3
+32 24
+1 24
+1 24
+1 24
+1 24
+2 24
+1 24
+1 24
+1 24
+1 24
+1 24
+1 24
+1 15
+4 15
+1 15
+1 15
+6 15
+1 15
+1 30
+4 15
+1 15
-1 6
+1 6
+3 21
+1 21
+1 21
+2 21
+1 21
+1 21
+4 21
+1 21
+1 21
+1 21
+1 21
+1 21
+7 7
+1 7
+2 7
+1 7
+2 7
+1 7
+1 7
+2 7
+1 7
+1 7
+4 7
+1 7
+1 7
+1 7
+1 7
+1 7
+7 6
+1 6
+1 6
+32 32
+1 32
+1 32
+1 32
+1 32
+2 32
+1 32
+1 32
+1 32
+1 32
+1 32
+1 32
+2 16
+4 16
+1 16
+1 16
+6 16
+1 16
+2 32
+4 16
+1 16
-1 6
+1 6
+3 22
+1 22
+1 22
+2 22
+1 22
+1 22
+4 22
+1 22
+1 22
+1 22
+1 22
+1 22
+7 9
+1 9
+2 9
+1 9
+2 9
+1 9
+1 9
+2 9
+1 9
+1 9
+4 9
+1 9
+1 9
+1 9
+1 9
+1 9
+7 6
+1 6
+1 6
+27 1
+1 1
+1 1
+1 2
+4 1
+2 1
+1 1
+1 1
+1 1
-5 260
+2 260
+1 260
+1 260
+1 260
-3 112
+1 112
+1 112
+1 112
+1 254
+5 127
+6 127
+1 127
+8 127
+1 127
-16 2366
+6 2366
+1 2366
+8 2366
+1 2366

fn=(244) strncmp
98 1
+27 1
+1 1
+1 1
+1 1
+1 1
+2 1
+1 1
+2 1
+1 1
+21 1
+1 1
+1 1
+1 1
+1 1
+1 1
+1 1
+1 1
+17 1
+1 1
+1 1
+1 1
+1 1
+1 1
+1 1
2104 1
+3 1
+1 1
+2 1
+1 1
+8 1
+1 1

fl=(315) ./elf/../sysdeps/x86_64/tls_get_addr.S
fn=(3666) __tls_get_addr
29 2
+1 2
+1 2
+2 2
+1 2
+1 2
+3 2
+1 2
+4 2
+1 2
+1 2
+1 2

fl=(163)
fn=(534) _dlfo_process_initial
474 2
+3 2
-3 6
+1 2
+3 4
+26 14
+1 6
+1 14
-1 28
+3 52
+3 48
-7 10
+27 2
-2 2
+2 6
-18 36
+3 12
-1 12
cfi=(164) ./elf/./dl-find_object.h
cfn=(532) _dl_find_object_from_map
calls=6 95 
* 373
+2 24

fn=(536) _dlfo_sort_mappings
536 1
+1 2
+3 4
+4 1
+1 1
-1 1
+1 2
-1 4
+1 4
-1 4
+1 18
+1 75
+3 5
-1 5
-3 45
+8 15
+1 10
-1 5
-13 10
+14 15
+1 10
-15 10
+17 1

fn=(530)
561 2
+3 1
-3 3
+5 2
+13 1
cfn=(534)
calls=1 474 
* 129
+1 1
-1 1
+1 1
fi=(28)
56 1
cfi=(27)
cfn=(78)
calls=1 -20 
* 30
fe=(163)
580 1
fi=(28)
56 1
fe=(163)
582 2
+3 2
+5 1
+1 1
cfn=(534)
calls=1 474 
* 526
+3 3
+10 4
-37 2
cfi=(164)
cfn=(532)
calls=1 95 
* 68
* 1
+29 2
cfn=(536)
calls=1 -60 
* 248
+3 6
+2 1

fl=(62) ./io/../sysdeps/unix/sysv/linux/close_nocancel.c
fn=(194) __GI___close_nocancel
25 6
+1 24
+1 6

fl=(27)
fn=(74)
80 17
+4 17
-4 68
+7 17
+1 51
fi=(28)
-32 17
cfi=(27)
cfn=(78)
calls=17 -20 
* 672
fe=(27)

fn=(78)
36 336
+1 126
+11 123
+3 41
-3 41
+3 82
-3 2
+3 1
-3 1
+3 158
+19 42
+1 42
+2 252
-17 12
+1 6
+2 3
+1 21
cfi=(57) ./misc/../sysdeps/unix/sysv/linux/mmap64.c
cfn=(182) mmap
calls=3 -13 
* 78
* 3
+2 6
+2 12
cfi=(58)
cfn=(184)
calls=3 -31 
* 61
+1 9
+2 2
+4 2
-4 4
-24 1
-1 1
+1 1
+1 2
-2 2
+28 1
-3 2
+4 2

fn=(142)
97 3
+2 12

fl=(76)
fn=(260)
361 8
-76 1
-10 2
+2 2
-1 1
+6 1
+3 1
+8 1
-11 1
+1 1
-1 1
+1 1
-1 1
+1 1
+10 4
+3 1
+4 2
+2 2
-1 1
+2 2
+2 2
-1 2
+4 1
+2 1
+3 2
145 2
+12 2
+16 1
+6 1
363 6

fn=(580) _dl_cet_setup_features
331 1
+3 2
+16 1

fl=(66)
fn=(212)
146 6
-55 6
+70 7
+1 1
-2 4
+1 4

fl=(30)
fn=(136) expand_dynamic_string_token
385 18
241 4
385 2
241 2
cfi=(41) ./string/../sysdeps/x86_64/multiarch/../multiarch/strchr-sse2.S
cfn=(118) index
calls=2 32 
* 72
+3 4
410 2
-11 2
+11 12
-11 2
cfi=(44)
cfn=(138)
calls=2 40 
* 180

fn=(132) fillin_rpath.isra.0
468 9
+4 1
-4 8
+6 3
cfi=(7)
cfn=(134) strsep
calls=1 239 
* 240
* 3
cfi=(7)
cfn=(134)
calls=1 239 
* 8
* 6
+7 2
+2 3
cfn=(136)
calls=1 -98 
* 125
* 1
+4 2
+5 2
cfi=(22)
cfn=(62)
calls=1 57 
* 17
* 1
+1 2
+7 5
+9 15
+1 8
fi=(28)
50 2
cfi=(27)
cfn=(142)
calls=1 +47 
* 5
+1 1
fe=(30)
528 4
+4 4
fi=(28)
56 1
cfi=(27)
cfn=(78)
calls=1 -20 
* 30
* 1
fe=(30)
534 2
+5 1
+1 2
-1 1
-1 1
+2 1
cfi=(29)
cfn=(126)
calls=1 197 
* 13
+3 1
-3 1
+1 1
+2 1
+6 1
+1 1
-1 3
+1 5
+1 1
-1 1
+1 1
-1 3
+1 1
-1 2
+1 1
+2 2
+1 3
+1 1
+6 2
+1 1
+3 3
-60 2
-22 2
+88 1
+3 8
-24 2

fn=(208) open_path
1812 32
+1 4
-1 12
+1 4
+6 8
+5 68
+67 8
-74 4
+7 12
+57 4
-65 4
+65 4
+10 8
-64 8
+8 24
+7 8
-11 4
+12 4
-1 16
cfi=(29)
cfn=(126)
calls=4 197 
* 52
+1 40
+50 6
-2 12
-48 44
+3 24
+5 42
cfi=(29)
cfn=(126)
calls=6 197 
* 78
* 24
cfi=(29)
cfn=(126)
calls=6 197 
* 78
+3 12
+6 18
+3 42
cfn=(170) open_verify.constprop.0
calls=6 1572 
* 336
* 6
+2 18
+2 6
+93 36
-88 6
+1 21
+6 3
+2 6
-2 6
+2 3
cfi=(65)
cfn=(210)
calls=3 28 
* 46
* 3
+3 3
-3 6
+1 2
+9 8
+2 1
-2 2
+2 6
+44 32
+6 8
-2 4
+2 8
+3 12
1822 8
+2 8

fn=(176) _dl_map_object_from_fd
944 50
+15 5
-15 10
+15 5
-15 10
+15 10
+77 20
+10 10
+7 35
cfi=(26)
cfn=(72)
calls=5 59 
* 1914
* 5
+1 10
+11 5
+5 5
-4 5
-1 5
+2 5
+2 5
-2 5
+2 10
+1 15
+1 8
+19 8
-2 4
+2 42
-2 1
+2 55
+10 5
-10 5
+10 15
+27 5
-33 5
-3 5
+2 5
-1 5
+35 5
+9 5
-50 5
+41 5
+9 5
-36 5
+63 25
-62 200
+26 140
+8 40
+1 20
-1 20
+1 80
+1 20
-1 20
+1 20
+2 20
-2 20
+2 20
+2 20
-4 20
+1 20
+3 20
-4 20
+4 100
+2 40
+13 40
+1 75
+5 15
+1 135
-28 30
-35 45
+62 5
+1 45
-28 10
-35 120
+1 307
1213 5
1100 5
1213 10
1100 15
1218 35
+10 15
+1 5
-1 5
+1 5
-1 15
+1 15
-1 15
+1 15
-1 45
1066 10
1235 10
+10 20
+7 20
fi=(59) ./elf/./dl-map-segments.h
28 5
fe=(30)
1252 15
fi=(59)
28 10
+1 40
cfi=(57)
cfn=(182)
calls=5 +18 
* 140
+73 10
-1 5
-72 5
+73 5
+3 10
+1 5
+2 5
-3 5
+1 5
+2 5
+17 5
-44 5
fi=(60) ./elf/./dl-load.h
+10 40
fi=(59)
+58 80
+6 5
+2 5
-2 5
+1 5
+2 10
-1 10
+3 10
+5 10
+3 15
+8 30
cfi=(43)
cfn=(130)
calls=5 -44 
* 763
* 5
+6 10
+12 20
-59 120
+2 60
+2 120
cfi=(57)
cfn=(182)
calls=15 -92 
* 315
* 30
fe=(30)
1264 5
fi=(56) ./elf/../sysdeps/posix/dl-fileid.h
37 10
cfi=(55) ./io/../sysdeps/unix/sysv/linux/fstat64.c
cfn=(178) fstat
calls=5 -7 
* 30
* 10
fe=(30)
989 10
fi=(56)
40 15
fe=(30)
989 5
fi=(56)
40 5
fe=(30)
989 80
+1 40
fi=(56)
49 60
fe=(30)
1519 45
1074 13
+1 2
-1 1
+1 1
-1 1
+1 1
cfi=(70) ./io/../sysdeps/unix/sysv/linux/pread64_nocancel.c
cfn=(226) __pread64_nocancel
calls=1 25 
* 7
* 2
+46 2
+1 1
-15 10
+7 5
+2 5
-2 5
+1 5
+1 5
-1 10
+1 40
+60 9
+5 3
-1 6
+5 3
-5 6
-66 3
+71 12
+1 3
+3 3
-3 3
+8 12
+15 10
+1 5
1008 10
1268 20
+1 15
fi=(61) ./elf/./elf/get-dynamic-info.h
39 10
+6 5
-2 5
+11 5
+1 5
-10 10
+8 6
+15 6
-23 24
+23 132
-23 528
+4 276
+3 37
-1 74
+3 124
+1 104
+1 25
+16 20
+12 17
+1 20
+1 20
+1 20
+1 17
+1 19
+1 19
+1 20
+12 5
+7 5
-7 35
+7 11
+5 8
+7 8
+1 15
+6 15
+1 6
+17 15
+5 4
+2 4
+2 4
+2 4
+4 15
+2 9
+1 6
+9 6
+6 6
+4 10
fe=(30)
1275 10
+1 10
+2 10
+10 15
+19 15
+2 30
+52 15
+1 6
+6 45
+1 100
+6 20
cfn=(88)
calls=5 868 
* 372
-7 125
+1 60
+6 60
-6 120
fi=(31)
149 20
fe=(30)
1380 10
cfi=(62)
cfn=(194)
calls=5 25 
* 30
* 10
+13 10
+2 20
+2 10
+16 10
cfi=(8)
cfn=(14)
calls=5 25 
* 135
+4 10
+1 10
+17 10
+1 1
+3 1
+5 1
-5 1
+5 1
-5 4
+5 4
-5 4
+5 4
+5 10
+12 40
+10 10
+1 12
+5 6
cfi=(46)
cfn=(224) _dl_assign_tls_modid
calls=3 125 
* 36
+7 15
cfi=(26)
cfn=(84)
calls=5 31 
* 295
+3 10
+4 10
cfi=(45)
cfn=(196)
calls=5 38 
* 35
* 5
+1 15
+22 35
+1 15
cfi=(48)
cfn=(198)
calls=5 77 
* 25
* 5
fi=(60)
92 16
+2 4
-1 4
+1 4
-1 4
+1 4
-1 4
+1 4
-1 8
+3 16
fi=(61)
-37 20
+3 20
+2 20
181 6
-22 4
fe=(30)
1510 10
1074 2
fi=(59)
186 16
cfi=(57)
cfn=(182)
calls=2 47 
* 42
+3 4
fe=(30)
1462 12
+2 3
-1 15
+1 3
-1 3
+1 3
-1 3
cfi=(32)
cfn=(94)
calls=3 98 
* 75
* 6
+2 5
1275 4

fn=(106)
706 11
+14 1
-14 2
+14 2
cfi=(37) ./elf/./elf/dl-hwcaps.c
cfn=(108) _dl_important_hwcaps
calls=1 172 
* 1244
fi=(28)
56 1
fe=(30)
720 1
fi=(28)
56 1
cfi=(27)
cfn=(78)
calls=1 -20 
* 30
fe=(30)
725 1
+2 3
+8 2
-1 3
+5 3
fi=(28)
56 1
cfi=(27)
cfn=(78)
calls=1 -20 
* 30
fe=(30)
739 1
+2 4
+7 1
+8 1
+2 1
+12 2
-23 1
+9 1
+11 1
-4 1
-5 1
+3 2
+7 2
+2 2
-11 1
+11 3
-8 1
+4 1
+1 3
+1 16
cfi=(43)
cfn=(130)
calls=4 132 
* 56
+2 15
-14 3
+10 3
+4 9
-12 3
-2 3
+2 3
+4 3
-3 3
+3 3
+1 3
-2 3
+5 9
+1 6
+3 1
+15 1
-8 1
+5 1
-6 1
+9 2
+2 4
+2 3
+36 5
+2 2
cfi=(22)
cfn=(62)
calls=1 57 
* 17
* 9
-19 1
-2 1
+2 2
+19 9
cfi=(29)
cfn=(82)
calls=1 210 
* 11
* 1
+5 4
-1 2
+2 1
+1 2
-2 4
+1 13
+1 26
-2 52
+5 1
fi=(28)
56 1
cfi=(27)
cfn=(78)
calls=1 -20 
* 30
fe=(30)
836 1
fi=(28)
56 1
fe=(30)
838 2
+6 6
cfn=(132)
calls=1 468 
* 581
+3 3
+6 1
+4 8
-35 2
+5 2

fn=(88)
868 6
+8 6
-8 12
+8 6
-6 6
+12 12
-13 6
+13 6
-13 6
+13 12
+3 18
+1 12
+1 12
+3 18
+1 18
+4 6
+1 12
+22 6
+2 6
-2 12
+2 18
-20 18
+1 9
+3 18
+3 9
+1 36
fi=(31)
95 36
+7 18
+16 9
-3 18
254 12
+1 6
+2 24
+3 6
-8 6
+5 3
-4 3
+4 9
+3 3
-2 3
fe=(30)

fn=(204) _dl_dst_count
238 24
+3 12
-3 60
+7 12
-7 24
+3 12
cfi=(41)
cfn=(118)
calls=12 32 
* 384
+3 24
+20 108

fn=(166)
1967 156
+8 26
+1 52
+3 272
+5 357
+2 153
cfi=(52)
cfn=(168) _dl_name_match_p
calls=51 68 
* 5068
* 102
+4 86
+1 129
+4 22
-1 110
+1 22
+1 22
-1 22
+1 44
cfi=(32)
cfn=(94)
calls=22 98 
* 550
* 44
2270 122
2011 15
-1 10
+9 5
-50 5
+50 10
+17 10
-2 5
+2 5
cfi=(41)
cfn=(118)
calls=5 32 
* 120
* 10
2202 2
-1 3
cfn=(136)
calls=1 385 
* 175
+6 1
-7 1
+1 1
+2 2
+4 7
cfn=(170)
calls=1 1572 
* 106
+3 2
-3 1
+3 1
+12 4
+45 1
+1 5
-1 1
+1 8
cfn=(176)
calls=1 944 
* 1940
-1 4
+1 20
-1 4
+1 32
cfn=(176)
calls=4 944 
* 8862
* 15
2040 8
cfi=(22)
cfn=(62)
calls=4 57 
* 68
* 8
+2 8
+7 16
+51 52
cfn=(208)
calls=4 1812 
* 1312
+6 4
-6 4
+6 8
2222 16
+46 8
682 4
2107 4
682 8
+3 2
2135 8
cfi=(67)
cfn=(214)
calls=4 403 
* 5238
* 4
+2 8
+4 8
+31 4
-23 8
+23 28
cfn=(170)
calls=4 1572 
* 461
+4 8
-4 4
+4 4
+1 4
+17 8
2074 20
682 4
2075 4
682 12
2099 8
+1 8
-47 4
+1 4
696 20
2058 15
682 5
2059 5
682 10
+3 2
+3 3
+3 1
+1 1
2073 20
+1 8
688 3
2115 3
+14 6
+2 12
-47 8
691 1
2115 1
+14 2

fn=(170)
1572 110
+32 11
-32 22
+32 22
+19 44
cfi=(53) ./io/../sysdeps/unix/sysv/linux/open64_nocancel.c
cfn=(172) __open_nocancel
calls=11 28 
* 238
* 11
+2 22
+8 5
+1 10
+5 5
-5 5
+5 25
cfi=(54)
cfn=(174)
calls=5 25 
* 30
+2 10
+2 10
+2 10
+6 10
+17 65
+81 10
+5 10
+6 20
+6 10
+6 5
+1 5
-1 15
+1 15
+26 99
-22 13
+1 2
-1 1
+1 1
cfi=(70)
cfn=(226)
calls=1 25 
* 7
* 2
1668 9
-59 12
1777 2

fl=(20) ./elf/../sysdeps/x86/dl-cacheinfo.h
fn=(52) intel_check_word.constprop.0
123 48
-4 72
+10 24
-10 96
+10 48
-10 24
+10 24
-10 24
+10 24
+2 48
+71 48
fi=(21) ./elf/../bits/stdlib-bsearch.h
32 24
fe=(20)
202 120
-71 96
+2 60
+2 120
+8 120
+51 96
+22 48
fi=(21)
28 48
-1 96
+2 216
+2 168
+1 84
fe=(20)
+78 168
+3 324
fi=(21)
-78 264
-6 528
+2 480
+1 240
fe=(20)
+78 480
+15 12
246 144
fi=(21)
37 120
fe=(20)
155 36
+3 36
-6 12
+3 39
+9 18
+23 21
-32 63
+3 63
+4 58
+2 116
+3 84
+1 48
+1 48
+1 30
+2 11
+2 22
+6 14
+3 8
+1 12
-20 15
+12 4
+2 4
+1 4
-2 4
-1 4
+2 8
-2 4
+3 4
-2 12
+2 12
+11 2
-9 12

fn=(56) get_common_cache_info.constprop.0
571 11
+17 1
+1 1
+9 1
-12 1
+2 1
+2 1
+8 1
-11 1
+3 1
+11 2
-5 3
+17 1
+5 3
+4 2
770 5
+1 5
+4 2
+8 1
-1 1
+1 1
+1 1
+1 7
627 5
+3 6
-32 5
+75 4
+8 5
+2 2
-2 1
+6 3
+3 1
+1 5
-4 4
+21 2
-21 4
+2 1
+2 4
-4 1
+6 4
+3 2
+5 1
+2 2
+1 1
+1 1
-2 2
+1 1
-19 4
+46 2
+1 1
+1 2
+1 1
+25 3
630 3
+10 6
+14 2
+4 1
+3 1
+1 1
-4 2
+3 3
+6 4
-37 12
+7 6
-7 3
+7 2
+3 20
+5 2
+4 1
+1 1
-1 2
+1 1
+61 2
+7 1
+2 2
-16 1
+22 1
-6 2
+1 1
+5 1
-30 5

fn=(50) handle_intel.constprop.0
255 24
-5 12
+17 12
-17 96
+11 12
+1 12
+5 36
+4 24
+34 96
-29 12
+3 24
-3 12
+3 36
cfn=(52)
calls=12 123 
* 4092
+2 24
+3 60
cfn=(52)
calls=12 123 
* 1272
+2 24

fl=(53)
fn=(172)
28 24
+3 12
-3 24
+3 72
+8 84
+2 12
-2 18
+2 12

fl=(16) ./elf/../sysdeps/x86/cpu-features.c
fn=(42) update_active.constprop.0
72 8
+4 1
+10 1
+9 1
+9 1
-19 1
-1 1
+29 1
-4 1
-24 1
+9 1
+9 1
+9 1
-28 2
+25 1
-15 1
-9 1
+9 1
+9 1
+9 1
-3 1
+7 1
-13 1
+9 1
+4 2
-22 1
+22 2
-13 1
+6 1
+3 1
+5 1
+12 1
-8 1
-4 1
+7 1
-3 4
+1 1
+2 1
-2 2
+1 3
+5 1
+2 1
-2 4
+1 1
+1 1
-1 2
+1 1
-1 1
+3 2
+1 4
+14 2
356 2
+4 3
fi=(18) ./elf/../sysdeps/unix/sysv/linux/x86/dl-hwcap2.h
25 2
fi=(19) ./elf/../sysdeps/x86/get-isa-level.h
+5 1
-2 1
+2 3
fe=(16)
369 1
+1 8
151 2
+1 2
-1 5
+1 2
+2 3
+90 1
+1 1
-1 2
+17 4
+16 2
+5 1
-1 2
+4 4
+4 2
+4 3
+1 2
+3 1
-1 1
+9 1
-5 1
+2 1
-2 1
+5 1
+51 1
fi=(19)
31 1
fe=(16)
356 2
fi=(19)
32 3
+4 3
fe=(16)
158 4
+3 1
+3 2
+14 1
+2 1
+10 3
-12 1
+12 1
-12 1
+2 2
-2 1
+2 1
+8 1
-8 1
+6 3
+2 1
-2 1
+2 3
+7 5
fi=(19)
39 2
+1 4
-2 1
+7 4
+2 1
+1 2
+3 5
+2 4
+1 2
+1 2
+3 1
-1 1
+1 3
fe=(16)
171 1
-5 2
+4 1

fn=(36) init_cpu_features.constprop.0
682 1
+17 1
-17 7
+3 1
+1 1
+1 1
+3 1
+9 2
+3 6
1001 3
+1 2
+3 2
+1 2
+6 1
+1 1
+1 1
+1 1
fi=(20)
792 1
+1 1
+2 1
+14 2
+85 1
+1 1
+15 1
-5 1
+5 1
-10 1
-6 1
+2 1
+14 1
-15 1
+2 1
-1 1
+2 1
-1 1
+2 1
-1 1
+1 1
+2 1
+1 1
+1 1
+1 1
+35 2
-15 3
+8 2
+27 6
+9 2
+19 2
+8 6
cfi=(11)
cfn=(28)
calls=1 387 
* 23
* 1
+2 2
+3 4
cfi=(11)
cfn=(28)
calls=1 387 
* 23
* 1
+2 2
+3 4
cfi=(11)
cfn=(28)
calls=1 387 
* 23
* 1
+1 5
+16 2
-12 5
cfi=(11)
cfn=(28)
calls=1 387 
* 23
* 1
+1 3
+6 3
+3 1
-3 2
cfi=(11)
cfn=(28)
calls=1 387 
* 23
* 1
+3 5
-3 1
+3 5
cfi=(11)
cfn=(58)
calls=1 153 
* 62
+1 10
cfi=(11)
cfn=(58)
calls=1 153 
* 62
+1 11
cfi=(11)
cfn=(58)
calls=1 153 
* 62
+3 10
cfi=(11)
cfn=(58)
calls=1 153 
* 62
+2 10
cfi=(11)
cfn=(58)
calls=1 153 
* 62
+13 1
+2 1
fe=(16)
-23 1
fi=(20)
+21 1
+3 1
fe=(16)
-24 1
fi=(20)
+26 1
-5 1
+2 1
-2 1
+3 1
fe=(16)
-24 1
fi=(20)
+25 1
+3 1
-1 1
fe=(16)
-27 1
cfi=(11)
cfn=(28)
calls=1 387 
* 22
+3 4
cfi=(11)
cfn=(28)
calls=1 387 
* 24
+6 3
+54 1
-1 1
+1 1
+45 4
cfi=(11)
cfn=(28)
calls=1 387 
* 22
+2 4
cfi=(11)
cfn=(28)
calls=1 387 
* 22
+6 4
cfi=(11)
cfn=(28)
calls=1 387 
* 24
+7 8
fi=(20)
974 12
fe=(16)
+68 1
-1 2
+1 3
+44 3
+27 2
-10 2
+1 2
+2 3
+1 2
+2 3
+1 2
fi=(20)
811 2
cfn=(50)
calls=1 255 
* 455
+1 1
-1 1
+1 1
cfn=(50)
calls=1 255 
* 503
+1 1
-1 1
+1 1
cfn=(50)
calls=1 255 
* 530
+4 1
-4 1
+1 2
+3 1
cfn=(50)
calls=1 255 
* 476
+2 1
-2 1
+2 1
cfn=(50)
calls=1 255 
* 468
+3 1
-3 1
+1 2
+2 1
cfn=(50)
calls=1 255 
* 446
+2 1
-2 1
+2 1
cfn=(50)
calls=1 255 
* 447
+3 1
-2 1
-1 1
+3 1
cfn=(50)
calls=1 255 
* 494
+2 1
-2 1
+2 1
cfn=(50)
calls=1 255 
* 495
+1 1
+2 1
-3 1
+1 1
+2 1
cfn=(50)
calls=1 255 
* 521
+2 1
-2 1
+2 1
cfn=(50)
calls=1 255 
* 522
+2 1
-2 1
+2 1
cfn=(50)
calls=1 255 
* 523
+2 4
-2 1
+2 1
cfn=(56)
calls=1 571 
* 223
+93 1
-6 3
+6 1
-6 2
+6 2
-6 2
+6 2
-1 2
fe=(16)
708 6
cfn=(38) get_common_indices.constprop.0
calls=1 398 
* 74
376 3
+1 2
+1 6
+5 2
713 1
cfn=(42)
calls=1 72 
* 222
+2 1
+2 1
1015 1
715 2
878 2
+7 2
+2 2
+4 2
+6 2
+2 1
706 2
-3 1
384 6
+5 2
+1 7
717 1
fi=(20)
987 1
-48 1
fe=(16)
717 1
fi=(20)
987 2
fe=(16)
717 6
+4 7
+78 1
-25 3
+92 2
+3 2
fi=(20)
+38 1
fe=(16)
-37 1
-89 2
+51 2

fn=(38)
398 3
+4 4
+3 3
+5 2
-5 1
+5 1
-5 1
+4 1
+1 1
+1 4
+1 4
+1 3
+1 2
+7 2
+2 5
+5 1
-5 1
+5 1
-5 1
+5 1
-5 2
+5 1
+7 1
-7 4
+7 1
+1 3
+6 1
-6 4
+6 1
fi=(17) ./elf/../sysdeps/unix/sysv/linux/x86/dl-minsigstacksize.h
24 2
+3 2
+1 2
+37 3
+7 1
+2 1
fe=(16)
457 3

fl=(51)
fn=(162)
31 13
+2 13
+9 13
+1 26
+1 13
+4 13
+1 13
+1 13
+1 13
+1 13
+2 26
+2 13
+1 13
+1 13
+2 26
+2 13
+8 13
+3 13
+1 13
+7 13
+1 13

fl=(14)
fn=(30)
36 1
fi=(322) ./elf/../sysdeps/unix/sysv/linux/brk_call.h
-12 2
fe=(14)
+13 1
+1 2
+6 1
+1 1

fl=(77)
fn=(262)
207 88
+1 16
+12 7
+4 28
-4 7
+6 21
+3 7
-1 7
+1 14
+22 35
+4 8
+7 12
fi=(6)
81 20
+6 8
+4 6
+17 2
-11 2
+11 4
+21 4
+5 8
-2 4
fi=(4)
-53 2
fe=(77)
301 4
fi=(4)
79 4
fe=(77)
301 4
fi=(4)
79 5
fe=(77)
301 10
fi=(4)
79 10
fe=(77)
301 9890
fi=(4)
79 2
fe=(77)
301 2
fi=(4)
79 4
fe=(77)
301 298
-80 14
fi=(6)
393 14
fe=(77)
190 7
+31 7
-31 7
fi=(6)
393 21
fi=(5)
49 7
fe=(77)
301 7
fi=(5)
50 7
+30 7
-31 14
+4 7
-3 7
+3 7
-3 7
+3 21
+27 14
-31 7
fe=(77)
301 7
fi=(5)
50 7
+30 7
-31 14
+4 7
-3 7
+3 7
-3 7
+3 21
+27 14
-7 2
-1 2
+11 16
fi=(6)
514 2224
+4 2224
+3 3336
+1 1112
fi=(5)
83 3336
+2 4448
+11 12
fe=(77)
301 42
fi=(5)
51 7
fi=(4)
+28 35
fi=(6)
730 14
+4 8
fe=(77)
304 35
+24 7
+3 14
+17 21
+2 64
-98 14
+3 6
+7 3
-9 3
+9 6
fi=(6)
81 6
fi=(5)
+33 36
+9 24
+1 4
fi=(6)
498 4
fi=(5)
124 4
fi=(6)
498 8
fi=(5)
124 1030
fi=(6)
498 1030
fi=(5)
124 1030
fi=(6)
498 2060
+5 2068
+1 1034
fi=(5)
123 1034
fi=(6)
504 1034
-5 1034
fi=(5)
123 2068
+3 36
+3 40
+2 36
fe=(77)
+59 12
fi=(5)
73 6
fe=(77)
190 6
fi=(5)
72 6
fe=(77)
190 54
fi=(5)
-57 12
+1 6
+1 6
-2 6
+2 6
+3 6
-5 6
+2 6
-2 6
+1 12
+2 6
-2 6
+2 18
+2 12
-5 7154
+1 3577
+1 3577
-2 3577
+2 3577
+3 3577
-5 3577
+2 3577
-2 3577
+1 7154
+2 3577
-2 3577
+2 10731
+2 7154
+9 3515
fi=(6)
267 7030
+7 7030
+4 7030
fe=(77)
170 14060
fi=(4)
-30 10494
fe=(77)
+31 6996
+3 6996
+8 3748
-8 16824
+12 3728
-3 1864
+1 1864
+2 7476
-3 10
+1 10
+2 1914
+1 1874
-1 1874
+2 3748
-1 7496
+3 11244
cfi=(78)
cfn=(270)
calls=1874 772 
* 1350889
+3 1874
+1 3748
-4 1874
+4 9370
fi=(6)
+93 13979
+3 3485
-3 10472
+3 3502
-3 3502
+5 7014
+25 21090
423 8373
fi=(5)
150 8373
fi=(6)
423 1390
fi=(5)
150 2149
-19 14350
+33 24
+1 72
+1 252
+3 136
+4 68
-1 68
-3 68
+2 136
+2 68
-2 136
fe=(77)
-1 272
fi=(6)
287 68
+3 68
-3 68
+4 136
476 136
+2 68
cfi=(15)
cfn=(550) __x86_cpu_features
calls=1 71 
* 6
cob=(3)
cfi=(162) ./math/../sysdeps/x86_64/fpu/multiarch/s_sincos.c
cfn=(518) sincos
calls=1 26 
* 8
cob=(3)
cfi=(146) ./math/../sysdeps/x86_64/fpu/multiarch/s_sin.c
cfn=(514) sin
calls=1 27 
* 9
cob=(3)
cfi=(161) ./math/../sysdeps/x86_64/fpu/multiarch/e_atan2.c
cfn=(510) __atan2_finite@GLIBC_2.15
calls=1 26 
* 9
cob=(3)
cfi=(160) ./math/../sysdeps/x86_64/fpu/multiarch/e_exp2f.c
cfn=(506) exp2f@@GLIBC_2.27
calls=1 27 
* 9
cob=(3)
cfi=(159) ./math/../sysdeps/x86_64/fpu/multiarch/s_expm1.c
cfn=(502) expm1
calls=1 26 
* 9
cob=(3)
cfi=(156) ./math/../sysdeps/x86_64/fpu/multiarch/e_asin.c
cfn=(498) __asin_finite@GLIBC_2.15
calls=1 27 
* 8
cob=(3)
cfi=(158) ./math/../sysdeps/x86_64/fpu/multiarch/s_fma.c
cfn=(496) fma
calls=1 49 
* 6
cob=(3)
cfi=(157) ./math/../sysdeps/x86_64/fpu/multiarch/s_sinf.c
cfn=(492) sinf
calls=1 26 
* 9
cob=(3)
cfi=(156)
cfn=(488) __acos_finite@GLIBC_2.15
calls=1 35 
* 8
cob=(3)
cfi=(155) ./math/../sysdeps/x86_64/fpu/multiarch/e_log.c
cfn=(484) __log_finite@GLIBC_2.15
calls=1 27 
* 9
cob=(3)
cfi=(154) ./math/../sysdeps/x86_64/fpu/multiarch/s_log1p.c
cfn=(480) __log1p
calls=1 26 
* 9
cob=(3)
cfi=(153) ./math/../sysdeps/x86_64/fpu/multiarch/e_log2f.c
cfn=(476) log2f@@GLIBC_2.27
calls=1 27 
* 9
cob=(3)
cfi=(151) ./math/../sysdeps/x86_64/fpu/multiarch/e_pow.c
cfn=(472) __pow_finite@GLIBC_2.15
calls=1 27 
* 8
cob=(3)
cfi=(150) ./math/../sysdeps/x86_64/fpu/multiarch/e_powf.c
cfn=(468) powf@@GLIBC_2.27
calls=1 30 
* 9
cob=(3)
cfi=(149) ./math/../sysdeps/x86_64/fpu/multiarch/s_sincosf.c
cfn=(464) sincosf
calls=1 26 
* 9
cob=(3)
cfi=(148) ./math/../sysdeps/x86_64/fpu/multiarch/e_log2.c
cfn=(460) log2@@GLIBC_2.29
calls=1 27 
* 9
cob=(3)
cfi=(147) ./math/../sysdeps/x86_64/fpu/multiarch/e_logf.c
cfn=(456) logf@@GLIBC_2.27
calls=1 27 
* 9
cob=(3)
cfi=(146)
cfn=(452) cos
calls=1 34 
* 9
cob=(3)
cfi=(145) ./math/../sysdeps/x86_64/fpu/multiarch/e_expf.c
cfn=(448) expf@@GLIBC_2.27
calls=1 27 
* 9
cob=(3)
cfi=(143) ./math/../sysdeps/x86_64/fpu/multiarch/e_exp.c
cfn=(444) __exp_finite@GLIBC_2.15
calls=1 27 
* 9
cob=(3)
cfi=(141) ./math/../sysdeps/x86_64/fpu/multiarch/s_cosf.c
cfn=(440) cosf
calls=1 26 
* 9
cob=(2) /usr/lib/x86_64-linux-gnu/libc.so.6
cfi=(139) ./string/../sysdeps/x86_64/multiarch/strncase.c
cfn=(432) strncasecmp
calls=1 31 
* 21
cob=(2)
cfi=(138) ./string/../sysdeps/x86_64/multiarch/mempcpy.c
cfn=(428) mempcpy
calls=1 33 
* 22
cob=(2)
cfi=(137) ./wcsmbs/../sysdeps/x86_64/multiarch/wcpcpy.c
cfn=(424) wcpncpy
calls=1 31 
* 18
cob=(2)
cfi=(136) ./string/../sysdeps/x86_64/multiarch/strspn.c
cfn=(422) strspn
calls=1 29 
* 7
cob=(2)
cfi=(134) ./string/../sysdeps/x86_64/multiarch/memchr.c
cfn=(418) memchr
calls=1 29 
* 23
cob=(2)
cfi=(133) ./string/../sysdeps/x86_64/multiarch/memmove.c
cfn=(414) memmove
calls=1 29 
* 22
cob=(2)
cfi=(132) ./string/../sysdeps/x86_64/multiarch/stpcpy.c
cfn=(410) stpcpy
calls=1 33 
* 17
cob=(2)
cfi=(131) ./debug/../sysdeps/x86_64/multiarch/memmove_chk.c
cfn=(406) __memmove_chk
calls=1 29 
* 22
cob=(2)
cfi=(129) ./wcsmbs/../sysdeps/x86_64/multiarch/wmemcmp.c
cfn=(402) wmemcmp
calls=1 29 
* 24
cob=(2)
cfi=(128) ./string/../sysdeps/x86_64/multiarch/strncpy.c
cfn=(398) strncpy
calls=1 29 
* 19
cob=(2)
cfi=(127) ./string/../sysdeps/x86_64/multiarch/strlen.c
cfn=(394) strlen
calls=1 29 
* 25
cob=(2)
cfi=(100) ./wcsmbs/../sysdeps/x86_64/multiarch/wcscat.c
cfn=(390) wcscat
calls=1 31 
* 18
cob=(2)
cfi=(126) ./string/../sysdeps/x86_64/multiarch/strcasecmp_l.c
cfn=(386) strcasecmp_l
calls=1 31 
* 21
cob=(2)
cfi=(125) ./string/../sysdeps/x86_64/multiarch/strcpy.c
cfn=(382) strcpy
calls=1 29 
* 17
cob=(2)
cfi=(123) ./wcsmbs/../sysdeps/x86_64/multiarch/wmemset.c
cfn=(378) wmemset
calls=2 31 
* 20
cob=(2)
cfi=(121) ./string/../sysdeps/x86_64/multiarch/memcmp.c
cfn=(374) bcmp
calls=1 29 
* 24
cob=(2)
cfi=(120) ./string/../sysdeps/x86_64/multiarch/strchrnul.c
cfn=(370) strchrnul
calls=1 31 
* 25
cob=(2)
cfi=(119) ./string/../sysdeps/x86_64/multiarch/strncase_l.c
cfn=(366) strncasecmp_l
calls=1 31 
* 21
cob=(2)
cfi=(117) ./string/../sysdeps/x86_64/multiarch/strcat.c
cfn=(362) strcat
calls=1 29 
* 17
cob=(2)
cfi=(116) ./wcsmbs/../sysdeps/x86_64/multiarch/wcscpy.c
cfn=(360) wcscpy
calls=1 60 
* 16
cob=(2)
cfi=(115) ./string/../sysdeps/x86_64/multiarch/strcspn.c
cfn=(358) strcspn
calls=1 29 
* 7
cob=(2)
cfi=(113) ./string/../sysdeps/x86_64/multiarch/strcasecmp.c
cfn=(354) strcasecmp
calls=1 31 
* 21
cob=(2)
cfi=(112) ./string/../sysdeps/x86_64/multiarch/strncmp.c
cfn=(352) strncmp
calls=1 67 
* 21
cob=(2)
cfi=(110) ./wcsmbs/../sysdeps/x86_64/multiarch/wmemchr.c
cfn=(348) wmemchr
calls=2 31 
* 46
cob=(2)
cfi=(108) ./string/../sysdeps/x86_64/multiarch/stpncpy.c
cfn=(344) stpncpy
calls=1 31 
* 19
cob=(2)
cfi=(107) ./wcsmbs/../sysdeps/x86_64/multiarch/wcscmp.c
cfn=(340) wcscmp
calls=1 30 
* 25
cob=(2)
cfi=(106) ./string/../sysdeps/x86_64/multiarch/strrchr.c
cfn=(336) rindex
calls=1 28 
* 25
cob=(2)
cfi=(104) ./debug/../sysdeps/x86_64/multiarch/memset_chk.c
cfn=(332) __memset_chk
calls=1 29 
* 24
cob=(2)
cfi=(103) ./string/../sysdeps/x86_64/multiarch/strchr.c
cfn=(330) index
calls=1 65 
* 19
cob=(2)
cfi=(100)
cfn=(324) wcschr
calls=2 31 
* 50
cob=(2)
cfi=(98) ./string/../sysdeps/x86_64/multiarch/memcmpeq.c
cfn=(320) memcpy@@GLIBC_2.14
calls=1 29 
* 22
cob=(2)
cfi=(96) ./wcsmbs/../sysdeps/x86_64/multiarch/wcsncpy.c
cfn=(316) wcsncpy
calls=1 31 
* 18
cob=(2)
cfi=(95) ./string/../sysdeps/x86_64/multiarch/memrchr.c
cfn=(312) memrchr
calls=1 29 
* 25
cob=(2)
cfi=(94) ./debug/../sysdeps/x86_64/multiarch/memcpy_chk.c
cfn=(308) __memcpy_chk
calls=1 29 
* 22
cob=(2)
cfi=(92) ./debug/../sysdeps/x86_64/multiarch/mempcpy_chk.c
cfn=(304) __mempcpy_chk
calls=1 29 
* 22
cob=(2)
cfi=(91) ./wcsmbs/../sysdeps/x86_64/multiarch/wcslen.c
cfn=(300) wcslen
calls=1 29 
* 19
cob=(2)
cfi=(89) ./string/../sysdeps/x86_64/multiarch/memset.c
cfn=(296) memset
calls=1 29 
* 24
cob=(2)
cfi=(87) ./wcsmbs/../sysdeps/x86_64/multiarch/wcsnlen.c
cfn=(292) wcsnlen
calls=1 30 
* 19
cob=(2)
cfi=(86) ./string/../sysdeps/x86_64/multiarch/strcmp.c
cfn=(290) strcmp
calls=1 79 
* 19
cob=(2)
cfi=(85) ./string/../sysdeps/x86_64/multiarch/strpbrk.c
cfn=(288) strpbrk
calls=1 29 
* 7
cob=(2)
cfi=(83) ./string/../sysdeps/x86_64/multiarch/strnlen.c
cfn=(284) strnlen
calls=2 31 
* 50
cob=(2)
cfi=(81) ./string/../sysdeps/x86/cacheinfo.c
cfn=(280) __x86_cacheinfo
calls=1 86 
* 28
fi=(5)
165 68
fi=(6)
479 68
fi=(5)
165 145
-14 303
fi=(6)
460 18
+5 12
-1 18
+1 12
-1 6
cfi=(29)
cfn=(82)
calls=6 210 
* 192
+2 30
+1 12
-67 51
+2 68
+4 17
+9 17
-9 34
+9 17
fi=(5)
150 34
fi=(6)
320 101
+3 101
+29 6
+11 2
-9 4
+9 2
fi=(5)
150 4
fi=(6)
346 8
+1 12
fi=(5)
150 8
fi=(6)
287 85
fi=(5)
141 68
+1 68
-1 204
+2 68
fi=(6)
287 340
fe=(77)
175 14614
+3 1624
-1 1624
+19 1624
-18 3248
fi=(6)
295 10
+1 15
+11 10
+7 5
cob=(2)
cfi=(133)
cfn=(414)
calls=1 29 
* 22
cob=(2)
cfi=(86)
cfn=(290)
calls=1 79 
* 19
cob=(2)
cfi=(89)
cfn=(296)
calls=1 29 
* 24
cob=(2)
cfi=(121)
cfn=(374)
calls=1 29 
* 24
cob=(2)
cfi=(127)
cfn=(394)
calls=1 29 
* 25
* 20
fe=(77)
-13 6
+55 35
+3 7
-3 7
+3 7
+4 14
+1 28
cfi=(140)
cfn=(436) mprotect
calls=7 117 
* 42
* 14
-63 9
fi=(5)
180 7
fe=(77)
+10 2
fi=(5)
73 1
fe=(77)
190 3
fi=(6)
436 7
fi=(5)
182 2
+1 2
-1 1
+3 1
-3 4
+3 2
-3 10
+1 10
-1 5
+3 5
-3 20
+3 10
+8 6
fi=(6)
+74 12
+7 12
+4 12
fe=(77)
170 24
fi=(4)
-30 18
fe=(77)
+31 12
+3 12
+8 12
-8 54
+12 12
-3 6
+1 6
+2 36
+4 24
-4 6
+4 18
cfi=(78)
cfn=(270)
calls=6 772 
* 3742
+3 6
+1 12
-4 6
+4 30
fi=(6)
+93 21
+3 3
-3 9
+3 3
-3 3
+5 6
+25 36
423 6
fi=(5)
196 18
-16 24
+31 7
fe=(77)
-33 1622
-3 4866

fl=(164)
fn=(532)
95 14
+1 14
+1 7
+6 35
+1 203
+1 140
+2 21
+5 7

fl=(168) ./elf/./elf/dl-lookup-direct.c
fn=(548) _dl_lookup_direct
74 30
+2 3
-2 6
+4 3
-4 3
+2 3
+2 9
+37 3
-37 9
+1 6
+2 12
+3 25
+2 6
-54 3
+54 3
-54 3
+54 3
-54 9
+1 9
+2 6
+1 6
+12 9
+3 3
+2 6
-2 3
+2 9
cfi=(32)
cfn=(94)
calls=3 +45 
* 209
* 6
+4 6
+1 3
-1 3
+1 18
+1 9
cfi=(32)
cfn=(94)
calls=3 +39 
* 198
* 6
+57 27
-23 6

fl=(42) ./string/../sysdeps/x86_64/multiarch/../multiarch/memcmp-sse2.S
fn=(122) bcmp
59 1
+12 1
+1 1
+22 1
+1 1
+45 1
+1 1
+2 1
+1 1
+2 1
+1 1
+2 1
+1 1
+47 1
+1 1
+1 1
+1 1
+1 1
+1 1

fl=(13)
fn=(234) dfs_traversal.part.0
135 108
+10 12
-2 12
+2 24
+2 36
-7 62
+7 116
+9 24
+15 36
+1 12
+1 78
cfn=(235) dfs_traversal.part.0'2
calls=2 -38 
* 85
-26 10
+9 18

fn=(235)
135 18
+10 2
-2 2
+2 4
+2 8
-7 8
+7 16
+9 4
+15 6
+1 2
+1 12
-17 3

fn=(232) _dl_sort_maps
298 24
+8 2
-8 2
+8 4
+4 16
-99 2
-28 2
-2 2
+1 4
+29 2
-28 8
+1 2
-1 2
+1 2
-1 4
+1 12
-1 12
+1 12
-1 24
+28 30
+8 6
-3 2
+2 2
+1 4
-3 2
+5 44
+2 14
-83 64
cfn=(234)
calls=12 -5 
* 633
+86 40
+18 8
+32 8
+7 2
+27 2
-47 6
cfi=(29)
cfn=(82)
calls=2 -53 
* 38
* 2

fn=(26)
289 2
+1 2
-1 2
+1 2
cfi=(11)
cfn=(28)
calls=1 +97 
* 24
+2 3
-1 1
+2 2

fl=(25)
fn=(70)
28 3
+1 3
+3 56
+13 46
-13 92
+2 96
+1 18
+5 2
-3 2
+3 2
+2 2

fl=(22)
fn=(62)
57 30
+44 30
+1 30
+1 30
+1 30
+1 30
+1 30
+1 30
+2 30
+2 30
+31 29
+1 29
+1 29
+1 29
+1 29
+1 15
+2 15
+4 14
+1 14
+1 14
+1 14
+1 14
+1 14
+1 14
+1 14
+1 14
+1 14
+1 14
+1 14
+5 112
+4 1
+1 14
+1 6
+15 1
+1 1
+1 2
+51 1
+1 1
+1 1
+1 1
+1 1
+1 1
+1 1
+1 1
+16 1
+2 1
+1 14
+2 1
+1 1
+1 1
+2 1

fl=(140)
fn=(574)
117 5
+5 1

fn=(436)
117 35
+5 7

fl=(23)
fn=(64)
37 4
+3 1
-3 2
+21 2
+4 2
+16 5

fl=(307) ./elf/./elf/dl-fini.c
fn=(3538) _dl_fini
26 5
+17 1
-17 6
+20 13
+3 2
cob=(2)
cfi=(308) ./nptl/./nptl/pthread_mutex_lock.c
cfn=(3540) pthread_mutex_lock@@GLIBC_2.2.5
calls=1 +28 
* 44
+2 1
+3 2
+2 5
+7 3
-2 1
+2 1
cfi=(48)
cfn=(570)
calls=1 -22 
* 11
+5 15
+5 1
-5 1
+5 3
+2 14
+2 14
+2 14
+1 7
+1 7
+4 7
-12 21
+14 6
+1 4
+6 6
cfi=(13)
cfn=(232)
calls=1 298 
* 556
+9 2
cob=(2)
cfi=(309) ./nptl/./nptl/pthread_mutex_unlock.c
cfn=(3542) pthread_mutex_unlock@@GLIBC_2.2.5
calls=1 367 
* 34
+5 6
+2 1
+2 2
-2 6
+2 12
+2 28
cfi=(310)
cfn=(3544)
calls=7 -90 
* 9227
+3 14
cfi=(48)
cfn=(3570)
calls=7 -20 
* 35
-9 14
+14 7
-14 21
+18 3
cfi=(48)
cfn=(570)
calls=1 -85 
* 11
* 2
+6 4
+2 1
-2 2
+6 2
+7 8
-77 2

fl=(1) ???
fn=(0) 0x000000000001f540
0 2
cfi=(2)
cfn=(2)
calls=1 517 
0 1847741
0 8
cfi=(76)
cfn=(580)
calls=1 331 
0 4
0 10
cfi=(177) ./elf/./elf/dl-init.c
cfn=(584) _dl_init
calls=1 81 
0 93277
0 3
cob=(8)
cfi=(211)
cfn=(1306) (below main)
calls=1 0 
0 307357140

fl=(187) ./elf/./elf/dl-runtime.c
fn=(644) _dl_fixup
46 1320
+2 600
+1 120
+6 120
fi=(323) ./elf/../sysdeps/x86_64/dl-runtime.h
-27 120
fe=(187)
+21 120
+5 120
+1 120
-6 120
+6 240
+1 120
+2 120
-2 120
+2 120
-2 600
+7 240
+4 240
+4 120
-2 120
+2 240
+4 360
+1 480
+1 360
+8 120
-1 120
+1 240
+10 1200
cfi=(78)
cfn=(270)
calls=120 772 
* 86120
* 120
+4 600
+10 1200
+15 480
+9 360
+26 360
fi=(6)
+75 120
fe=(187)
-71 960
fi=(224) ./elf/../sysdeps/x86_64/dl-irel.h
32 4
cob=(2)
cfi=(134)
cfn=(418)
calls=1 -3 
* 23
cob=(2)
cfi=(121)
cfn=(374)
calls=1 -3 
* 24
cob=(2)
cfi=(127)
cfn=(394)
calls=1 -3 
* 25
cob=(2)
cfi=(98)
cfn=(320)
calls=1 -3 
* 22
fe=(187)
+93 8

fl=(169)
fn=(552)
27 1
+2 2
-2 1
+6 3
-6 3
+6 1
-6 2
+6 1
cfi=(168)
cfn=(548)
calls=1 +41 
* 225
+4 2
+2 3
+2 1
-1 1
-1 1
+2 2
-1 1
cob=(2)
cfi=(170) ./elf/./elf/libc_early_init.c
cfn=(554) __libc_early_init
calls=1 -7 
* 353

fl=(70)
fn=(226)
25 4
+1 8
+1 2

fl=(177)
fn=(586) call_init.part.0
26 84
+17 7
+3 7
-3 14
+3 14
+5 12
+8 18
+1 24
cob=(4)
cfi=(175)
cfn=(630) 0x00000000048e8000
calls=1 -60 
* 7
cob=(4)
cfi=(175)
cfn=(618) 0x0000000004acd000
calls=1 -60 
* 7
cob=(4)
cfi=(175)
cfn=(608) 0x0000000004d1a000
calls=1 -60 
* 7
cob=(4)
cfi=(175)
cfn=(588) 0x000000000483d000
calls=1 -60 
* 7
+3 6
+1 12
+6 10
+2 10
-2 5
+3 48
+1 72
cob=(7)
cfi=(185)
cfn=(1302) 0x00000000000b7a10
calls=1 -74 
* 83
cob=(7)
cfi=(185)
cfn=(1296) 0x00000000000b79b0
calls=1 -74 
* 255
cob=(7)
cfi=(185)
cfn=(1270) 0x00000000000b78f0
calls=1 -74 
* 50
cob=(7)
cfi=(185)
cfn=(1244) 0x00000000000b7830
calls=1 -74 
* 50
cob=(7)
cfi=(185)
cfn=(1226) 0x00000000000b77b0
calls=1 -74 
* 34
cob=(7)
cfi=(185)
cfn=(1208) 0x00000000000b7730
calls=1 -74 
* 34
cob=(7)
cfi=(185)
cfn=(1204) 0x00000000000b76e0
calls=1 -74 
* 173
cob=(7)
cfi=(185)
cfn=(1202) 0x00000000000b76c0
calls=1 -74 
* 83
cob=(7)
cfi=(185)
cfn=(1200) 0x00000000000b76a0
calls=1 -74 
* 83
cob=(7)
cfi=(185)
cfn=(1198) 0x00000000000b7530
calls=1 -74 
* 48
cob=(7)
cfi=(185)
cfn=(1172) 0x00000000000b7400
calls=1 -74 
* 78
cob=(7)
cfi=(185)
cfn=(1116) 0x00000000000b71e0
calls=1 -74 
* 4113
cob=(7)
cfi=(185)
cfn=(1106) 0x00000000000b71c0
calls=1 -74 
* 758
cob=(7)
cfi=(185)
cfn=(1104) 0x00000000000b71b0
calls=1 -74 
* 3
cob=(7)
cfi=(185)
cfn=(1090) 0x00000000000b7120
calls=1 -74 
* 948
cob=(7)
cfi=(185)
cfn=(1084) 0x00000000000b7ae0
calls=1 -74 
* 12
cob=(6)
cfi=(184)
cfn=(624) 0x0000000000005b10
calls=1 -74 
* 12
cob=(2)
cfi=(182) ./libio/./libio/vtables.c
cfn=(606) check_stdfiles_vtables
calls=1 545 
* 12
* 20
cob=(7)
cfi=(185)
cfn=(634) 0x00000000000b74f0
calls=1 -74 
* 85312
cob=(6)
cfi=(184)
cfn=(622) __cpu_indicator_init
calls=1 -74 
* 364
cob=(3)
cfi=(183)
cfn=(612) 0x00000000000104e0
calls=1 -74 
* 12
cob=(2)
cfi=(179) ./csu/./csu/init-first.c
cfn=(598) _init_first
calls=1 -28 
* 72
cob=(5)
cfi=(178)
cfn=(592) 0x0000000000001110
calls=1 -74 
* 12
-1 69
+3 56
-29 2

fn=(584)
81 13
+1 1
+1 1
+3 3
+8 2
+25 1
+1 8
+1 14
-92 14
+6 21
+2 32
+83 12
cfn=(586)
calls=6 -94 
* 93042
* 12
+7 8
-98 2
+60 2
-54 3
+2 7
cfn=(586)
calls=1 -11 
* 77
* 2

fl=(38) ./elf/../sysdeps/x86_64/dl-hwcaps-subdirs.c
fn=(110) _dl_hwcaps_subdirs_active
29 1
fi=(19)
+2 1
fe=(38)
+7 1
fi=(19)
-8 4
fe=(38)
+22 1
fi=(19)
-20 3
+4 1
fe=(38)
+2 1
fi=(19)
-2 2
+3 4
+1 4
+5 1
fe=(38)
-7 1
fi=(19)
+7 3
fe=(38)
-2 1
fi=(19)
+5 2
+3 5
+2 4
+1 2
+1 2
+3 1
fe=(38)
-10 1
fi=(19)
+10 3
fe=(38)

fl=(49)
fn=(156)
32 6
+1 3
+1 2
+5 6
+1 4
+1 4
+1 4
+2 1
+3 3
+1 2
-1 6
+1 4
+3 4
+1 4
+1 4
+1 4
+2 3
+6 1
-1 1
+1 1
+2 2
-1 2
+2 1
+2 6
-5 11
-1 11
+1 11
+2 22
-1 22
+2 11
+2 66
+2 1
+1 3
+1 2
-1 1
+1 1

fl=(52)
fn=(168)
68 812
+1 232
cfi=(32)
cfn=(94)
calls=116 +29 
* 3720
* 232
+3 116
+2 232
+6 113
-6 226
+1 399
cfi=(32)
cfn=(94)
calls=133 +23 
* 4464
* 266
+8 20
-13 20
+13 156
-1 96
+1 288

fn=(216)
36 2
+3 1
-3 7
+3 1
-3 2
+3 1
cfi=(53)
cfn=(172)
calls=1 -11 
* 20
+1 2
+23 8
-21 4
cfi=(55)
cfn=(178)
calls=1 -12 
* 6
* 2
+2 2
+3 2
+13 2
cfi=(62)
cfn=(194)
calls=1 -35 
* 6
* 1
-11 6
cfi=(57)
cfn=(182)
calls=1 -2 
* 26
* 2

fn=(524)
87 2
+38 2
-1 2
+3 2
+2 80
+1 30
+3 7
-6 24
+18 2
+1 2
-15 6

fl=(167)
fn=(546)
30 2
+10 3
-10 3
+10 1
-10 1
+10 1
-10 1
+7 1
+3 2
cfi=(168)
cfn=(548)
calls=1 +34 
* 233
+4 2
+1 8
+2 3
-2 1
+2 3
cfi=(168)
cfn=(548)
calls=1 +27 
* 223
+4 2
+1 7
+1 6

fl=(46)
fn=(248)
97 2
+3 1
-3 3
+3 1
-3 1
+3 1
-3 1
+3 1
-3 1
+3 1
cfi=(11)
cfn=(28)
calls=1 387 
* 23
* 1
+1 4
cfi=(11)
cfn=(28)
calls=1 387 
* 23
+1 1
+2 1
-3 1
+1 2
+2 3
+3 1
+2 1
-26 3
+28 3
+1 6

fn=(528)
523 11
+1 2
+4 1
+6 1
-6 1
+6 1
cfi=(24)
cfn=(86)
calls=1 42 
* 3
+3 3
+12 1
-18 1
+42 3
-19 12
+9 9
+1 6
+6 9
+3 3
-2 3
+2 3
-2 3
+2 12
+4 3
-4 3
+4 3
-1 6
+4 6
+1 12
+2 6
+1 6
+17 3
-8 3
+8 3
+2 12
cfi=(29)
cfn=(126)
calls=3 197 
* 39
* 18
cfi=(43)
cfn=(130)
calls=3 132 
* 52
-49 3
+55 3
-55 12
+6 9
+55 2
cfi=(24)
cfn=(86)
calls=1 42 
* 3
+3 2
+3 9

fn=(250)
216 9
+6 4
+3 2
+36 3
+2 1
-2 1
-2 1
-40 1
-1 1
-1 1
+46 2
+23 9
+3 3
-3 15
+2 6
+6 3
-33 6
+20 3
-20 15
+2 6
+3 3
-1 3
+5 6
-5 3
+1 3
-1 3
+3 6
+2 9
+32 2
-1 1
+53 1
-52 5
+2 2
+51 8

fn=(438)
1017 24
+9 3
-9 3
+6 3
+4 3
+4 9
+34 6
+3 6
+1 9
+3 18

fn=(146)
192 1
+2 2
+1 1
+15 2

fn=(252)
417 7
+2 1
+11 1
+1 1
fi=(28)
56 1
cfi=(27)
cfn=(78)
calls=1 -20 
* 86
fe=(46)
432 2
+8 3
fi=(28)
44 1
fe=(46)
440 2
+5 1
-5 1
+1 1
+4 304
+19 1
-99 1
+4 1
+1 1
fi=(28)
44 1
cfi=(27)
cfn=(74)
calls=1 +36 
* 41
fe=(46)
371 2
+3 1
+6 2
+90 7

fn=(224)
125 3
+16 3
-13 3
-3 9
+3 3
+55 3
-2 3
+5 3
+1 6

fl=(37)
fn=(108)
172 6
+3 1
-3 3
+3 1
-3 5
+2 1
cfi=(38)
cfn=(110)
calls=1 29 
* 49
+1 1
fi=(40) ./elf/./dl-hwcaps.h
43 1
fe=(37)
174 1
fi=(40)
45 2
+32 1
+1 1
+1 1
fe=(37)
-27 2
cfi=(39) ./elf/./elf/dl-hwcaps_split.c
cfn=(114) _dl_hwcaps_split_masked
calls=1 -1 
* 23
* 2
fi=(40)
-9 1
+2 1
-2 1
+34 2
+1 2
+1 1
fe=(37)
-24 2
-1 2
+1 2
+1 2
+1 2
-5 4
cfi=(39)
cfn=(114)
calls=2 -1 
* 130
* 2
cfi=(39)
cfn=(114)
calls=1 -1 
* 125
* 6
+48 4
fi=(28)
-44 2
cfi=(27)
cfn=(78)
calls=1 -20 
* 30
fe=(37)
+46 2
-2 1
+2 1
+3 1
+3 1
fi=(40)
-65 1
+2 1
fe=(37)
+67 1
fi=(40)
-66 1
fe=(37)
+66 2
cfi=(39)
cfn=(120) _dl_hwcaps_split
calls=1 -87 
* 13
* 2
fi=(40)
-69 1
+2 1
-2 1
+34 2
+1 2
+1 1
fe=(37)
+48 10
+1 4
+1 2
+1 2
-1 2
-4 4
cfi=(39)
cfn=(114)
calls=2 -74 
* 130
* 2
cfi=(39)
cfn=(114)
calls=1 -74 
* 125
* 6
+8 3
+9 5
+3 8
-2 6
+14 1
+4 1
+1 1
+1 1
-20 3
+19 1
+1 1
-20 2
+8 2
+4 2
-4 3
+4 2
cfi=(42)
cfn=(122)
calls=1 -96 
* 19
+1 3
-14 8
+47 1
-4 2
+4 2
-3 1
+7 1
-7 2
+7 1
fi=(28)
56 1
cfi=(27)
cfn=(78)
calls=1 -20 
* 30
* 1
fe=(37)
194 2
+8 1
fi=(40)
43 1
fe=(37)
201 1
80 1
fi=(40)
-35 1
fe=(37)
+35 1
202 1
fi=(40)
77 1
+1 1
fe=(37)
202 3
fi=(40)
79 1
fe=(37)
-2 2
cfi=(39)
cfn=(114)
calls=1 -26 
* 23
* 2
fi=(40)
-34 1
+2 1
fe=(37)
+35 2
fi=(40)
-37 1
+34 2
+1 2
+1 3
fe=(37)
+1 4
+7 2
-7 8
cfi=(29)
cfn=(126)
calls=2 197 
* 26
+4 2
+2 2
+2 2
-2 4
-9 4
cfi=(39)
cfn=(114)
calls=2 -26 
* 130
* 2
cfi=(39)
cfn=(114)
calls=1 -26 
* 125
* 6
213 2
-5 1
+1 1
-1 1
+5 1
+3 9

fl=(64)
fn=(202)
143 4
+1 2
-1 1
+1 1
-1 2
+1 1
-1 1
+1 1
-1 4
+1 3
-1 1
+1 7
-8 1
+8 2
-8 1
-6 1
-2 1
+16 1
-8 1
-7 1
+1 1
+6 1
+24 4
-28 3
-2 1
+31 1
-33 2
+2 2
+30 2
-30 1
-1 4
+7 4
+24 3
+28 3
-6 1
+46 1
fi=(72) ./elf/../include/scratch_buffer.h
77 1
fe=(64)
+87 1
fi=(72)
-87 1
+1 1
fe=(64)
184 1
+44 4
-31 1
-4 1
+4 8
-4 6
+4 12
+11 18
-18 2
+18 4
417 14
+2 5
+3 5
-3 15
+3 5
-3 5
fi=(28)
56 5
cfi=(27)
cfn=(78)
calls=5 -20 
* 150
fe=(64)
423 15
fi=(28)
56 5
fe=(64)
423 5
+6 5
+1 25
cfi=(29)
cfn=(82)
calls=5 210 
* 63
+1 25
cfi=(29)
cfn=(82)
calls=5 210 
* 63
+3 5
+1 10
+4 21
188 12
442 18
-1 7
+1 14
183 6
+27 20
+7 5
+4 5
-6 5
+1 5
+1 5
+1 10
+3 15
-2 5
-29 25
+32 298
+6 48
cfi=(30)
cfn=(204)
calls=12 +10 
* 660
* 36

ob=(6)
fl=(184)
fn=(3704)
0 9
cob=(4)
cfi=(175)
cfn=(3710) 0x0000000004acd3c0
calls=1 0 
0 134
0 1
cfn=(3714) 0x0000000000005a60
calls=1 0 
0 5
0 3

fn=(3692)
0 5
cfn=(3694) 0x00000000000048f0
calls=1 0 
0 16
0 2
cfn=(3694)
calls=1 0 
0 16
0 3

fn=(622)
0 180

ob=(1)
fl=(64)
fn=(202)
232 24
-2 12
+2 24
cfi=(50)
cfn=(160)
calls=12 -28 
* 24680
+1 24
+9 12
+2 24
+5 25
+6 5
+2 5
-8 10
+3 5
+1 5
+1 5
+1 5
+4 5
-3 5
+3 15
+4 36
+1 27
-43 611
+7 24
+38 411
fi=(72)
85 3
fe=(64)
448 5
+1 1
+3 4
+11 5
fi=(28)
56 1
cfi=(27)
cfn=(78)
calls=1 -20 
* 30
fe=(64)
465 3
fi=(28)
56 1
fe=(64)
465 1
+5 2
+1 1
-1 3
+4 3
-2 2
+13 6
+5 6
-16 18
+11 6
-7 6
+7 6
-2 12
-5 1
+7 1
-2 2
+2 1
-11 1
+11 1
+5 1
-16 3
+21 3
+37 2
+15 2
-14 2
+20 1
-1 4
+1 4
-1 5
cfi=(13)
cfn=(232)
calls=1 298 
* 489
+5 1
+2 1
+1 1
+1 2
-2 1
+2 1
+7 3
+3 2
+3 8
198 46
+3 5
fi=(72)
-70 20
cfi=(71)
cfn=(228)
calls=5 30 
* 125
fe=(64)
+70 15
+4 10
547 4
cfi=(29)
cfn=(82)
calls=1 210 
* 19
* 3
-53 2
144 2

fn=(206)
61 72
+7 12
-4 36
+1 12
-1 84
cfi=(30)
cfn=(166)
calls=12 1967 
* 23624
* 12
+5 36

fl=(39)
fn=(120)
25 5
+1 3
+21 1
-20 1
+20 3

fn=(114)
51 110
-25 44
+36 5
-7 5
+7 35
-26 24
+5 27
cfi=(41)
cfn=(118)
calls=9 -9 
* 216
* 9
+1 18
+3 6
+11 12
+1 18
+1 12
-2 6
+1 9
+1 6
-28 24
+4 48
+1 12
-1 30
+24 6
+9 12
-5 6
-2 6
+2 42
-19 6
cfi=(22)
cfn=(62)
calls=3 +14 
* 51
* 6

fl=(41)
fn=(118)
32 28
+1 28
+1 28
+1 28
+1 28
+1 28
+1 28
+1 28
+1 28
+1 28
+1 28
+1 28
+1 28
+1 28
+1 28
+1 28
+1 28
+1 28
+1 23
+4 23
+1 23
+1 23
+1 23
+2 23
+4 5
+1 5
+1 5
+1 5
+1 5
+1 5
+1 5
+1 5
+1 5
+1 5
+1 5
+1 5
+1 5
+1 5
+1 5
+1 5
+1 5
+1 5
+1 5
+1 5
+1 5
+1 5
+1 5
+1 5
+52 5
+4 5
+1 5
+1 5
+1 5
+2 5

fl=(45)
fn=(196)
38 6
+3 6
-1 12
+4 12
+4 6

fn=(144)
56 3
+3 2
+4 1
+22 1
+10 1
-32 2
+1 1
+21 2
+5 2
+1 1
+4 1
-4 1
-1 1
+2 1
+3 1
+4 2
+8 2
-50 1
+4 2
+35 6

fn=(150)
116 2
+1 2

fl=(26)
fn=(72)
59 90
+3 12
+18 10
+3 5
cfi=(22)
cfn=(62)
calls=5 -26 
* 103
+4 5
-4 5
+4 5
+5 5
-9 15
fi=(28)
-39 10
cfi=(27)
cfn=(74)
calls=5 +36 
* 306
fe=(26)
+39 1
fi=(28)
-39 2
cfi=(27)
cfn=(74)
calls=1 +36 
* 47
* 6
fe=(26)
+51 12
+5 6
+4 6
-6 6
+2 6
+4 6
-5 6
+4 6
+1 6
-1 6
+1 12
cfi=(29)
cfn=(82)
calls=6 210 
* 77
* 6
+15 6
-15 6
+2 6
+13 12
+6 1
+2 7
+3 2
-3 35
+3 10
+2 6
+4 6
+3 16
+2 12
-2 8
+2 8
-2 16
+16 12
-5 6
+5 6
-6 6
+6 6
-6 6
+6 12
+2 10
+3 10
-3 10
+7 24
+4 15
+8 1
+13 1
-10 2
+10 8
-10 10
+10 15
+2 5
cfi=(22)
cfn=(62)
calls=5 57 
* 203
+21 5
-21 15
+17 5
-13 15
+50 15
cfi=(29)
cfn=(126)
calls=5 -48 
* 89
* 5
+5 10
+1 10
-1 158
+1 158
+4 10
+1 5
+3 5
+4 54
131 12
-8 5
-4 10
+34 1
+7 4
+8 20
fi=(28)
56 10
cfi=(27)
cfn=(78)
calls=5 -20 
* 150
* 5
fe=(26)
200 10
-1 10
64 2
+2 3
+1 2
+4 6
+6 2

fn=(84)
31 24
+2 6
-2 12
+2 6
-2 18
+2 6
cfi=(24)
cfn=(86)
calls=6 +9 
* 18
+2 53
+3 80
+2 5
+2 5
+4 5
+4 5
-4 10
+1 10
+1 10
+3 25
-1 5
cfi=(24)
cfn=(86)
calls=5 -8 
* 15
-4 1
+4 1
-4 2
+1 2
+1 2
+3 5
-1 1
cfi=(24)
cfn=(86)
calls=1 -8 
* 3
-5 2

fl=(186) ./elf/../sysdeps/x86_64/dl-trampoline.h
fn=(642) _dl_runtime_resolve_xsave
71 120
+5 120
+3 120
+2 120
+10 120
+6 120
+1 120
+1 120
+1 120
+1 120
+1 120
+1 120
+4 120
+1 120
+3 120
+1 120
+2 120
+1 120
+1 120
+1 120
+1 120
+1 120
+2 120
+7 120
+1 120
+1 120
cfi=(187)
cfn=(644)
calls=120 -84 
* 98346
+1 120
+5 120
+1 120
+1 120
+2 120
+1 120
+1 120
+1 120
+1 120
+1 120
+1 120
+2 120
+2 120
+4 120
+2 120

fl=(7)
fn=(12)
42 1
+1 2
+1 2
+1 2
+1 2
+1 1

fn=(542) lookup_malloc_symbol
61 8
+3 4
-3 12
+3 4
-3 12
+3 4
-3 4
+2 4
+1 16
cfi=(78)
cfn=(270)
calls=4 772 
* 2720
+4 28
+1 28
+2 4
fi=(166) ./elf/./dl-sym-post.h
-30 8
+12 12
fe=(7)
+19 24

fn=(134)
239 2
+3 4
+2 2
+1 4
+4 3
-2 2
+4 28
+5 84
-2 56
+13 1
+4 4
-22 14
+15 14
-15 30

fn=(538)
76 2
+10 1
fi=(165) ./elf/../sysdeps/generic/dl-hash.h
-41 1
-1 1
fe=(7)
+32 8
+11 1
-1 1
fi=(165)
-43 1
+5 3
+14 4
-17 3
+3 15
+14 20
-17 15
fe=(7)
+46 2
fi=(165)
-24 1
fe=(7)
+22 1
+2 2
fi=(165)
-19 1
fe=(7)
+19 1
cfn=(542)
calls=1 -30 
* 696
+1 3
-1 1
+1 1
cfn=(542)
calls=1 -31 
* 733
+1 3
-1 1
+1 1
cfn=(542)
calls=1 -32 
* 794
+1 3
-1 1
+1 1
cfn=(542)
calls=1 -33 
* 669
+5 1
+1 1
+1 1
+1 1
+1 8

fl=(57)
fn=(182)
47 26
+3 52
-3 156
+6 52
+5 156
+2 104
-7 55

fl=(15)
fn=(550)
71 1
-32 3
+32 2

fn=(34)
37 1
+2 3
+2 1
cfi=(16)
cfn=(36)
calls=1 682 
* 7344

fl=(55)
fn=(178)
30 6
+9 24
+33 6

fl=(73)
fn=(240)
392 7
+4 5
-2 1
+4 42
cfn=(242) _dl_check_map_versions
calls=7 155 
* 25197
-2 7
+2 21
-1 7
-1 14
+5 7

fn=(242)
155 70
+15 21
+2 35
+2 7
+1 7
+2 14
+3 10
-16 10
+20 5
-4 5
-24 5
+28 35
+16 10
36 5
200 5
36 35
200 14
36 7
200 7
36 49
+1 53
-1 106
+2 195
cfi=(52)
cfn=(168)
calls=65 +30 
* 6324
* 142
208 36
+5 12
fi=(324) ./elf/../sysdeps/generic/_itoa.h
76 36
fe=(73)
213 24
+4 24
+1 24
-1 24
+4 12
-3 12
+3 12
-3 36
-1 82
+1 82
-1 82
+4 41
-3 41
+3 41
-3 193
56 212
+8 159
+6 159
+16 53
+1 106
+2 53
+5 371
+14 1900
+12 2691
+4 897
-30 1794
231 212
+3 159
+5 41
-24 41
110 53
+3 265
cfi=(32)
cfn=(94)
calls=53 -15 
* 2068
* 159
224 159
+1 3
cfi=(32)
cfn=(94)
calls=1 98 
* 71
* 2
+3 26
+15 36
+5 7
-50 7
+59 25
+3 10
+3 35
+3 20
+4 5
-7 20
+3 15
+4 124
-7 496
+3 377
+8 15
+6 12
fi=(28)
44 6
fe=(73)
280 12
fi=(28)
44 6
cfi=(27)
cfn=(74)
calls=6 +36 
* 301
fe=(73)
281 12
-2 6
fi=(28)
44 6
fe=(73)
281 6
+13 6
-3 6
+3 24
+2 12
+3 20
+4 36
+7 53
+1 53
-1 159
+1 53
+1 53
-2 53
+2 106
+1 159
+3 159
+5 41
-15 41
+2 41
-2 41
+2 41
-2 41
+2 82
-2 12
+2 12
-2 12
+2 12
-2 12
+2 24
+16 36
+5 7
-28 7
+33 10
+3 10
+4 129
+6 129
+1 129
+1 129
-1 387
+1 129
-1 129
+1 129
+1 129
+3 387
+4 129
-14 268
+10 15
+12 10
+1 10

ob=(6)
fl=(184)
fn=(622)
0 164

ob=(1)
fl=(73)
fn=(242)
367 10
+1 4
+19 63
164 2
-8 2
257 5
+17 3
+60 2
-40 2
+76 4
+2 4
+4 2
-4 120
+1 60
+2 1
+1 2
-1 1
+1 1
cfi=(32)
cfn=(244)
calls=1 98 
* 32

ob=(6)
fl=(184)
fn=(622)
0 20

fn=(3714)
0 5

fn=(3694)
0 18

ob=(1)
fl=(73)
fn=(242)
376 2

ob=(6)
fl=(184)
fn=(3694)
0 14

fn=(624)
0 12

ob=(4)
fl=(175)
fn=(1336) 0x000000000010b6c0
0 28
cob=(7)
cfi=(185)
cfn=(1338) std::__cxx11::basic_string<char, std::char_traits<char>, std::allocator<char> >::_M_local_data()
calls=14 0 
0 42

fn=(756) 0x00000000048eea00
0 2
cob=(7)
cfi=(185)
cfn=(760) std::__timepunct<char>::__timepunct(std::__timepunct_cache<char>*, unsigned long)
calls=1 0 
0 1155
cob=(1)
cfi=(186)
cfn=(642)
calls=1 71 
0 877
0 5

fn=(828) 0x00000000048ed5a0
0 2
cob=(7)
cfi=(185)
cfn=(832) std::codecvt<wchar_t, char, __mbstate_t>::codecvt(unsigned long)
calls=1 0 
0 44
cob=(1)
cfi=(186)
cfn=(642)
calls=1 71 
0 782
0 5

fn=(1056) 0x00000000048ef920
0 722
cob=(7)
cfi=(185)
cfn=(1060) std::basic_ios<char, std::char_traits<char> >::_M_cache_locale(std::locale const&)
calls=361 0 
0 20216
cob=(1)
cfi=(186)
cfn=(642)
calls=1 71 
0 985
0 5

fn=(1076) 0x00000000048ed620
0 22
cob=(2)
cfi=(200) ./stdlib/./stdlib/cxa_atexit.c
cfn=(1080) __cxa_atexit
calls=11 67 
0 832
cob=(1)
cfi=(186)
cfn=(642)
calls=1 71 
0 902
0 5

fn=(1398) 0x00000000048edcf0
0 65638
cob=(2)
cfi=(198) ./string/../sysdeps/x86_64/multiarch/strlen-avx2.S
cfn=(822) __strlen_avx2
calls=32819 52 
0 459466
cob=(1)
cfi=(186)
cfn=(642)
calls=1 71 
0 802
0 5

fn=(1402) 0x00000000048ec560
0 10
cob=(7)
cfi=(185)
cfn=(1406) std::__cxx11::basic_string<char, std::char_traits<char>, std::allocator<char> >::_M_replace(unsigned long, unsigned long, char const*, unsigned long)
calls=5 0 
0 3875
cob=(1)
cfi=(186)
cfn=(642)
calls=1 71 
0 1001
0 5

fn=(1458) 0x00000000048ef4f0
0 44
cob=(7)
cfi=(185)
cfn=(1462) std::__basic_file<char>::is_open() const
calls=22 0 
0 88
cob=(1)
cfi=(186)
cfn=(642)
calls=1 71 
0 822
0 5

fn=(1536) 0x00000000048edfc0
0 2
cob=(7)
cfi=(185)
cfn=(1540) std::ctype<char>::_M_widen_init() const
calls=1 0 
0 1566
cob=(1)
cfi=(186)
cfn=(642)
calls=1 71 
0 800
0 5

fn=(1562) 0x00000000048ee010
0 8
cob=(7)
cfi=(185)
cfn=(1566) std::__basic_file<char>::xsgetn(char*, long)
calls=4 0 
0 2466
cob=(1)
cfi=(186)
cfn=(642)
calls=1 71 
0 778
0 5

fn=(1586) 0x00000000048ecbd0
0 244
cob=(2)
cfi=(236) ./string/../sysdeps/x86_64/multiarch/memchr-avx2.S
cfn=(1590) __memchr_avx2
calls=122 61 
0 2329
cob=(1)
cfi=(186)
cfn=(642)
calls=1 71 
0 781
0 5

fn=(1598) 0x000000000010b780
0 246
cob=(7)
cfi=(185)
cfn=(1600) std::basic_ios<char, std::char_traits<char> >::operator bool() const
calls=123 0 
0 492

fn=(1796) 0x000000000010b600
0 1610
cob=(2)
cfi=(246) ./string/../sysdeps/x86_64/multiarch/memset-vec-unaligned-erms.S
cfn=(1798) __memset_avx2_unaligned_erms
calls=805 158 
0 29332

fn=(2030) 0x00000000048efaf0
0 8
cob=(7)
cfi=(185)
cfn=(2034) std::basic_filebuf<char, std::char_traits<char> >::close()
calls=4 0 
0 8563
cob=(1)
cfi=(186)
cfn=(642)
calls=1 71 
0 913
0 5

fn=(650) 0x00000000048ed8d0
0 1238
cob=(7)
cfi=(185)
cfn=(654) std::locale::locale()
calls=619 0 
0 91966
cob=(1)
cfi=(186)
cfn=(642)
calls=1 71 
0 674
0 5

fn=(3358) 0x000000000010b820
0 2
cob=(7)
cfi=(185)
cfn=(3360) std::basic_ofstream<char, std::char_traits<char> >::~basic_ofstream()
calls=1 0 
0 187

fn=(3440) 0x00000000048ee1d0
0 2
cob=(7)
cfi=(185)
cfn=(3444) std::__num_base::_S_format_float(std::ios_base const&, char*, char)
calls=1 0 
0 30
cob=(1)
cfi=(186)
cfn=(642)
calls=1 71 
0 886
0 5

fn=(3578) 0x000000000483d030
0 2
cob=(2)
cfi=(311) ./stdlib/./stdlib/cxa_finalize.c
cfn=(3554) __cxa_finalize
calls=1 30 
0 132

fn=(768) 0x00000000048ec630
0 2
cob=(7)
cfi=(185)
cfn=(772) std::__cxx11::messages<char>::messages(unsigned long)
calls=1 0 
0 51
cob=(1)
cfi=(186)
cfn=(642)
calls=1 71 
0 745
0 5

fn=(786) 0x00000000048ef000
0 8
cob=(2)
cfi=(192) ./locale/./locale/uselocale.c
cfn=(790) uselocale
calls=4 30 
0 88
cob=(1)
cfi=(186)
cfn=(642)
calls=1 71 
0 771
0 5

fn=(792) 0x00000000048ee040
0 256
cob=(2)
cfi=(193) ./wcsmbs/./wcsmbs/wctob.c
cfn=(796) wctob
calls=128 30 
0 3200
cob=(1)
cfi=(186)
cfn=(642)
calls=1 71 
0 859
0 5

fn=(864) 0x00000000048ecca0
0 2
cob=(7)
cfi=(185)
cfn=(868) std::__cxx11::messages<wchar_t>::messages(unsigned long)
calls=1 0 
0 51
cob=(1)
cfi=(186)
cfn=(642)
calls=1 71 
0 745
0 5

fn=(938) 0x00000000048ee0a0
0 2
cob=(7)
cfi=(185)
cfn=(942) std::numpunct<wchar_t>::_M_initialize_numpunct(__locale_struct*)
calls=1 0 
0 353
cob=(1)
cfi=(186)
cfn=(642)
calls=1 71 
0 938
0 5

fn=(1136) 0x00000000048ed210
0 96106
cob=(2)
cfi=(204) ./malloc/./malloc/malloc.c
cfn=(1140) malloc
calls=48053 3294 
0 2494790
cob=(1)
cfi=(186)
cfn=(642)
calls=1 71 
0 858
0 5

fn=(1348) 0x000000000010b5c0
0 68
cob=(2)
cfi=(198)
cfn=(822)
calls=34 52 
0 476

fn=(1608) 0x000000000010b840
0 234
cob=(7)
cfi=(185)
cfn=(1610) std::__cxx11::basic_stringstream<char, std::char_traits<char>, std::allocator<char> >::basic_stringstream(std::__cxx11::basic_string<char, std::char_traits<char>, std::allocator<char> > const&, std::_Ios_Openmode)
calls=117 0 
0 111052

fn=(1612) 0x00000000048eee40
0 234
cob=(7)
cfi=(185)
cfn=(1616) std::__cxx11::basic_stringbuf<char, std::char_traits<char>, std::allocator<char> >::_M_sync(char*, unsigned long, unsigned long)
calls=117 0 
0 6873
cob=(1)
cfi=(186)
cfn=(642)
calls=1 71 
0 1053
0 5

fn=(1630) 0x00000000048ee250
0 1702
cob=(7)
cfi=(185)
cfn=(1634) std::istreambuf_iterator<char, std::char_traits<char> > std::num_get<char, std::istreambuf_iterator<char, std::char_traits<char> > >::_M_extract_int<long>(std::istreambuf_iterator<char, std::char_traits<char> >, std::istreambuf_iterator<char, std::char_traits<char> >, std::ios_base&, std::_Ios_Iostate&, long&) const
calls=851 0 
0 278506
cob=(1)
cfi=(186)
cfn=(642)
calls=1 71 
0 1301
0 5

fn=(1918) 0x00000000048edc60
0 96104
cob=(2)
cfi=(204)
cfn=(1922) free
calls=48052 3359 
0 4269474
cob=(1)
cfi=(186)
cfn=(642)
calls=1 71 
0 818
0 5

fn=(678) 0x00000000048ec7a0
0 2
cob=(7)
cfi=(185)
cfn=(682) std::ctype<char>::ctype(unsigned short const*, bool, unsigned long)
calls=1 0 
0 3867
cob=(1)
cfi=(186)
cfn=(642)
calls=1 71 
0 762
0 5

fn=(3346) 0x00000000048edbb0
0 2
cob=(7)
cfi=(185)
cfn=(3350) std::__basic_file<char>::xsputn(char const*, long)
calls=1 0 
0 850
cob=(1)
cfi=(186)
cfn=(642)
calls=1 71 
0 790
0 5

fn=(3368) 0x000000000010b5b0
0 2
cob=(7)
cfi=(185)
cfn=(3370) std::__cxx11::basic_string<char, std::char_traits<char>, std::allocator<char> >::c_str() const
calls=1 0 
0 3

fn=(3384) 0x000000000010b520
0 4
cob=(7)
cfi=(185)
cfn=(3386) std::__cxx11::basic_string<char, std::char_traits<char>, std::allocator<char> >::append(char const*, unsigned long)
calls=2 0 
0 98

fn=(3406) 0x0000000004b1f430
0 48
cob=(2)
cfi=(225) ./string/../sysdeps/x86_64/multiarch/memmove-vec-unaligned-erms.S
cfn=(3408) __mempcpy_avx_unaligned_erms
calls=24 242 
0 419

fn=(3720)
0 4

fn=(588)
0 7

fn=(720) 0x00000000048ee0e0
0 64
cob=(7)
cfi=(185)
cfn=(724) std::locale::_Impl::_M_install_facet(std::locale::id const*, std::locale::facet const*)
calls=32 0 
0 13455
cob=(1)
cfi=(186)
cfn=(642)
calls=1 71 
0 942
0 5

fn=(732) 0x00000000048ed9e0
0 2
cob=(7)
cfi=(185)
cfn=(736) std::codecvt<char, char, __mbstate_t>::codecvt(unsigned long)
calls=1 0 
0 44
cob=(1)
cfi=(186)
cfn=(642)
calls=1 71 
0 782
0 5

fn=(738) 0x00000000048ef700
0 2
cob=(7)
cfi=(185)
cfn=(742) std::__cxx11::numpunct<char>::_M_initialize_numpunct(__locale_struct*)
calls=1 0 
0 417
cob=(1)
cfi=(186)
cfn=(642)
calls=1 71 
0 1002
0 5

fn=(820) 0x0000000004b1f500
0 140
cob=(2)
cfi=(198)
cfn=(822)
calls=70 52 
0 980

fn=(872) 0x00000000048ed750
0 2
cob=(7)
cfi=(185)
cfn=(876) std::numpunct<char>::_M_initialize_numpunct(__locale_struct*)
calls=1 0 
0 417
cob=(1)
cfi=(186)
cfn=(642)
calls=1 71 
0 930
0 5

fn=(926) 0x00000000048f0510
0 2
cob=(7)
cfi=(185)
cfn=(930) std::messages<char>::messages(unsigned long)
calls=1 0 
0 51
cob=(1)
cfi=(186)
cfn=(642)
calls=1 71 
0 713
0 5

fn=(956) 0x00000000048ee6f0
0 2
cob=(7)
cfi=(185)
cfn=(960) std::moneypunct<wchar_t, false>::_M_initialize_moneypunct(__locale_struct*, char const*)
calls=1 0 
0 109
cob=(1)
cfi=(186)
cfn=(642)
calls=1 71 
0 1034
0 5

fn=(1108) 0x00000000048ed560
0 2
cob=(7)
cfi=(185)
cfn=(1112) std::future_category()
calls=1 0 
0 3
cob=(1)
cfi=(186)
cfn=(642)
calls=1 71 
0 740
0 5

fn=(1408) 0x00000000048f0150
0 10
cob=(7)
cfi=(185)
cfn=(1412) std::__cxx11::basic_string<char, std::char_traits<char>, std::allocator<char> >::_M_mutate(unsigned long, unsigned long, char const*, unsigned long)
calls=5 0 
0 3190
cob=(1)
cfi=(186)
cfn=(642)
calls=1 71 
0 1013
0 5

fn=(1504) 0x0000000004b1f680
0 6
cob=(2)
cfi=(233) ./string/../sysdeps/x86_64/multiarch/strchr-avx2.S
cfn=(1506) __strchr_avx2
calls=3 53 
0 63

fn=(1668) 0x000000000010b700
0 86646
cob=(7)
cfi=(185)
cfn=(1424) operator new(unsigned long)
calls=43323 0 
0 3058758

fn=(1824) 0x00000000048ee4d0
0 240
cob=(7)
cfi=(185)
cfn=(1828) std::ios_base::_M_call_callbacks(std::ios_base::event)
calls=120 0 
0 1920
cob=(1)
cfi=(186)
cfn=(642)
calls=1 71 
0 880
0 5

fn=(1908) 0x000000000010b710
0 95886
cob=(7)
cfi=(185)
cfn=(1910) operator delete(void*, unsigned long)
calls=47943 0 
0 4644850

fn=(2088) 0x0000000004b1f3e0
0 6
cob=(2)
cfi=(204)
cfn=(1922)
calls=3 3359 
0 255

fn=(2676) 0x000000000010b990
0 9240
cob=(7)
cfi=(185)
cfn=(2678) operator new(unsigned long, std::nothrow_t const&)
calls=4620 0 
0 328020

fn=(3018) 0x000000000010b7b0
0 17220
cob=(7)
cfi=(185)
cfn=(3020) std::__detail::_Prime_rehash_policy::_M_need_rehash(unsigned long, unsigned long, unsigned long) const
calls=8610 0 
0 220071

fn=(3280) 0x000000000010b540
0 200
cob=(7)
cfi=(185)
cfn=(3282) std::ostream::operator<<(unsigned long)
calls=100 0 
0 37194

fn=(3398) 0x000000000010b610
0 2
cob=(7)
cfi=(185)
cfn=(3400) std::__cxx11::basic_string<char, std::char_traits<char>, std::allocator<char> >::basic_string(std::__cxx11::basic_string<char, std::char_traits<char>, std::allocator<char> >&&)
calls=1 0 
0 32

fn=(3414) 0x00000000048efdf0
0 2
cob=(7)
cfi=(185)
cfn=(3418) std::ostream& std::ostream::_M_insert<bool>(bool)
calls=1 0 
0 422
cob=(1)
cfi=(186)
cfn=(642)
calls=1 71 
0 737
0 5

fn=(3434) 0x00000000048ee560
0 2
cob=(7)
cfi=(185)
cfn=(3438) std::ostreambuf_iterator<char, std::char_traits<char> > std::num_put<char, std::ostreambuf_iterator<char, std::char_traits<char> > >::_M_insert_float<double>(std::ostreambuf_iterator<char, std::char_traits<char> >, std::ios_base&, char, char, double) const
calls=1 0 
0 4517
cob=(1)
cfi=(186)
cfn=(642)
calls=1 71 
0 1201
0 5

fn=(3568)
0 4

fn=(3596) 0x00000000048ec2b0
0 2
cob=(2)
cfi=(311)
cfn=(3554)
calls=1 30 
0 8291

fn=(3628) 0x00000000048ee8a0
0 6
cob=(7)
cfi=(185)
cfn=(3632) std::ostream::flush()
calls=3 0 
0 3910
cob=(1)
cfi=(186)
cfn=(642)
calls=1 71 
0 681
0 5

fn=(3629) 0x00000000048ee8a0'2
0 2
cob=(7)
cfi=(185)
cfn=(3633) std::ostream::flush()'2
calls=1 0 
0 136

fn=(3656) 0x00000000048eee80
0 4
cob=(7)
cfi=(185)
cfn=(3660) __cxa_get_globals
calls=2 0 
0 960
cob=(1)
cfi=(186)
cfn=(642)
calls=1 71 
0 690
0 5

fn=(1340) 0x000000000010b720
0 28
cob=(7)
cfi=(185)
cfn=(1342) std::__cxx11::basic_string<char, std::char_traits<char>, std::allocator<char> >::_Alloc_hider::_Alloc_hider(char*, std::allocator<char> const&)
calls=14 0 
0 42

fn=(744) 0x00000000048ede30
0 2
cob=(7)
cfi=(185)
cfn=(748) std::__cxx11::moneypunct<char, false>::_M_initialize_moneypunct(__locale_struct*, char const*)
calls=1 0 
0 114
cob=(1)
cfi=(186)
cfn=(642)
calls=1 71 
0 1066
0 5

fn=(780) 0x00000000048eda90
0 2
cob=(7)
cfi=(185)
cfn=(784) std::ctype<wchar_t>::_M_initialize_ctype()
calls=1 0 
0 25328
cob=(1)
cfi=(186)
cfn=(642)
calls=1 71 
0 794
0 5

fn=(1026) 0x00000000048ed300
0 256
cob=(7)
cfi=(185)
cfn=(1030) std::ios_base::ios_base()
calls=128 0 
0 11776
cob=(1)
cfi=(186)
cfn=(642)
calls=1 71 
0 678
0 5

fn=(1092) 0x00000000048ee0c0
0 4
cob=(7)
cfi=(185)
cfn=(1096) std::error_category::error_category()
calls=2 0 
0 10
cob=(1)
cfi=(186)
cfn=(642)
calls=1 71 
0 744
0 5

fn=(1354) 0x000000000010b730
0 28
cob=(7)
cfi=(185)
cfn=(1356) std::__cxx11::basic_string<char, std::char_traits<char>, std::allocator<char> >::_M_data() const
calls=14 0 
0 42

fn=(1372) 0x00000000048f0260
0 98386
cob=(2)
cfi=(225)
cfn=(1378) __memcpy_avx_unaligned_erms
calls=49193 255 
0 807604
cob=(1)
cfi=(186)
cfn=(642)
calls=1 71 
0 1008
0 5

fn=(1386) 0x000000000010b790
0 16
cob=(7)
cfi=(185)
cfn=(1388) std::__cxx11::basic_string<char, std::char_traits<char>, std::allocator<char> >::data() const
calls=8 0 
0 24

fn=(1446) 0x00000000048eff80
0 6
cob=(7)
cfi=(185)
cfn=(1450) std::__basic_file<char>::__basic_file(pthread_mutex_t*)
calls=3 0 
0 12
cob=(1)
cfi=(186)
cfn=(642)
calls=1 71 
0 854
0 5

fn=(1518) 0x00000000048efe20
0 44
cob=(7)
cfi=(185)
cfn=(1522) std::basic_ios<char, std::char_traits<char> >::clear(std::_Ios_Iostate)
calls=22 0 
0 154
cob=(1)
cfi=(186)
cfn=(642)
calls=1 71 
0 933
0 5

fn=(1542) 0x00000000048ef620
0 2
cob=(2)
cfi=(199) ./string/../sysdeps/x86_64/multiarch/memcmp-avx2-movbe.S
cfn=(826) __memcmp_avx2_movbe
calls=1 73 
0 47
cob=(1)
cfi=(186)
cfn=(642)
calls=1 71 
0 758
0 5

fn=(1546) 0x00000000048ec970
0 246
cob=(7)
cfi=(185)
cfn=(1550) std::basic_istream<char, std::char_traits<char> >& std::getline<char, std::char_traits<char>, std::allocator<char> >(std::basic_istream<char, std::char_traits<char> >&, std::__cxx11::basic_string<char, std::char_traits<char>, std::allocator<char> >&, char)
calls=123 0 
0 31494
cob=(1)
cfi=(186)
cfn=(642)
calls=1 71 
0 1222
0 5

fn=(1602) 0x000000000010b980
0 242
cob=(7)
cfi=(185)
cfn=(1604) std::__cxx11::basic_string<char, std::char_traits<char>, std::allocator<char> >::operator[](unsigned long)
calls=121 0 
0 484

fn=(1830) 0x00000000048ec870
0 240
cob=(7)
cfi=(185)
cfn=(1834) std::ios_base::_M_dispose_callbacks()
calls=120 0 
0 2160
cob=(1)
cfi=(186)
cfn=(642)
calls=1 71 
0 820
0 5

fn=(1836) 0x000000000010b7a0
0 32
cob=(7)
cfi=(185)
cfn=(1838) std::basic_istream<char, std::char_traits<char> >& std::operator>><char, std::char_traits<char> >(std::basic_istream<char, std::char_traits<char> >&, char&)
calls=16 0 
0 1408

fn=(2036) 0x00000000048edc20
0 6
cob=(7)
cfi=(185)
cfn=(2040) std::basic_filebuf<char, std::char_traits<char> >::_M_terminate_output()
calls=3 0 
0 2848
cob=(1)
cfi=(186)
cfn=(642)
calls=1 71 
0 961
0 5

fn=(2090) 0x00000000048ed810
0 6
cob=(7)
cfi=(185)
cfn=(2094) std::__basic_file<char>::~__basic_file()
calls=3 0 
0 81
cob=(1)
cfi=(186)
cfn=(642)
calls=1 71 
0 726
0 5

fn=(630)
0 7

fn=(704) 0x00000000048ed500
0 2
cob=(7)
cfi=(185)
cfn=(708) std::locale::facet::_S_create_c_locale(__locale_struct*&, char const*, __locale_struct*)
calls=1 0 
0 832
cob=(1)
cfi=(186)
cfn=(642)
calls=1 71 
0 970
0 5

fn=(3216) 0x000000000010b6f0
0 65628
cob=(7)
cfi=(185)
cfn=(3218) std::basic_ostream<char, std::char_traits<char> >& std::operator<< <std::char_traits<char> >(std::basic_ostream<char, std::char_traits<char> >&, char const*)
calls=32814 0 
0 7346769

fn=(3340) 0x00000000048f0090
0 2
cob=(7)
cfi=(185)
cfn=(3344) std::basic_filebuf<char, std::char_traits<char> >::_M_convert_to_external(char*, long)
calls=1 0 
0 1688
cob=(1)
cfi=(186)
cfn=(642)
calls=1 71 
0 993
0 5

fn=(3650) 0x00000000048ed970
0 4
cob=(7)
cfi=(185)
cfn=(3654) std::uncaught_exception()
calls=2 0 
0 1677
cob=(1)
cfi=(186)
cfn=(642)
calls=1 71 
0 722
0 5

fn=(3690)
0 4

fn=(3738)
0 4

fn=(1320) 0x0000000004b1f7b0
0 2
cob=(1)
cfi=(48)
cfn=(1322)
calls=1 118 
0 5

fn=(564) 0x0000000004b1f720
0 40
cob=(1)
cfi=(11)
cfn=(28)
calls=20 387 
0 469

fn=(602) 0x0000000004b1f660
0 2
cob=(2)
cfi=(181) ./string/../sysdeps/x86_64/multiarch/strrchr-avx2.S
cfn=(604) __strrchr_avx2
calls=1 53 
0 22

fn=(774) 0x00000000048ecb70
0 2
cob=(7)
cfi=(185)
cfn=(778) std::ctype<wchar_t>::ctype(unsigned long)
calls=1 0 
0 26175
cob=(1)
cfi=(186)
cfn=(642)
calls=1 71 
0 686
0 5

fn=(834) 0x00000000048ecc60
0 2
cob=(7)
cfi=(185)
cfn=(838) std::__cxx11::numpunct<wchar_t>::_M_initialize_numpunct(__locale_struct*)
calls=1 0 
0 353
cob=(1)
cfi=(186)
cfn=(642)
calls=1 71 
0 978
0 5

fn=(992) 0x00000000048eec70
0 2
cob=(7)
cfi=(185)
cfn=(996) std::messages<wchar_t>::messages(unsigned long)
calls=1 0 
0 51
cob=(1)
cfi=(186)
cfn=(642)
calls=1 71 
0 713
0 5

fn=(1062) 0x00000000048eeb50
0 8
cob=(7)
cfi=(185)
cfn=(1066) std::basic_ios<wchar_t, std::char_traits<wchar_t> >::init(std::basic_streambuf<wchar_t, std::char_traits<wchar_t> >*)
calls=4 0 
0 1722
cob=(1)
cfi=(186)
cfn=(642)
calls=1 71 
0 985
0 5

fn=(1394) 0x000000000010b7c0
0 10
cob=(7)
cfi=(185)
cfn=(1396) std::__cxx11::basic_string<char, std::char_traits<char>, std::allocator<char> >::operator=(char const*)
calls=5 0 
0 5868

fn=(1426) 0x000000000010b640
0 36
cob=(7)
cfi=(185)
cfn=(1428) std::__cxx11::basic_string<char, std::char_traits<char>, std::allocator<char> >::~basic_string()
calls=18 0 
0 721

fn=(1476) 0x00000000048ed220
0 6
cob=(2)
cfi=(227) ./libio/./libio/iofopen.c
cfn=(1480) fopen@@GLIBC_2.2.5
calls=3 85 
0 1535
cob=(1)
cfi=(186)
cfn=(642)
calls=1 71 
0 751
0 5

fn=(1592) 0x00000000048ee6a0
0 248
cob=(7)
cfi=(185)
cfn=(1596) std::__cxx11::basic_string<char, std::char_traits<char>, std::allocator<char> >::_M_append(char const*, unsigned long)
calls=124 0 
0 6114
cob=(1)
cfi=(186)
cfn=(642)
calls=1 71 
0 1017
0 5

fn=(2026) 0x000000000010b560
0 4
cob=(7)
cfi=(185)
cfn=(2028) std::basic_ifstream<char, std::char_traits<char> >::~basic_ifstream()
calls=2 0 
0 6965

fn=(2042) 0x00000000048ede60
0 6
cob=(7)
cfi=(185)
cfn=(2046) std::basic_filebuf<char, std::char_traits<char> >::_M_destroy_internal_buffer()
calls=3 0 
0 633
cob=(1)
cfi=(186)
cfn=(642)
calls=1 71 
0 1021
0 5

fn=(2048) 0x00000000048ec230
0 6
cob=(7)
cfi=(185)
cfn=(2050) operator delete[](void*)
calls=3 0 
0 555

fn=(2056) 0x00000000048efa20
0 12
cob=(7)
cfi=(185)
cfn=(2060) std::__basic_file<char>::close()
calls=6 0 
0 2151
cob=(1)
cfi=(186)
cfn=(642)
calls=1 71 
0 766
0 5

fn=(2062) 0x00000000048ef7b0
0 6
cob=(2)
cfi=(252) ./libio/./libio/iofclose.c
cfn=(2066) fclose@@GLIBC_2.2.5
calls=3 34 
0 1233
cob=(1)
cfi=(186)
cfn=(642)
calls=1 71 
0 772
0 5

fn=(666) 0x00000000048ed410
0 2
cob=(7)
cfi=(185)
cfn=(670) std::locale::_Impl::_Impl(unsigned long)
calls=1 0 
0 71922
cob=(1)
cfi=(186)
cfn=(642)
calls=1 71 
0 702
0 5

fn=(672) 0x00000000048ed3e0
0 14
cob=(7)
cfi=(185)
cfn=(676) std::locale::facet::_S_get_c_name()
calls=7 0 
0 21
cob=(1)
cfi=(186)
cfn=(642)
calls=1 71 
0 812
0 5

fn=(3022) 0x00000000048ed610
0 1196
cob=(7)
cfi=(185)
cfn=(3026) std::__detail::_Prime_rehash_policy::_M_next_bkt(unsigned long) const
calls=598 0 
0 55915
cob=(1)
cfi=(186)
cfn=(642)
calls=1 71 
0 882
0 5

fn=(3292) 0x00000000048efe10
0 200
cob=(7)
cfi=(185)
cfn=(3296) std::ostreambuf_iterator<char, std::char_traits<char> > std::num_put<char, std::ostreambuf_iterator<char, std::char_traits<char> > >::_M_insert_int<unsigned long>(std::ostreambuf_iterator<char, std::char_traits<char> >, std::ios_base&, char, unsigned long) const
calls=100 0 
0 26140
cob=(1)
cfi=(186)
cfn=(642)
calls=1 71 
0 1193
0 5

fn=(3308) 0x00000000048ed4c0
0 32114
cob=(7)
cfi=(185)
cfn=(3312) std::ostream& std::ostream::_M_insert<long>(long)
calls=16057 0 
0 5492834
cob=(1)
cfi=(186)
cfn=(642)
calls=1 71 
0 713
0 5

fn=(3316) 0x00000000048eec20
0 32116
cob=(7)
cfi=(185)
cfn=(3320) std::ostreambuf_iterator<char, std::char_traits<char> > std::num_put<char, std::ostreambuf_iterator<char, std::char_traits<char> > >::_M_insert_int<long>(std::ostreambuf_iterator<char, std::char_traits<char> >, std::ios_base&, char, long) const
calls=16058 0 
0 4094967
cob=(1)
cfi=(186)
cfn=(642)
calls=1 71 
0 1185
0 5

fn=(3330) 0x00000000048ef750
0 24
cob=(2)
cfi=(284) ./misc/../sysdeps/unix/sysv/linux/writev.c
cfn=(3334) writev
calls=12 25 
0 96
cob=(1)
cfi=(186)
cfn=(642)
calls=1 71 
0 722
0 5

fn=(3476) 0x0000000004b1f6b0
0 8
cob=(2)
cfi=(225)
cfn=(1378)
calls=4 255 
0 46

fn=(3618) 0x00000000048ee320
0 4
cob=(7)
cfi=(185)
cfn=(3622) std::error_category::~error_category()
calls=2 0 
0 4
cob=(1)
cfi=(186)
cfn=(642)
calls=1 71 
0 760
0 5

fn=(3668) 0x00000000048ef980
0 6
cob=(7)
cfi=(185)
cfn=(3672) std::basic_ostream<wchar_t, std::char_traits<wchar_t> >::flush()
calls=3 0 
0 1593
cob=(1)
cfi=(186)
cfn=(642)
calls=1 71 
0 873
0 5

fn=(3669) 0x00000000048ef980'2
0 2
cob=(7)
cfi=(185)
cfn=(3673) std::basic_ostream<wchar_t, std::char_traits<wchar_t> >::flush()'2
calls=1 0 
0 136

fn=(3710)
0 2
cob=(2)
cfi=(311)
cfn=(3554)
calls=1 30 
0 132

fn=(1310) 0x000000000010b000
0 7

fn=(608)
0 7

fn=(858) 0x00000000048ee300
0 2
cob=(7)
cfi=(185)
cfn=(862) std::__timepunct<wchar_t>::_M_initialize_timepunct(__locale_struct*)
calls=1 0 
0 154
cob=(1)
cfi=(186)
cfn=(642)
calls=1 71 
0 986
0 5

fn=(902) 0x00000000048f0050
0 2
cob=(7)
cfi=(185)
cfn=(906) std::moneypunct<char, true>::_M_initialize_moneypunct(__locale_struct*, char const*)
calls=1 0 
0 115
cob=(1)
cfi=(186)
cfn=(642)
calls=1 71 
0 1018
0 5

fn=(968) 0x00000000048ef280
0 2
cob=(7)
cfi=(185)
cfn=(972) std::moneypunct<wchar_t, true>::_M_initialize_moneypunct(__locale_struct*, char const*)
calls=1 0 
0 109
cob=(1)
cfi=(186)
cfn=(642)
calls=1 71 
0 1010
0 5

fn=(1118) 0x00000000048edcb0
0 2
cob=(2)
cfi=(201) ./stdlib/./stdlib/secure-getenv.c
cfn=(1122) secure_getenv
calls=1 28 
0 459
cob=(1)
cfi=(186)
cfn=(642)
calls=1 71 
0 913
0 5

fn=(1362) 0x000000000010b650
0 28
cob=(7)
cfi=(185)
cfn=(1364) std::__cxx11::basic_string<char, std::char_traits<char>, std::allocator<char> >::_M_set_length(unsigned long)
calls=14 0 
0 70

fn=(1392) 0x000000000010b5d0
0 16
cob=(2)
cfi=(199)
cfn=(826)
calls=8 73 
0 158

fn=(1440) 0x00000000048efea0
0 6
cob=(7)
cfi=(185)
cfn=(1444) std::basic_filebuf<char, std::char_traits<char> >::basic_filebuf()
calls=3 0 
0 1147
cob=(1)
cfi=(186)
cfn=(642)
calls=1 71 
0 865
0 5

fn=(1452) 0x00000000048eec00
0 6
cob=(7)
cfi=(185)
cfn=(1456) std::basic_filebuf<char, std::char_traits<char> >::open(char const*, std::_Ios_Openmode)
calls=3 0 
0 6111
cob=(1)
cfi=(186)
cfn=(642)
calls=1 71 
0 981
0 5

fn=(1580) 0x00000000048ed1e0
0 8
cob=(2)
cfi=(235) ./io/../sysdeps/unix/sysv/linux/read.c
cfn=(1584) read
calls=4 25 
0 32
cob=(1)
cfi=(186)
cfn=(642)
calls=1 71 
0 729
0 5

fn=(1912) 0x00000000048ed430
0 96104
cob=(7)
cfi=(185)
cfn=(1916) operator delete(void*)
calls=48052 0 
0 4462505
cob=(1)
cfi=(186)
cfn=(642)
calls=1 71 
0 606
0 5

fn=(2218) 0x00000000048ecc30
0 4
cob=(2)
cfi=(259) ./time/../sysdeps/unix/sysv/linux/clock_gettime.c
cfn=(2222) clock_gettime@@GLIBC_2.17
calls=2 30 
0 22
cob=(1)
cfi=(186)
cfn=(642)
calls=1 71 
0 821
0 5

fn=(636) 0x00000000048ef040
0 2
cob=(7)
cfi=(185)
cfn=(648) std::ios_base::Init::Init()
calls=1 0 
0 83591
cob=(1)
cfi=(186)
cfn=(642)
calls=1 71 
0 718
0 5

fn=(3226) 0x00000000048f0360
0 97958
cob=(7)
cfi=(185)
cfn=(3230) std::ostream::sentry::sentry(std::ostream&)
calls=48979 0 
0 1077685
cob=(1)
cfi=(186)
cfn=(642)
calls=1 71 
0 709
0 5

fn=(3227) 0x00000000048f0360'2
0 2
cob=(7)
cfi=(185)
cfn=(3231) std::ostream::sentry::sentry(std::ostream&)'2
calls=1 0 
0 22

fn=(3260) 0x000000000010b950
0 2
cob=(7)
cfi=(185)
cfn=(3262) std::basic_ofstream<char, std::char_traits<char> >::basic_ofstream(std::__cxx11::basic_string<char, std::char_traits<char>, std::allocator<char> > const&, std::_Ios_Openmode)
calls=1 0 
0 1569

fn=(3266) 0x000000000010b6a0
0 2
cob=(7)
cfi=(185)
cfn=(3268) std::basic_ofstream<char, std::char_traits<char> >::is_open()
calls=1 0 
0 9

fn=(3272) 0x00000000048eea10
0 97878
cob=(7)
cfi=(185)
cfn=(3276) std::basic_streambuf<char, std::char_traits<char> >::xsputn(char const*, long)
calls=48939 0 
0 2958005
cob=(1)
cfi=(186)
cfn=(642)
calls=1 71 
0 909
0 5

fn=(3284) 0x00000000048efd10
0 200
cob=(7)
cfi=(185)
cfn=(3288) std::ostream& std::ostream::_M_insert<unsigned long>(unsigned long)
calls=100 0 
0 36052
cob=(1)
cfi=(186)
cfn=(642)
calls=1 71 
0 737
0 5

fn=(3422) 0x000000000010b930
0 2
cob=(7)
cfi=(185)
cfn=(3424) std::ostream::operator<<(double)
calls=1 0 
0 6541

fn=(3460) 0x0000000004b1f590
0 4
cob=(2)
cfi=(233)
cfn=(3462) __strchrnul_avx2
calls=2 53 
0 38

fn=(3552) 0x000000000010b4e0
0 2
cob=(2)
cfi=(311)
cfn=(3554)
calls=1 30 
0 132

fn=(3636) 0x00000000048f04b0
0 20
cob=(2)
cfi=(314) ./libio/./libio/iofflush.c
cfn=(3640) fflush
calls=10 32 
0 774
cob=(1)
cfi=(186)
cfn=(642)
calls=1 71 
0 782
0 5

fn=(3662) 0x00000000048ee140
0 4
cob=(1)
cfi=(315)
cfn=(3666)
calls=2 29 
0 24
cob=(1)
cfi=(186)
cfn=(642)
calls=1 71 
0 911
0 5

fn=(726) 0x00000000048ed800
0 36342
cob=(7)
cfi=(185)
cfn=(730) std::locale::id::_M_id() const
calls=18171 0 
0 109458
cob=(1)
cfi=(186)
cfn=(642)
calls=1 71 
0 714
0 5

fn=(750) 0x00000000048ef530
0 2
cob=(7)
cfi=(185)
cfn=(754) std::__cxx11::moneypunct<char, true>::_M_initialize_moneypunct(__locale_struct*, char const*)
calls=1 0 
0 115
cob=(1)
cfi=(186)
cfn=(642)
calls=1 71 
0 1066
0 5

fn=(824) 0x0000000004b1f580
0 98
cob=(2)
cfi=(199)
cfn=(826)
calls=49 73 
0 1048

fn=(840) 0x00000000048eed70
0 2
cob=(7)
cfi=(185)
cfn=(844) std::__cxx11::moneypunct<wchar_t, false>::_M_initialize_moneypunct(__locale_struct*, char const*)
calls=1 0 
0 109
cob=(1)
cfi=(186)
cfn=(642)
calls=1 71 
0 1082
0 5

fn=(1038) 0x00000000048ef780
0 730
cob=(7)
cfi=(185)
cfn=(1042) std::ios_base::_M_init()
calls=365 0 
0 37545
cob=(1)
cfi=(186)
cfn=(642)
calls=1 71 
0 722
0 5

fn=(1050) 0x00000000048eeea0
0 1210
cob=(7)
cfi=(185)
cfn=(1054) std::locale::~locale()
calls=605 0 
0 7260
cob=(1)
cfi=(186)
cfn=(642)
calls=1 71 
0 706
0 5

fn=(1358) 0x000000000010b740
0 28
cob=(7)
cfi=(185)
cfn=(1360) std::__cxx11::basic_string<char, std::char_traits<char>, std::allocator<char> >::_S_copy_chars(char*, char const*, char const*)
calls=14 0 
0 1252

fn=(1420) 0x00000000048eccc0
0 9458
cob=(7)
cfi=(185)
cfn=(1424)
calls=4729 0 
0 299157
cob=(1)
cfi=(186)
cfn=(642)
calls=1 71 
0 662
0 5

fn=(1430) 0x000000000010b8b0
0 248
cob=(7)
cfi=(185)
cfn=(1432) std::__cxx11::basic_string<char, std::char_traits<char>, std::allocator<char> >::empty() const
calls=124 0 
0 496

fn=(1436) 0x000000000010b870
0 4
cob=(7)
cfi=(185)
cfn=(1438) std::basic_ifstream<char, std::char_traits<char> >::basic_ifstream(std::__cxx11::basic_string<char, std::char_traits<char>, std::allocator<char> > const&, std::_Ios_Openmode)
calls=2 0 
0 10093

fn=(1514) 0x00000000048ec2a0
0 6
cob=(7)
cfi=(185)
cfn=(1516) operator new[](unsigned long)
calls=3 0 
0 706

fn=(1552) 0x00000000048efab0
0 1980
cob=(7)
cfi=(185)
cfn=(1556) std::istream::sentry::sentry(std::istream&, bool)
calls=990 0 
0 56667
cob=(1)
cfi=(186)
cfn=(642)
calls=1 71 
0 701
0 5

fn=(1618) 0x00000000048edfb0
0 234
cob=(7)
cfi=(185)
cfn=(1622) std::__cxx11::basic_stringbuf<char, std::char_traits<char>, std::allocator<char> >::_M_pbump(char*, char*, long)
calls=117 0 
0 1638
cob=(1)
cfi=(186)
cfn=(642)
calls=1 71 
0 1001
0 5

fn=(1624) 0x000000000010b630
0 1702
cob=(7)
cfi=(185)
cfn=(1626) std::istream::operator>>(int&)
calls=851 0 
0 387682

fn=(1814) 0x000000000010b690
0 234
cob=(7)
cfi=(185)
cfn=(1816) std::__cxx11::basic_stringstream<char, std::char_traits<char>, std::allocator<char> >::~basic_stringstream()
calls=117 0 
0 26577

fn=(618)
0 7

fn=(684) 0x00000000048ef3c0
0 30
cob=(7)
cfi=(185)
cfn=(688) std::locale::facet::_S_get_c_locale()
calls=15 0 
0 3235
cob=(1)
cfi=(186)
cfn=(642)
calls=1 71 
0 826
0 5

fn=(690) 0x00000000048ed790
0 30
cob=(2)
cfi=(188) ./nptl/./nptl/pthread_once.c
cfn=(694) pthread_once@@GLIBC_2.34
calls=15 136 
0 1974
cob=(1)
cfi=(186)
cfn=(642)
calls=1 71 
0 1001
0 5

fn=(710) 0x00000000048ee490
0 2
cob=(2)
cfi=(190) ./locale/./locale/newlocale.c
cfn=(714) newlocale
calls=1 43 
0 40
cob=(1)
cfi=(186)
cfn=(642)
calls=1 71 
0 771
0 5

fn=(3204) 0x000000000010b920
0 2
cob=(7)
cfi=(185)
cfn=(1418) std::__cxx11::basic_string<char, std::char_traits<char>, std::allocator<char> >::_M_create(unsigned long&, unsigned long)
calls=1 0 
0 77

fn=(3206) 0x000000000010b6d0
0 2
cob=(7)
cfi=(185)
cfn=(3208) std::__cxx11::basic_string<char, std::char_traits<char>, std::allocator<char> >::_M_data(char*)
calls=1 0 
0 3

fn=(3210) 0x000000000010b970
0 2
cob=(7)
cfi=(185)
cfn=(3212) std::__cxx11::basic_string<char, std::char_traits<char>, std::allocator<char> >::_M_capacity(unsigned long)
calls=1 0 
0 3

fn=(3324) 0x00000000048efe70
0 24
cob=(7)
cfi=(185)
cfn=(3328) std::__basic_file<char>::xsputn_2(char const*, long, char const*, long)
calls=12 0 
0 1603
cob=(1)
cfi=(186)
cfn=(642)
calls=1 71 
0 818
0 5

fn=(3336) 0x000000000010b7f0
0 2
cob=(7)
cfi=(185)
cfn=(3338) std::basic_ofstream<char, std::char_traits<char> >::close()
calls=1 0 
0 3535

fn=(3374) 0x000000000010b8d0
0 2
cob=(7)
cfi=(185)
cfn=(3376) std::__cxx11::basic_string<char, std::char_traits<char>, std::allocator<char> >::basic_string(std::allocator<char> const&)
calls=1 0 
0 6

fn=(3380) 0x000000000010b830
0 2
cob=(7)
cfi=(185)
cfn=(3382) std::__cxx11::basic_string<char, std::char_traits<char>, std::allocator<char> >::reserve(unsigned long)
calls=1 0 
0 22

fn=(3452) 0x00000000048eec90
0 2
cob=(2)
cfi=(286) ./libio/./libio/vsnprintf.c
cfn=(3456) vsnprintf
calls=1 102 
0 2345
cob=(1)
cfi=(186)
cfn=(642)
calls=1 71 
0 750
0 5

fn=(3588)
0 4

fn=(3728) 0x0000000004d1a220
0 2
cob=(2)
cfi=(311)
cfn=(3554)
calls=1 30 
0 132

fn=(762) 0x00000000048eeec0
0 2
cob=(7)
cfi=(185)
cfn=(766) std::__timepunct<char>::_M_initialize_timepunct(__locale_struct*)
calls=1 0 
0 157
cob=(1)
cfi=(186)
cfn=(642)
calls=1 71 
0 962
0 5

fn=(846) 0x00000000048ed060
0 2
cob=(7)
cfi=(185)
cfn=(850) std::__cxx11::moneypunct<wchar_t, true>::_M_initialize_moneypunct(__locale_struct*, char const*)
calls=1 0 
0 109
cob=(1)
cfi=(186)
cfn=(642)
calls=1 71 
0 1050
0 5

fn=(852) 0x00000000048ef3b0
0 2
cob=(7)
cfi=(185)
cfn=(856) std::__timepunct<wchar_t>::__timepunct(std::__timepunct_cache<wchar_t>*, unsigned long)
calls=1 0 
0 1176
cob=(1)
cfi=(186)
cfn=(642)
calls=1 71 
0 945
0 5

fn=(1126) 0x0000000004b1f600
0 6
cob=(2)
cfi=(203) ./string/../sysdeps/x86_64/multiarch/strcmp-avx2.S
cfn=(1128) __strncmp_avx2
calls=3 206 
0 94

fn=(1414) 0x00000000048ee810
0 210
cob=(7)
cfi=(185)
cfn=(1418)
calls=105 0 
0 9493
cob=(1)
cfi=(186)
cfn=(642)
calls=1 71 
0 981
0 5

fn=(1464) 0x00000000048ed240
0 6
cob=(7)
cfi=(185)
cfn=(1468) std::__basic_file<char>::open(char const*, std::_Ios_Openmode, int)
calls=3 0 
0 2438
cob=(1)
cfi=(186)
cfn=(642)
calls=1 71 
0 874
0 5

fn=(1508) 0x00000000048ecdc0
0 6
cob=(7)
cfi=(185)
cfn=(1512) std::basic_filebuf<char, std::char_traits<char> >::_M_allocate_internal_buffer()
calls=3 0 
0 766
cob=(1)
cfi=(186)
cfn=(642)
calls=1 71 
0 1001
0 5

fn=(1528) 0x000000000010b7d0
0 4
cob=(7)
cfi=(185)
cfn=(1530) std::__cxx11::basic_string<char, std::char_traits<char>, std::allocator<char> >::basic_string()
calls=2 0 
0 12

fn=(1532) 0x000000000010b530
0 246
cob=(7)
cfi=(185)
cfn=(1534) std::basic_istream<char, std::char_traits<char> >& std::getline<char, std::char_traits<char>, std::allocator<char> >(std::basic_istream<char, std::char_traits<char> >&, std::__cxx11::basic_string<char, std::char_traits<char>, std::allocator<char> >&)
calls=123 0 
0 38421

fn=(2214) 0x000000000010b510
0 4
cob=(7)
cfi=(185)
cfn=(2216) std::chrono::_V2::system_clock::now()
calls=2 0 
0 884

fn=(3234) 0x00000000048efd00
0 50
cob=(2)
cfi=(280) ./libio/./libio/iofwrite.c
cfn=(3238) fwrite
calls=25 31 
0 11140
cob=(1)
cfi=(186)
cfn=(642)
calls=1 71 
0 750
0 5

fn=(3364) 0x000000000010b580
0 2
cob=(7)
cfi=(185)
cfn=(3366) std::__cxx11::basic_string<char, std::char_traits<char>, std::allocator<char> >::get_allocator() const
calls=1 0 
0 3

fn=(3392) 0x000000000010b960
0 2
cob=(7)
cfi=(185)
cfn=(3394) std::__cxx11::basic_string<char, std::char_traits<char>, std::allocator<char> >::append(std::__cxx11::basic_string<char, std::char_traits<char>, std::allocator<char> > const&)
calls=1 0 
0 59

fn=(3674) 0x00000000048ee340
0 6
cob=(7)
cfi=(185)
cfn=(3678) std::basic_ostream<wchar_t, std::char_traits<wchar_t> >::sentry::sentry(std::basic_ostream<wchar_t, std::char_traits<wchar_t> >&)
calls=3 0 
0 213
cob=(1)
cfi=(186)
cfn=(642)
calls=1 71 
0 917
0 5

fn=(3675) 0x00000000048ee340'2
0 2
cob=(7)
cfi=(185)
cfn=(3679) std::basic_ostream<wchar_t, std::char_traits<wchar_t> >::sentry::sentry(std::basic_ostream<wchar_t, std::char_traits<wchar_t> >&)'2
calls=1 0 
0 22

fn=(798) 0x00000000048efb80
0 512
cob=(2)
cfi=(194) ./wcsmbs/./wcsmbs/btowc.c
cfn=(802) btowc
calls=256 32 
0 11136
cob=(1)
cfi=(186)
cfn=(642)
calls=1 71 
0 734
0 5

fn=(808) 0x00000000048edf00
0 24
cob=(7)
cfi=(185)
cfn=(812) std::ctype<wchar_t>::_M_convert_to_wmask(unsigned short) const
calls=12 0 
0 4218
cob=(1)
cfi=(186)
cfn=(642)
calls=1 71 
0 814
0 5

fn=(814) 0x00000000048ed580
0 20
cob=(2)
cfi=(197) ./wctype/./wctype/wctype_l.c
cfn=(818) wctype_l
calls=10 26 
0 3300
cob=(1)
cfi=(186)
cfn=(642)
calls=1 71 
0 747
0 5

fn=(890) 0x00000000048eca50
0 2
cob=(7)
cfi=(185)
cfn=(894) std::moneypunct<char, false>::_M_initialize_moneypunct(__locale_struct*, char const*)
calls=1 0 
0 114
cob=(1)
cfi=(186)
cfn=(642)
calls=1 71 
0 1002
0 5

fn=(1018) 0x00000000048ec780
0 2
cob=(7)
cfi=(185)
cfn=(1022) std::locale::locale(std::locale::_Impl*)
calls=1 0 
0 3
cob=(1)
cfi=(186)
cfn=(642)
calls=1 71 
0 734
0 5

fn=(1032) 0x00000000048ef6e0
0 722
cob=(7)
cfi=(185)
cfn=(1036) std::basic_ios<char, std::char_traits<char> >::init(std::basic_streambuf<char, std::char_traits<char> >*)
calls=361 0 
0 69190
cob=(1)
cfi=(186)
cfn=(642)
calls=1 71 
0 1025
0 5

fn=(1044) 0x00000000048ee9c0
0 730
cob=(7)
cfi=(185)
cfn=(1048) std::locale::operator=(std::locale const&)
calls=365 0 
0 8395
cob=(1)
cfi=(186)
cfn=(642)
calls=1 71 
0 694
0 5

fn=(1068) 0x00000000048f0270
0 8
cob=(7)
cfi=(185)
cfn=(1072) std::basic_ios<wchar_t, std::char_traits<wchar_t> >::_M_cache_locale(std::locale const&)
calls=4 0 
0 224
cob=(1)
cfi=(186)
cfn=(642)
calls=1 71 
0 985
0 5

fn=(1382) 0x000000000010b660
0 56
cob=(7)
cfi=(185)
cfn=(1384) std::__cxx11::basic_string<char, std::char_traits<char>, std::allocator<char> >::size() const
calls=28 0 
0 84

fn=(1482) 0x0000000004b1f3f0
0 8
cob=(2)
cfi=(204)
cfn=(1140)
calls=4 3294 
0 7699

fn=(1524) 0x000000000010b860
0 4
cob=(7)
cfi=(185)
cfn=(1526) std::basic_ifstream<char, std::char_traits<char> >::is_open()
calls=2 0 
0 18

fn=(1568) 0x00000000048ed0d0
0 34
cob=(7)
cfi=(185)
cfn=(1572) std::__basic_file<char>::fd()
calls=17 0 
0 977
cob=(1)
cfi=(186)
cfn=(642)
calls=1 71 
0 750
0 5

fn=(1574) 0x00000000048ec5c0
0 34
cob=(2)
cfi=(234) ./libio/./libio/fileno.c
cfn=(1578) fileno
calls=17 32 
0 119
cob=(1)
cfi=(186)
cfn=(642)
calls=1 71 
0 768
0 5

fn=(1818) 0x00000000048ef140
0 240
cob=(7)
cfi=(185)
cfn=(1822) std::ios_base::~ios_base()
calls=120 0 
0 10470
cob=(1)
cfi=(186)
cfn=(642)
calls=1 71 
0 686
0 5

fn=(1904) 0x000000000010b890
0 60910
cob=(2)
cfi=(225)
cfn=(1378)
calls=30455 255 
0 380653

fn=(3220) 0x00000000048eeb20
0 65634
cob=(7)
cfi=(185)
cfn=(3224) std::basic_ostream<char, std::char_traits<char> >& std::__ostream_insert<char, std::char_traits<char> >(std::basic_ostream<char, std::char_traits<char> >&, char const*, long)
calls=32817 0 
0 6099454
cob=(1)
cfi=(186)
cfn=(642)
calls=1 71 
0 1049
0 5

fn=(3304) 0x000000000010b8e0
0 32114
cob=(7)
cfi=(185)
cfn=(3306) std::ostream::operator<<(int)
calls=16057 0 
0 5702293

fn=(3352) 0x00000000048f0040
0 2
cob=(2)
cfi=(285) ./io/../sysdeps/unix/sysv/linux/write.c
cfn=(3356) write
calls=1 25 
0 8
cob=(1)
cfi=(186)
cfn=(642)
calls=1 71 
0 794
0 5

fn=(3402) 0x000000000010b6e0
0 6
cob=(7)
cfi=(185)
cfn=(3404) std::basic_ostream<char, std::char_traits<char> >& std::operator<< <char, std::char_traits<char>, std::allocator<char> >(std::basic_ostream<char, std::char_traits<char> >&, std::__cxx11::basic_string<char, std::char_traits<char>, std::allocator<char> > const&)
calls=3 0 
0 689

fn=(3410) 0x000000000010b910
0 2
cob=(7)
cfi=(185)
cfn=(3412) std::ostream::operator<<(bool)
calls=1 0 
0 1169

fn=(3426) 0x00000000048f03a0
0 2
cob=(7)
cfi=(185)
cfn=(3430) std::ostream& std::ostream::_M_insert<double>(double)
calls=1 0 
0 5811
cob=(1)
cfi=(186)
cfn=(642)
calls=1 71 
0 721
0 5

ob=(5)
fl=(178)
fn=(592)
0 12

fn=(3582) 0x0000000000001060
0 5

fn=(3572)
0 9
cob=(4)
cfi=(175)
cfn=(3578)
calls=1 0 
0 134
0 1
cfn=(3582)
calls=1 0 
0 5
0 3

ob=(2)
fl=(236)
fn=(1590)
61 122
+7 122
+2 122
+3 122
+1 122
+2 122
+1 122
+1 122
+1 122
+3 122
+1 122
+3 122
+1 122
+2 116
+1 116
+1 115
+1 115
+2 230
+7 6
+5 6
+7 6
+1 6
+1 6
+1 6
+5 1
+1 1
+1 1
+1 2
+37 1
+1 1
+1 1
+2 1
+10 1
+1 1
+3 1
+1 1
+2 1
+1 1

fl=(188)
fn=(694)
136 15
+3 15
+1 30
+4 28
-1 1
cfn=(696) __pthread_once_slow
calls=1 -75 
* 1885

fn=(696)
68 11
+8 1
+4 2
+52 10
-44 2
+4 2
+9 2
+13 13
cfi=(189) ./nptl/./nptl/cleanup_compat.c
cfn=(698) _pthread_cleanup_push@@GLIBC_2.34
calls=1 -89 
* 7
+2 1
cob=(7)
cfi=(185)
cfn=(700) 0x00000000000d0450
calls=1 0 
* 1816
+2 3
cfi=(189)
cfn=(716) _pthread_cleanup_pop@@GLIBC_2.34
calls=1 -78 
* 6
fi=(191) ./nptl/../sysdeps/nptl/futex-internal.h
+91 3
fe=(188)
-85 1
fi=(191)
+85 5
fe=(188)

fl=(127)
fn=(394)
29 3
fi=(84) ./string/../sysdeps/x86_64/multiarch/ifunc-avx2.h
+11 9
-2 12
fe=(127)
-9 6
fi=(84)
+12 6
+1 9
+3 6
+4 9
+3 15
fe=(127)

fl=(180) ./misc/./misc/init-misc.c
fn=(600) __init_misc
30 1
+1 2
-1 4
+1 4
+2 3
cob=(4)
cfi=(175)
cfn=(602)
calls=1 -33 
* 24
+4 5
+1 3
+2 4

fl=(227)
fn=(1480)
85 21
-20 3
+20 6
-20 3
cob=(4)
cfi=(175)
cfn=(1482)
calls=3 -65 
* 283
+2 9
+3 3
+2 6
-2 3
+2 15
cfi=(228) ./libio/./libio/genops.c
cfn=(1484) _IO_no_init
calls=3 563 
* 168
+1 3
+1 3
-1 3
+1 3
cfi=(229) ./libio/./libio/fileops.c
cfn=(1488) _IO_new_file_init_internal
calls=3 +32 
* 306
+1 15
cfi=(229)
cfn=(1496) _IO_file_fopen@@GLIBC_2.2.5
calls=3 213 
* 649
* 6
-38 6
+50 21

fl=(189)
fn=(698)
25 1
+3 1
+1 1
+1 2
+2 1
+1 1

fn=(716)
40 1
+3 2
+4 2
+2 1

fl=(308)
fn=(3540)
77 1
+3 3
+2 1
+2 2
-7 4
+11 2
+91 1
+3 1
+2 1
+3 1
-63 1
+66 3
-93 2
+11 4
+4 1
+3 2
-71 1
+1 7
+1 1
+84 3
+1 2

fl=(94)
fn=(308)
29 1
fi=(93) ./debug/../sysdeps/x86_64/multiarch/ifunc-memmove.h
+28 3
-1 2
+4 3
+14 2
+3 2
+8 2
+8 2
+3 5
fe=(94)

fl=(100)
fn=(324)
31 2
fi=(101) ./wcsmbs/../sysdeps/x86_64/multiarch/ifunc-avx2.h
+9 6
-2 8
fi=(102) ./wcsmbs/../sysdeps/x86_64/multiarch/wcschr.c
-7 4
fi=(101)
+10 4
+1 6
+3 4
+4 6
+3 10
fe=(100)

fn=(390)
31 1
fi=(97) ./wcsmbs/../sysdeps/x86_64/multiarch/ifunc-wcs.h
+9 3
-1 4
+2 3
+3 2
+4 4
fe=(100)
-17 1

fl=(108)
fn=(344)
31 1
fi=(109) ./string/../sysdeps/x86_64/multiarch/ifunc-strncpy.h
+4 5
+1 3
+3 2
+4 3
+3 4
fe=(108)
-15 1

fl=(252)
fn=(2066)
34 24
+14 9
+9 3
fi=(254) ./libio/./libio/libioP.h
1025 9
+1 6
fe=(252)
57 9
cfi=(229)
cfn=(2084) _IO_file_finish@@GLIBC_2.2.5
calls=3 168 
* 102
+1 9
+13 6
fi=(254)
951 12
+1 12
+6 6
cob=(4)
cfi=(175)
cfn=(2088)
calls=3 0 
* 261
fe=(252)
76 21
-27 3
cfi=(228)
cfn=(2068) _IO_un_link
calls=3 +4 
* 312
+2 24
+1 6
+1 6
cfi=(229)
cfn=(2072) _IO_file_close_it@@GLIBC_2.2.5
calls=3 +75 
* 336
fi=(254)
979 3
fe=(252)
53 3
fi=(254)
979 9
+1 27
fe=(252)
51 15

fl=(285)
fn=(3356)
25 2
+1 12
+1 2

fl=(230) ./nptl/./nptl/libc-cleanup.c
fn=(1492) __libc_cleanup_push_defer
24 8
+1 8
+2 16
+2 16
+3 16
+14 24
+2 8
+1 8

fn=(1494) __libc_cleanup_pop_restore
54 8
+1 8
+2 16
+2 8
+1 24
+11 8

fl=(117)
fn=(362)
29 1
fi=(118) ./string/../sysdeps/x86_64/multiarch/ifunc-strcpy.h
+9 2
+1 1
-1 2
+1 2
+3 2
+4 3
+3 3
fe=(117)
-20 1

fl=(253) ./io/../sysdeps/unix/sysv/linux/close_nocancel.c
fn=(2078) __close_nocancel
25 3
+1 12
+1 3

fl=(139)
fn=(432)
31 1
fi=(114) ./string/../sysdeps/x86_64/multiarch/ifunc-strcasecmp.h
+6 2
-1 4
fe=(139)
-5 2
fi=(114)
+7 3
+3 2
+4 3
+3 4
fe=(139)

fl=(110)
fn=(348)
31 2
fi=(111) ./wcsmbs/../sysdeps/x86_64/multiarch/ifunc-evex.h
+7 6
-1 8
+2 6
+6 4
-3 4
+9 6
+3 8
fe=(110)
-23 2

fl=(246)
fn=(1798)
158 805
+1 1610
+5 805
+1 805
+1 803
+1 803
+1 803
+13 231
+1 231
+2 462
+53 803
+1 803
+6 803
+1 803
+12 803
+3 803
+1 803
+12 572
+1 572
+13 572
+1 572
+2 572
+3 357
+3 357
+3 357
+1 357
+1 357
+1 357
+1 357
+1 357
+1 357
-6 925
+1 925
+1 925
+1 925
+1 925
+1 925
+1 1282
+3 357
+1 357
+1 357
+1 357
+3 714
-6 215
+1 215
+1 215
+1 215
+3 430
+23 2
+9 2
+1 2
+5 2
+1 2
+36 2
+1 2
+5 2

fl=(95)
fn=(312)
29 1
fi=(84)
+11 3
-2 4
fe=(95)
-9 2
fi=(84)
+12 2
+1 3
+3 2
+4 3
+3 5
fe=(95)

fl=(190)
fn=(714)
43 15
+12 2
277 12
63 2
+3 1
-10 1
+10 2
+7 3
+2 1
-2 1

fl=(231) ./io/../sysdeps/unix/sysv/linux/open64.c
fn=(1500) open
30 6
+3 3
-3 30
+3 14
+8 25
+2 24
-7 1
+5 1
-5 3
+1 1
-1 1
+5 1

fl=(128)
fn=(398)
29 1
fi=(109)
+6 5
+1 3
+3 2
+4 3
+3 4
fe=(128)
-17 1

fl=(291) ./stdlib/../sysdeps/ieee754/dbl-64/dbl2mpn.c
fn=(3472) __mpn_extract_double
33 1
+2 1
-2 2
+4 3
+1 5
+9 2
+9 1
-9 1
+9 2
+47 1
+4 1
-4 1
+4 1

fl=(115)
fn=(358)
29 1
fi=(325) ./string/../sysdeps/x86_64/multiarch/ifunc-sse4_2.h
+7 5
fe=(115)
-7 1

fl=(134)
fn=(418)
29 2
fi=(135) ./string/../sysdeps/x86_64/multiarch/ifunc-evex.h
+9 6
-1 8
+2 6
+6 4
-3 4
+9 6
+3 8
fe=(134)
-25 2

fl=(208) ./misc/./misc/sbrk.c
fn=(1156) sbrk
37 56
+3 7
+3 7
-3 7
+3 7
+35 21
-20 14
+4 14
+4 13
+2 2
-2 3
+8 1
cfi=(209) ./misc/../sysdeps/unix/sysv/linux/brk.c
cfn=(1158) brk
calls=1 -38 
* 9
* 3
cfi=(209)
cfn=(1158)
calls=3 -38 
* 27
* 8
+4 28
-19 2
cfi=(209)
cfn=(1158)
calls=1 -23 
* 9
* 2
+4 2

fl=(192)
fn=(790)
30 4
+1 12
+2 8
+3 8
+1 4
+28 12
+1 12
+2 12
+4 12
+1 4

fl=(216) ./setjmp/./setjmp/sigjmp.c
fn=(1330) __sigjmp_save
28 6
+2 2
-1 1
+5 4

fl=(199)
fn=(826)
73 58
+7 58
+1 58
+3 1
+1 1
+1 1
+4 1
+1 1
+2 1
+1 1
+3 1
+1 1
+1 1
+3 1
+1 1
+3 1
+1 1
+3 1
+1 1
+1 1
+1 1
+1 1
+1 1
+1 1
+1 1
+1 1
+1 1
+3 1
+1 1
+6 1
+1 1
+1 1
+1 1
+4 1
+1 1
+2 1
+1 1
+1 1
+1 1
+3 1
+1 1
+1 1
+1 1
+1 1
+1 1
+2 2
+4 41
+10 41
+1 41
+1 41
+3 82
401 57
+1 57
+5 57
+1 57
+1 57
+1 57
+1 57
+3 57
+1 57
+1 57
+1 57
+3 57
+1 57
+1 16
+1 32

fl=(87)
fn=(292)
30 1
fi=(88) ./wcsmbs/../sysdeps/x86_64/multiarch/ifunc-wcslen.h
+11 2
-1 4
+2 3
+3 2
+4 3
+3 3
fe=(87)
-22 1

fl=(232) ./string/../string/strstr.c
fn=(1502) __GI_strstr
77 27
+5 3
-5 9
+5 6
+2 12
cob=(4)
cfi=(175)
cfn=(1504)
calls=3 -84 
* 69
* 3
+1 6
+1 6
+75 36

fl=(98)
fn=(320)
29 2
fi=(99) ./string/../sysdeps/x86_64/multiarch/ifunc-memmove.h
+28 6
-1 4
+4 6
+14 4
+3 4
+8 4
+8 4
+3 10
fe=(98)

fl=(201)
fn=(1122)
28 1
+1 5
cfi=(202) ./stdlib/./stdlib/getenv.c
cfn=(1124) getenv
calls=1 -5 
* 453

fl=(203)
fn=(1128)
206 3
+24 3
+5 3
+14 3
+25 3
+1 3
+1 3
+2 3
+1 3
+4 2
+4 2
+2 2
+2 2
+3 2
+2 2
+1 2
+11 2
+10 2
+1 2
+3 2
+4 4
+5 2
+1 2
+1 2
957 1
+1 1
+1 1
+1 1
+2 1
+3 1
+1 1
+27 1
+1 1
+1 1
+1 1
+1 1
+1 1
+2 1
+47 1
+1 1
+3 1
+1 1
+1 1
+3 2
+7 1
+1 1
+1 1
+1 1
+10 1
+1 1
+3 1
+1 1
+1 1
+1 1
+6 1
+2 1
+3 1
+1 1

fl=(126)
fn=(386)
31 1
fi=(114)
+6 2
-1 4
fe=(126)
-5 2
fi=(114)
+7 3
+3 2
+4 3
+3 4
fe=(126)

fl=(96)
fn=(316)
31 1
fi=(97)
+9 3
-1 4
+2 3
+3 2
+4 4
fe=(96)
-17 1

fl=(138)
fn=(428)
33 1
fi=(99)
+24 3
-1 2
+4 3
+14 2
+3 2
+8 2
+8 2
+3 5
fe=(138)

fl=(215) ./setjmp/../sysdeps/x86_64/setjmp.S
fn=(1328) __sigsetjmp
31 1
+2 1
+9 1
+1 2
+1 1
+4 1
+1 1
+1 1
+1 1
+1 1
+2 2
+2 1
+1 1
+1 1
+2 2
+2 1
+5 1
+1 1
+17 1
cfi=(216)
cfn=(1330)
calls=1 -57 
* 13

fl=(316) ./posix/../sysdeps/unix/sysv/linux/_exit.c
fn=(3750) _Exit
27 2
+3 2

fl=(113)
fn=(354)
31 1
fi=(114)
+6 2
-1 4
fe=(113)
-5 2
fi=(114)
+7 3
+3 2
+4 3
+3 4
fe=(113)

fl=(129)
fn=(402)
29 1
fi=(130) ./wcsmbs/../sysdeps/x86_64/multiarch/ifunc-memcmp.h
+5 5
+1 2
+1 2
+1 3
+3 2
+4 3
+3 4
fe=(129)
-18 2

fl=(137)
fn=(424)
31 1
fi=(97)
+9 3
-1 4
+2 3
+3 2
+4 4
fi=(326) ./wcsmbs/../sysdeps/x86_64/multiarch/wcpncpy.c
-17 1
fe=(137)

fl=(196) ./iconv/./iconv/gconv_simple.c
fn=(806) __gconv_btwoc_ascii
49 128
+2 512
+3 128

fl=(235)
fn=(1584)
25 4
+1 24
+1 4

fl=(304) ./stdio-common/./stdio-common/Xprintf_buffer_done.c
fn=(3502) __printf_buffer_done
25 1
+1 3
+5 2
+2 12
+7 1

fl=(305) ./stdlib/./stdlib/exit.c
fn=(3532) exit
137 2
+1 3
-1 1
+1 1
cfn=(3534) __run_exit_handlers
calls=1 38 
* 10943

fn=(3534)
38 12
+2 2
+3 5
+11 2
+2 2
+38 2
-30 39
+2 12
+1 12
-1 12
+3 106
+44 3
+13 1
-66 1
+66 3
+2 2
+3 2
cfi=(316)
cfn=(3750)
calls=1 27 
* 4
-29 1
+1 1
-2 1
+3 1
+3 1
-3 2
+3 3
+1 3
cob=(1)
cfi=(307)
cfn=(3538)
calls=1 -82 
* 10215
+1 4
+10 3
+1 2
-79 1
cfi=(306) ./stdlib/./stdlib/cxa_thread_atexit_impl.c
cfn=(3536) __call_tls_dtors
calls=1 148 
* 13
* 1
+88 1
cfi=(228)
cfn=(3740) _IO_cleanup
calls=1 842 
* 467
* 1

fl=(202)
fn=(1124)
24 9
+1 8
+3 1
cob=(4)
cfi=(175)
cfn=(820)
calls=1 -28 
* 16
+1 1
-1 1
+1 194
+2 96
+1 12
cob=(4)
cfi=(175)
cfn=(1126)
calls=3 -32 
* 100
* 6
+5 9

fl=(198)
fn=(822)
52 32923
+13 32923
+1 32923
+1 32923
+3 32923
+2 32923
+1 32923
+3 32923
+1 32923
+8 32923
+1 32923
+1 32923
+5 65846

fl=(295) ./stdlib/./stdlib/mul.c
fn=(3482) __mpn_mul
48 34
+6 4
+12 4
+76 22
-71 2
+1 4
+69 2
-60 4
cfi=(296) ./stdlib/../sysdeps/x86_64/mul_1.S
cfn=(3484) __mpn_mul_1
calls=2 -50 
* 66
* 4
+2 2
+1 2
+4 4

fl=(306)
fn=(3536)
148 4
+1 1
-1 1
+1 3
+16 4

fl=(212) ./csu/../csu/libc-start.c
fn=(1308) __libc_start_main@@GLIBC_2.34
242 13
+69 3
+1 3
cfi=(200)
cfn=(1080)
calls=1 67 
* 76
+25 6
+6 2
-3 2
+10 2
cob=(4)
cfi=(175)
cfn=(1320)
calls=1 0 
* 7
+2 2
+8 4
cfi=(213) ./csu/../sysdeps/nptl/libc_start_call_main.h
cfn=(1324) (below main)
calls=1 29 
* 307356954
128 2
+6 3
+1 6
cob=(4)
cfi=(175)
cfn=(1310)
calls=1 0 
* 7
* 1
+3 1
+1 2
+3 2
+1 2
-1 1
+2 7
+1 4
cob=(8)
cfi=(211)
cfn=(1314) 0x0000000000003a80
calls=1 0 
* 12
-1 4

fl=(91)
fn=(300)
29 1
fi=(88)
+12 2
-1 4
+2 3
+3 2
+4 3
+3 3
fe=(91)
-23 1

fl=(281) ./libio/./libio/filedoalloc.c
fn=(3246) _IO_file_doallocate
78 11
+6 4
fi=(254)
1025 3
+1 2
fe=(281)
84 3
cfi=(229)
cfn=(3248) _IO_file_stat
calls=1 1147 
* 9
* 2
+2 4
+11 4
+4 2
cob=(4)
cfi=(175)
cfn=(1482)
calls=1 0 
* 7424
* 1
+1 2
+2 4
cfi=(228)
cfn=(2080) _IO_setb
calls=1 329 
* 29
+1 1
+1 9

fl=(298) ./nptl/./nptl/alloca_cutoff.c
fn=(3488) __libc_alloca_cutoff
27 1
+1 9
+7 1

fl=(207) ./malloc/./malloc/morecore.c
fn=(1154) __glibc_morecore
25 7
+1 14
-1 14
+4 7
cfi=(208)
cfn=(1156)
calls=7 +8 
* 242
+1 14
+4 14

fl=(131)
fn=(406)
29 1
fi=(93)
+28 3
-1 2
+4 3
+14 2
+3 2
+8 2
+8 2
+3 5
fe=(131)

fl=(193)
fn=(796)
30 1280
+9 384
+6 128
-1 256
+35 1152

fl=(287) ./stdio-common/./stdio-common/vfprintf-internal.c
fn=(3458) __printf_buffer
600 12
fi=(327) ./stdio-common/./stdio-common/printf-parse.h
82 1
fe=(287)
600 2
fi=(327)
82 1
fe=(287)
600 1
+27 3
+11 1
-11 1
+11 1
-11 1
+11 2
fi=(327)
82 1
cob=(4)
cfi=(175)
cfn=(3460)
calls=1 -82 
* 21
fe=(287)
653 2
+1 1
fi=(327)
82 2
fe=(287)
654 1
-1 1
cfi=(288) ./stdio-common/./stdio-common/Xprintf_buffer_write.c
cfn=(3464) __printf_buffer_write
calls=1 27 
* 19
+2 3
+4 2
+4 8
-32 1
973 1
642 1
973 2
634 1
+71 4
1044 11
705 2
-13 1
+7 1
+6 2
-14 1
-4 1
+18 1
-10 1
+10 1
-7 1
-4 1
+11 2
-19 1
-1 1
+20 1
-12 1
-9 1
-1 1
+22 1
-15 2
891 2
+82 2
+3 34
+20 11
+1 1
263 1
+1 1
997 1
744 1
264 2
744 1
263 2
1024 1
fi=(327)
82 1
fe=(287)
1018 1
fi=(327)
82 2
cob=(4)
cfi=(175)
cfn=(3460)
calls=1 -82 
* 21
fe=(287)
1028 2
+1 1
fi=(327)
82 1
fe=(287)
1029 1
-1 1
cfi=(288)
cfn=(3464)
calls=1 27 
* 19
+3 2
709 1
814 1
-1 1
+1 2
+41 13
266 1
cfi=(289) ./stdio-common/./stdio-common/printf_fp.c
cfn=(3466) __printf_fp_l_buffer
calls=1 1099 
* 2005
1001 1
819 1
-1 1
+1 3
+15 7
+3 2
+18 1
-37 1
+19 4

fl=(209)
fn=(1158)
36 5
fi=(328) ./misc/../sysdeps/unix/sysv/linux/brk_call.h
-12 10
fe=(209)
+13 10
+1 10
+6 5
+1 5

fl=(229)
fn=(3240) _IO_file_xsputn@@GLIBC_2.2.5
1198 175
+7 25
-7 50
+6 100
+9 50
-2 100
+17 75
+1 48
+5 24
+2 48
+2 24
-4 24
+2 24
+2 24
-1 24
-1 24
cob=(4)
cfi=(175)
cfn=(3406)
calls=24 0 
* 467
+2 24
-2 24
+4 48
+28 225
-68 1
+44 1
fi=(254)
1025 3
+1 2
fe=(229)
1244 3
cfn=(3242) _IO_file_overflow@@GLIBC_2.2.5
calls=1 732 
* 7604
* 2
+6 2
+1 5
+2 3
+11 2
+1 4
cfi=(228)
cfn=(3254) _IO_default_xsputn
calls=1 371 
* 79
+2 3

fn=(3248)
1147 1
+1 2
cfi=(282) ./io/../sysdeps/unix/sysv/linux/fstat64.c
cfn=(3250) fstat
calls=1 30 
* 6

fn=(3642) _IO_file_sync@@GLIBC_2.2.5
793 77
+5 44
+1 3
+1 11
+1 22
+11 22
+4 55
-17 2
cfn=(3252) _IO_do_write@@GLIBC_2.2.5
calls=1 424 
* 107
* 2

fn=(2084)
168 15
+1 3
-1 3
+1 3
+6 6
+1 9
-1 3
cfi=(228)
cfn=(2086) _IO_default_finish
calls=3 601 
* 60

fn=(3252)
424 2
+2 6
+1 1
-3 3
fi=(254)
1025 1
fe=(229)
424 8
+20 1
-10 2
+7 4
fi=(254)
1025 2
+1 2
fe=(229)
449 4
cfn=(3646) _IO_file_write@@GLIBC_2.2.5
calls=1 1174 
* 46
* 1
+1 3
+2 1
+4 2
-3 2
-1 2
+4 3
-30 2
+28 1
-28 2
+1 8
+28 3

fn=(1488)
106 18
+5 3
-1 3
+3 3
cfi=(228)
cfn=(1490) _IO_link_in
calls=3 -26 
* 267
+1 3
+1 9

fn=(1496)
213 36
+9 6
+2 20
+23 18
357 36
224 4
+57 12
cfn=(1498) _IO_file_open
calls=3 -99 
* 287
* 3
+3 6
+3 9
cfi=(232)
cfn=(1502)
calls=3 77 
* 177
* 3
+1 6
-74 2
+13 2
+1 4
+19 18

fn=(1498)
182 6
+3 3
-3 30
+2 6
+4 3
cfi=(231)
cfn=(1500)
calls=3 30 
* 110
* 3
+1 6
+3 6
+3 3
-4 3
+1 9
+3 3
-3 3
+3 3
+10 6
cfi=(228)
cfn=(1490)
calls=3 87 
* 63
+1 3
+1 18

fn=(2076) _IO_file_close
1165 3
+3 6
cfi=(253)
cfn=(2078)
calls=3 25 
* 18

fn=(2072)
128 21
+2 9
+4 6
+3 3
-3 3
-1 6
+6 3
+3 3
-3 3
cfi=(228)
cfn=(2074) _IO_unsave_markers
calls=3 937 
* 42
+3 9
fi=(254)
1025 9
+1 6
fe=(229)
142 6
cfn=(2076)
calls=3 1165 
* 27
* 3
+3 9
+8 15
cfi=(228)
cfn=(2080)
calls=3 329 
* 87
+1 3
+3 3
-3 9
+3 3
cfi=(228)
cfn=(2068)
calls=3 53 
* 12
+5 3
-4 3
+1 3
+3 3
-2 3
+3 21

fn=(3242)
732 8
+1 4
+7 3
+3 2
+12 2
+9 3
+5 3
+2 2
-5 1
+5 1
+1 1
-5 1
+1 1
+4 2
-7 1
+10 2
+13 1
-12 1
+1 1
+11 4
-12 1
cfn=(3252)
calls=1 424 
* 5
-4 2
-27 2
cfi=(228)
cfn=(3244) _IO_doallocbuf
calls=1 343 
* 7543
+1 1
+9 1
-9 5

fn=(3746) _IO_file_setbuf@@GLIBC_2.2.5
382 6
+1 1
cfi=(228)
cfn=(3748) _IO_default_setbuf
calls=1 +69 
* 69
* 2
+3 1
+4 2
-2 3
+3 3

fn=(3646)
1174 8
+2 4
-1 2
+6 1
cfi=(285)
cfn=(3356)
calls=1 25 
* 8
+1 2
+5 1
+1 1
-12 2
+4 3
+1 2
+10 3
+3 6
-4 3

fl=(195) ./elf/./elf/libc-dl-profstub.c
fn=(804) _dl_mcount_wrapper_check
36 128
+1 384
+1 128

fl=(286)
fn=(3456)
102 3
fi=(329) ./libio/../include/printf_buffer.h
+22 1
fe=(286)
-22 1
fi=(329)
+22 1
fe=(286)
-22 7
fi=(329)
+35 1
-13 1
+13 1
-10 1
+1 1
fe=(286)
-65 2
+3 1
+30 4
cfi=(287)
cfn=(3458)
calls=1 600 
* 2289
-21 3
+1 1
+11 2
cfi=(304)
cfn=(3502)
calls=1 -62 
* 19
+17 6

fl=(119)
fn=(366)
31 1
fi=(114)
+6 2
-1 4
fe=(119)
-5 2
fi=(114)
+7 3
+3 2
+4 3
+3 4
fe=(119)

fl=(314)
fn=(3640)
32 10
+1 20
-1 50
+7 20
+1 10
fi=(254)
1025 30
+1 20
fe=(314)
40 20
cfi=(229)
cfn=(3642)
calls=10 793 
* 324
* 20
fi=(254)
979 20
+1 80
fe=(314)
44 50
-5 100

fl=(112)
fn=(352)
67 1
-23 2
-1 4
+24 2
-22 3
+3 2
+4 3
+3 4

fl=(121)
fn=(374)
29 3
fi=(122) ./string/../sysdeps/x86_64/multiarch/ifunc-memcmp.h
+5 15
+1 6
+1 6
+1 9
+3 6
+4 9
+3 12
fe=(121)
-18 6

fl=(197)
fn=(818)
26 80
+7 10
-7 30
+3 10
cob=(4)
cfi=(175)
cfn=(820)
calls=10 -29 
* 160
* 10
+3 30
+1 10
+7 48
+1 96
-8 48
+2 96
cob=(4)
cfi=(175)
cfn=(820)
calls=48 -35 
* 768
* 20
cob=(4)
cfi=(175)
cfn=(820)
calls=10 -35 
* 160
* 58
+2 312
cob=(4)
cfi=(175)
cfn=(824)
calls=49 -37 
* 1146
* 98
+8 20
+1 10
+1 80

fl=(81)
fn=(280)
86 1
fi=(82) ./string/../sysdeps/x86/cacheinfo.h
-27 1
+3 3
+2 1
+1 1
-1 2
+7 3
+2 1
+1 1
-1 2
+5 2
+2 2
+1 2
+1 2
+2 2
+2 2
fe=(81)

fl=(234)
fn=(1578)
32 17
+3 85
+7 17

fl=(225)
fn=(3408)
242 24
+1 24
+1 24
+1 24
+17 24
+1 24
+42 24
+1 24
+2 22
+1 22
+2 20
+4 20
+1 19
+1 19
+1 19
+1 19
+1 2
+1 2
+2 2
+2 2
-2 17
+2 17
+6 1
+1 1
+1 1
+1 1
+1 1
+7 2
+1 2
+1 2
+1 2
+2 2
+17 2
+1 2
+1 2
+1 2
+1 2

fn=(1378)
255 79652
+1 79652
+6 79652
+1 79652
+2 10328
+1 10328
+1 10328
+3 9921
+1 9921
+1 9921
+3 19842
+30 69324
+1 69324
+2 57423
+1 57423
+2 48788
+4 48788
+1 43196
+1 43196
+1 43196
+1 43196
+1 13973
+1 13973
+2 13973
+2 13973
-2 29223
+2 29223
+6 5592
+1 5592
+1 5592
+1 5592
+1 5592
+7 11901
+1 11901
+1 11901
+1 11901
+2 11901
+17 8635
+1 8635
+1 8635
+1 8635
+1 8635
+7 101
+1 101
+1 101
+1 101
+1 101
+1 101
+1 202
+5 407
+1 407
+5 407
+1 407
+2 206
+1 206
+1 206
+2 105
+1 105
+1 105
+1 105
+1 105
+1 105
+1 105
+1 105
+1 105
+1 105
+1 105
+1 105
+1 105
+1 105
+1 210
+4 201
+1 201
+4 201
+2 201
+4 201
+1 201
+11 201
+3 201
+2 201
+2 201
+4 201
+1 201
+9 186
+1 186
+2 186
+2 186
+1 186
+1 186
+3 186
+2 186
+2 186
+2 372
+6 186
+1 186
+1 186
+1 186
+1 186
+1 186
+1 186
+1 186
+1 186
+1 186
+1 186
+1 186
-11 531
+1 531
+1 531
+1 531
+1 531
+1 531
+1 531
+1 531
+1 531
+1 531
+1 531
+1 531
+2 186
+1 186
+1 186
+1 186
+2 186
+4 372
+13 15
+1 15
+2 15
+1 15
+1 15
+2 15
+2 15
+2 30
+6 15
+1 15
+1 15
+1 15
+1 15
+1 15
+1 15
+1 15
+1 15
+1 15
+1 15
+1 15
-11 63
+1 63
+1 63
+1 63
+1 63
+1 63
+1 63
+1 63
+1 63
+1 63
+1 63
+1 63
+2 15
+1 15
+1 15
+1 15
+2 15
+1 30

fl=(204)
fn=(1160) alloc_perturb
1985 1368
+2 456

fn=(1926) _int_free
4495 336385
+4 144165
+6 192220
+1 96110
+4 240275
+8 192220
-1 96110
+1 96110
+29 47989
-20 47989
-6 47989
+6 95978
+20 191956
1792 7928
4561 15856
+11 30860
+2 23145
1992 7715
4593 7715
1992 15430
4595 7715
+1 7715
+4 15430
+2 7715
-2 7715
+2 7715
+4 15430
+2 23145
+1 7715
+19 30758
+30 287052
-21 426
+3 426
+18 213
-12 213
+12 852
-12 213
cfn=(2052) _int_free_merge_chunk
calls=213 +19 
* 24161
3163 40127
+4 40127
-4 40127
+2 160508
+1 40127
+1 40127
4550 40127

fn=(2052)
4665 1065
+1 213
-1 639
+5 1278
+3 426
+5 639
+3 426
+1 426
+1 426
1992 639
4689 426
+2 102
+2 102
-1 102
+2 408
+2 204
cfn=(2250) unlink_chunk.isra.0
calls=102 1608 
* 2322
+18 426
+6 424
+4 176
+9 176
-1 176
+1 528
+1 352
-1 36
-1 36
+1 108
+1 72
+2 212
+2 424
+5 212
+1 212
+2 636
+1 212
-45 212
-1 424
+1 1272
-1 212
cfn=(2054) _int_free_maybe_consolidate
calls=212 +69 
* 5088
+1 1
-1 2
+1 6
-1 1
cfn=(2054)
calls=1 +69 
* 384
+39 279
+16 1
+1 3
+1 2
-37 36
+1 36
-1 36
cfn=(2250)
calls=36 1608 
* 804
+1 36
-47 639
-2 426

fn=(2054)
4770 2343
+6 426
+22 2332
-20 4
+3 3
-2 1
cfn=(2780) malloc_consolidate
calls=1 +32 
* 175
* 1
+5 5
+1 4
+13 7
-13 1
cfn=(3512) systrim.constprop.0
calls=1 2957 
* 170

fn=(2250)
1608 358
+2 1074
-2 358
+2 716
+3 358
+1 716
+2 1432
-3 358
+6 358
+1 358
+1 965
+2 28
+1 42
+3 28
+14 14
+1 14
+3 716

fn=(2780)
4811 4
+17 4
-17 20
+28 4
-28 12
+15 4
+2 4
+13 8
+1 8
-1 72
+1 72
+62 120
+1 32
-31 338
+4 226
+2 113
+1 226
+1 226
+2 226
-4 56
+1 112
+1 112
+2 112
+1 4
+4 2
+2 2
-2 4
+3 2
+9 4
-12 167
+2 167
-2 334
+3 167
+9 493
-56 338
+4 507
+1 676
+8 169
-3 338
+3 169
-3 169
+4 169
-4 169
+5 169
-5 169
+5 338
+2 338
+1 50
+2 50
-1 50
+2 200
+2 350
cfn=(2250)
calls=50 1608 
* 1050
* 250
+3 338
+4 56
+1 168
+16 112
-16 56
cfn=(2250)
calls=56 1608 
* 1176
* 224

fn=(1140)
3294 384456
+7 96114
1326 96112
+19 240275
3311 96094
+2 192228
+3 96112
+10 3090
+28 9270
3248 4
cfn=(1150) tcache_init.part.0
calls=1 -6 
* 473
+68 2
+2 143967
3178 93024
+4 93024
+4 46512
+4 46512
-4 139536
+4 46512
+1 46512
3354 279072
-26 6180
cfn=(1152) _int_malloc
calls=1545 3846 
* 335439
+1 7725
fi=(205) ./malloc/./malloc/arena.c
153 3090
264 1
cfn=(1144) ptmalloc_init.part.0
calls=1 -2 
* 1151
fe=(204)
1326 2

fn=(1152)
3846 17006
1326 3092
+19 9273
3887 3086
1794 1543
3914 3086
+65 2344
-63 4688
+3 1172
+2 2344
+2 1936
-6 968
+9 1936
+1 4840
+5 1936
+1 1936
+7 968
-1 1936
+1 4840
+5 1936
3165 968
3945 968
+1 1936
+5 39444
3165 6574
-2 6574
+4 6574
-2 6574
3945 6574
3163 6574
+3 6574
+1 6574
3946 32975
+2 13148
+2 13148
+27 742
+62 395
+1 216
+20 570
-1 570
-1 570
+1 1140
+1 1140
-2 1138
+12 2850
-1 460
+4 460
+1 230
+2 460
-3 202
+1 101
+2 202
+1 993
+2 331
+1 1324
+2 1324
-10 331
+12 662
+1 662
+2 662
+11 1122
+29 203
+1 203
+4 406
+29 404
+8 136
+1 4
+1 4
-1 4
+4 8
-4 19
+1 19
-1 19
+4 38
+5 3
-2 3
+2 9
+1 6
+7 1
-1 4
+2 3
3887 6
+27 6
+66 506
+2 506
-2 506
+2 1012
+2 8
+1 16
+6 8
-4 8
+1 8
+1 8
+2 16
+7 32
-1 16
+1 16
+5 52
+1 24
+2 8
-92 9
1345 3
3919 6
+2 6
+9 621
4041 4
cfn=(2780)
calls=2 4811 
* 6158
* 2
+93 2
+1 2
-1 2
+1 4
-14 2
+19 4
+1 6
1985 2907
4487 18552
1985 8
4020 8
1985 16
4163 432
+1 648
+1 216
-1 216
+57 432
+9 216
-9 432
+9 216
-9 648
+1 216
+1 216
+1 216
+1 216
+6 432
-10 46
+9 23
-9 46
+9 23
-9 69
+1 23
+1 23
+1 23
+1 23
+6 46
4070 717
4246 276
+11 1437
+2 213
+3 71
-3 71
+3 142
+1 481
+71 1431
-4 477
+1 477
+1 477
-1 477
+1 477
+1 954
+1 1431
+5 2042
+16 361
+2 722
-4 1100
+8 189
+3 378
+2 77
+1 77
+1 77
-2 308
-27 77
-99 956
3163 1
+4 1
-4 1
+2 8
+1 2
+1 1
4070 2
+29 432
+2 128
-1 256
+27 38
+1 38
+4 76
+29 91
+8 85
4008 4
+1 4
+1 8
3159 4
4012 4
3167 4
-8 4
+4 4
4013 4
3163 4
+2 16
+1 4
+2 4
-2 4
+1 4
+1 4
4218 20
-48 20
+48 60
4343 1140
+3 1508
-3 1092
+3 1192
-3 894
+3 804
-3 398
4443 365
+1 730
+2 730
+3 1095
+17 16
+2 2
cfn=(2780)
calls=1 4811 
* 4972
+2 3
4070 1
4471 1
4070 1
4471 1
4070 305
-91 1794
4169 20
+23 6
+3 1
+1 3
-3 6
+6 2
+13 2
+1 4
-11 4
4343 15
+5 60
+1 30
+24 448
+3 224
+2 112
+3 224
-3 224
+3 112
cfn=(2250)
calls=112 1608 
* 2475
+3 448
+15 102
-5 51
+5 102
+1 102
+3 51
+1 51
+1 51
+3 102
+1 47
+1 102
+2 8
+3 32
+2 12
+1 4
1985 4
4421 4
1985 8
4415 376
+2 141
+1 47
1985 47
4421 47
1985 155
4421 61
1985 122
4387 61
-1 61
+1 122
4070 1
3199 1
-21 1
+4 2
+8 1
-4 4
+4 1
+1 2
4248 1
4105 90
-1 90
+3 90
-1 90
+1 180
+1 270
+1 180
+2 94
+4 47
+6 47
-6 47
+7 47
-7 282
+2 141
+5 47
-4 47
+4 47
cfn=(1160)
calls=47 1985 
* 188
-7 43
+6 43
-6 43
+7 43
-7 258
+2 129
+5 43
-4 43
+4 43
cfn=(1160)
calls=43 1985 
* 172
+1 90
2552 3
+12 3
-12 15
+12 3
4460 1098
cfn=(1160)
calls=366 1985 
* 1464
+1 366
-9 722
+2 722
-1 361
+1 361
-3 361
+3 361
+2 361
-2 1444
+2 361
+3 726
4266 2
+1 12
+6 4
+5 2
+1 4
-1 4
+1 2
cfn=(2250)
calls=2 1608 
* 66
+3 8
2553 3
+36 9
+1 3
-1 3
+1 3
+9 24
+6 6
+3 9
2921 9
+1 3
+4 3
+4 15
+5 3
-2 3
+5 3
-3 6
-3 3
+2 3
+1 3
+1 3
-1 9
+1 3
4482 3
2669 9
+8 6
+1 9
+13 3
+2 3
-2 6
+8 15
+8 6
+48 4
+40 3
+19 2
+3 2
+1 6
+2 1
+1 5
cfi=(207)
cfn=(1154)
calls=1 25 
* 33
+12 4
-12 1
+12 1
2008 4
3882 1
2873 1
+3 1
-1 1
+1 4
+12 1
-11 1
+11 2
2783 1
-1 2
2017 2
2745 1
+1 1
+6 3
-6 1
+6 3
-6 2
+6 6
-6 2
+6 10
+1 12
-44 9
cfi=(207)
cfn=(1154)
calls=3 25 
* 162
+1 6
-1 3
+1 3
2008 3
2711 3
2008 9
2712 3
+3 6
+29 17
4285 2
-1 2
+1 4

fn=(1150)
3242 4
+9 8
+1 3
cfn=(1152)
calls=1 3846 
* 359
+1 2
+8 4
+9 1
fi=(210) ./malloc/../string/bits/string_fortified.h
59 2
fe=(204)
3270 1
fi=(210)
59 86
fe=(204)
3274 3

fn=(1922)
3359 48055
+4 96110
-4 144165
+14 48055
-14 144165
+12 48055
+4 48055
-4 48055
+4 96110
+17 144165
fi=(205)
153 144165
fe=(204)
3398 144165
cfn=(1926)
calls=48055 4495 
* 2780024
+3 48055
+1 288330

fn=(3512)
2957 6
+9 3
+2 1
+1 2
+5 1
+1 1
-1 2
+4 5
+2 2
+40 6
-33 2
cfi=(207)
cfn=(1154)
calls=1 25 
* 33
* 1
+1 4
+12 3
cfi=(207)
cfn=(1154)
calls=1 25 
* 51
+1 2
cfi=(207)
cfn=(1154)
calls=1 25 
* 33
+2 1
+2 2
+4 2
+4 2
-1 1
+1 2
+2 2

fl=(85)
fn=(288)
29 1
fi=(325)
+7 5
fe=(85)
-7 1

fl=(292) ./stdlib/../sysdeps/x86_64/lshift.S
fn=(3474) __mpn_lshift
28 1
+1 1
+1 1
+2 1
+1 1
+1 1
+12 1
+1 1
+1 1
+1 1
+1 1
+1 1
+1 1
+6 1
+1 1
+1 1

fl=(233)
fn=(1506)
53 3
+2 3
+1 3
+1 3
+1 3
+1 3
+3 3
+1 3
+4 3
+1 3
+1 3
+1 3
+1 3
+1 3
+1 3
+1 3
+3 3
+8 3
+8 3
+1 6

fn=(3462)
53 2
+2 2
+1 2
+1 2
+1 2
+1 2
+3 2
+1 2
+4 2
+1 2
+1 2
+1 2
+1 2
+1 2
+1 2
+1 2
+13 2
+2 4

fl=(103)
fn=(330)
65 1
-22 2
+1 1
-2 4
+2 2
+3 2
+4 3
+3 3
+11 1

fl=(89)
fn=(296)
29 2
fi=(90) ./string/../sysdeps/x86_64/multiarch/ifunc-memset.h
+25 10
+3 6
+7 4
+9 4
+2 4
+10 4
+8 4
+3 10
fe=(89)

fl=(104)
fn=(332)
29 1
fi=(105) ./debug/../sysdeps/x86_64/multiarch/ifunc-memset.h
+25 5
+3 3
+7 2
+9 2
+2 2
+10 2
+8 2
+3 5
fe=(104)

fl=(132)
fn=(410)
33 1
fi=(118)
+5 2
+1 1
-1 2
+1 2
+3 2
+4 3
+3 3
fe=(132)
-16 1

fl=(200)
fn=(1080)
67 84
-26 24
+2 96
+1 24
cfn=(1082) __new_exitfn
calls=12 +36 
* 440
+2 24
+8 12
-2 12
+3 12
+1 12
-4 24
+1 12
+4 48
+1 12
+11 72

fn=(1082)
80 12
+6 24
-6 48
+11 24
-10 12
+10 48
+2 24
+1 55
-1 24
-2 1
+10 1
-10 3
+13 22
+25 11
+1 22
-1 22
+7 11
+5 33
-4 11
+4 22
-5 1
+5 3
-4 1
+4 2
-18 1
-1 1
+12 1

fl=(280)
fn=(3238)
31 150
+1 25
-1 25
+1 25
-1 50
+4 150
+2 250
+1 76
+1 1
fi=(254)
1025 1
fe=(280)
39 1
fi=(254)
1025 1
+1 2
fe=(280)
39 24
fi=(254)
1025 24
fe=(280)
39 24
fi=(254)
1025 24
+1 48
fe=(280)
39 125
cfi=(229)
cfn=(3240)
calls=25 1198 
* 9341
+6 50
fi=(254)
979 50
fe=(280)
45 50
+1 25
+3 225
-11 48
fi=(254)
980 225
fe=(280)
37 100

fl=(123)
fn=(378)
31 2
fi=(124) ./wcsmbs/../sysdeps/x86_64/multiarch/ifunc-wmemset.h
+5 10
+1 6
fe=(123)
-6 2

fl=(174) ./nptl/./nptl/pthread_mutex_conf.c
fn=(562) __pthread_tunables_init
55 2
+1 2
-1 2
+1 2
-1 4
+1 1
cob=(4)
cfi=(175)
cfn=(564)
calls=1 -56 
* 26
+2 4
cob=(4)
cfi=(175)
cfn=(564)
calls=1 -58 
* 25
+2 4
cob=(4)
cfi=(175)
cfn=(564)
calls=1 -60 
* 26
+2 6

fl=(288)
fn=(3464)
27 3
+1 9
-1 21
+4 8
+2 2
+3 1
fi=(294) ./stdio-common/../string/bits/string_fortified.h
-7 1
fe=(288)
+8 2
fi=(294)
-8 1
fe=(288)
+12 1
fi=(294)
-12 1
cob=(4)
cfi=(175)
cfn=(3476)
calls=1 -29 
* 15
fe=(288)
+11 3
-9 2
+2 3
+11 18

fl=(120)
fn=(370)
31 1
fi=(84)
+9 3
-2 4
fe=(120)
-7 2
fi=(84)
+10 2
+1 3
+3 2
+4 3
+3 5
fe=(120)

fl=(282)
fn=(3250)
30 1
+9 4
+33 1

fl=(293) ./stdlib/./stdlib/cmp.c
fn=(3478) __mpn_cmp
31 3
+4 6
+2 3
+1 3
+1 6
+8 15

fl=(312) ./posix/./posix/register-atfork.c
fn=(3556) __unregister_atfork
82 10
+1 10
-1 20
+1 10
fi=(313) ./posix/../malloc/dynarray-skeleton.c
243 5
fe=(312)
71 10
+38 20
+1 15

fl=(83)
fn=(284)
31 2
fi=(84)
+9 6
-2 8
fe=(83)
-7 4
fi=(84)
+10 4
+1 6
+3 4
+4 6
+3 10
fe=(83)

fl=(171) ./ctype/./ctype/ctype-info.c
fn=(556) __ctype_init
29 1
+2 7
+2 4
+2 4
+1 1

fl=(106)
fn=(336)
28 1
fi=(84)
+12 3
-2 4
fe=(106)
-10 2
fi=(84)
+13 2
+1 3
+3 2
+4 3
+3 5
fe=(106)

fl=(133)
fn=(414)
29 2
fi=(99)
+28 6
-1 4
+4 6
+14 4
+3 4
+8 4
+8 4
+3 10
fe=(133)

fl=(259)
fn=(2222)
30 2
+8 4
+2 4
+28 4
+1 4
-25 4

fl=(297) ./stdlib/../sysdeps/x86_64/rshift.S
fn=(3486) __mpn_rshift
28 2
+1 2
+1 2
+1 2
+13 2
+1 2
+16 2
+1 2
+1 2
+1 2
+1 2
+1 2
+1 2
+5 2
+1 2
+1 2
+1 2
+1 2

fl=(181)
fn=(604)
53 1
+1 1
+1 1
+2 1
+1 1
+4 1
+1 1
+1 1
+3 1
+2 1
+1 1
+1 1
+1 1
+3 1
+1 1
+2 1
+1 1
+1 1
+1 1
+1 1
+9 2

fl=(194)
fn=(802)
32 512
+5 256
-5 2048
+5 1536
+5 512
+4 384
fi=(330) ./wcsmbs/./wcsmbsload.h
+23 128
+1 384
fe=(194)
-23 128
+1 128
-1 128
+1 128
+4 512
+3 256
cfi=(195)
cfn=(804)
calls=128 -19 
* 640
* 512
+39 128
-39 256
+39 512
-39 128
cfi=(196)
cfn=(806)
calls=128 -6 
* 768
+39 1152

fl=(300) ./stdlib/./stdlib/divrem.c
fn=(3494) __mpn_divrem
46 98
+3 14
234 63
62 7
+1 7
-16 7
+18 14
+7 42
+1 7
-1 14
+1 14
-1 14
+4 14
+3 7
+2 7

fl=(213)
fn=(1324)
29 4
+15 1
-15 5
+15 1
cfi=(214) ./setjmp/../sysdeps/x86_64/bsd-_setjmp.S
cfn=(1326) _setjmp
calls=1 -16 
* 38
* 1
+2 2
+5 2
+1 2
+3 2
+3 6
cob=(8)
cfi=(217) /home/steph/projects/drone-logistics/src/main.cpp
cfn=(1332) main
calls=1 -22 
* 307345938
+16 2
cfi=(305)
cfn=(3532)
calls=1 +63 
* 10950

fl=(205)
fn=(1144)
262 1
fi=(206) ./malloc/../sysdeps/unix/sysv/linux/not-cancel.h
97 3
fe=(205)
262 7
+5 1
fi=(206)
97 3
fi=(204)
3143 2
fe=(205)
292 2
+4 3
fi=(204)
1946 4
+3 1
-3 1
+3 2
-3 2
+3 126
-3 126
+3 252
-3 252
+11 1
fe=(205)
300 3
fi=(204)
1958 1
+2 1
fe=(205)
300 1
cob=(4)
cfi=(175)
cfn=(564)
calls=1 0 
* 25
+1 4
cob=(4)
cfi=(175)
cfn=(564)
calls=1 0 
* 26
+1 4
cob=(4)
cfi=(175)
cfn=(564)
calls=1 0 
* 25
+1 4
cob=(4)
cfi=(175)
cfn=(564)
calls=1 0 
* 25
+1 4
cob=(4)
cfi=(175)
cfn=(564)
calls=1 0 
* 26
+1 4
cob=(4)
cfi=(175)
cfn=(564)
calls=1 0 
* 25
+1 4
cob=(4)
cfi=(175)
cfn=(564)
calls=1 0 
* 25
+2 4
cob=(4)
cfi=(175)
cfn=(564)
calls=1 0 
* 25
+1 4
cob=(4)
cfi=(175)
cfn=(564)
calls=1 0 
* 25
+1 4
cob=(4)
cfi=(175)
cfn=(564)
calls=1 0 
* 25
+3 4
cob=(4)
cfi=(175)
cfn=(564)
calls=1 0 
* 25
+1 4
cob=(4)
cfi=(175)
cfn=(564)
calls=1 0 
* 25
+2 2
+10 8

fl=(289)
fn=(3470) __printf_fp_buffer_1.isra.0
138 18
+21 1
+18 1
+10 1
-28 7
+62 2
1030 11
226 3
+4 7
+36 1
+5 1
-49 1
+44 4
+1 1
+1 2
+3 13
+1 1
-1 1
+1 3
-1 1
+1 2
-1 1
+1 8
+1 1
-1 2
+1 13
+6 1
-6 2
+7 2
+17 1
+4 4
-4 2
+16 2
+11 1
-41 1
+10 1
+31 1
-30 7
+33 3
+41 1
+1 1
-1 1
+1 3
fi=(294)
29 1
cob=(4)
cfi=(175)
cfn=(3476)
calls=1 -29 
* 13
fe=(289)
385 10
+18 1
-9 1
+2 2
-2 10
+2 20
-74 24
-4 12
+4 49
-4 1
+4 4
+15 3
-13 6
+53 2
-2 12
cfi=(295)
cfn=(3482)
calls=2 48 
* 154
+5 4
+1 4
fi=(294)
29 4
fe=(289)
388 4
fi=(294)
29 2
cob=(4)
cfi=(175)
cfn=(3476)
calls=2 -29 
* 26
fe=(289)
389 6
+1 6
+1 2
+3 2
-4 2
-1 2
+1 2
+1 6
+5 4
+1 2
+6 2
+4 1
+4 1
-4 1
+4 3
-4 15
665 1
+9 1
-9 1
+9 1
+6 1
-15 1
+9 2
+6 1
-6 2
+2 2
+10 2
+20 5
+1 1
-13 1
+13 2
+39 2
fi=(299) ./stdio-common/../sysdeps/pthread/allocalim.h
27 1
fe=(289)
746 1
fi=(299)
27 1
cfi=(298)
cfn=(3488)
calls=1 * 
* 11
+2 2
fe=(289)
759 14
fi=(299)
29 1
fe=(289)
759 3
+4 1
-3 2
+3 2
+3 3
+7 6
+2 2
-4 1
+4 1
+14 2
-2 1
+1 5
+1 1
+1 2
-1 5
+1 32
91 5
792 5
+2 5
91 10
+2 5
+2 10
-2 10
+8 10
+4 30
cfi=(300)
cfn=(3494)
calls=5 -59 
* 235
+2 5
+4 5
-6 5
+2 15
+1 5
+2 10
+1 20
+7 5
+4 15
cfi=(296)
cfn=(3484)
calls=5 -91 
* 105
+1 10
+1 25
793 5
+1 10
+1 10
230 6
cfi=(291)
cfn=(3472)
calls=1 33 
* 22
* 4
+4 1
382 6
805 5
+1 3
cfn=(3492) hack_digit
calls=1 88 
* 92
+2 2
-2 1
+2 5
fi=(301) ./stdio-common/../sysdeps/generic/get-rounding-mode.h
94 1
+1 7
fe=(289)
924 2
+7 2
+4 2
+2 3
+19 1
+1 6
+4 3
+14 3
+5 5
+3 2
+8 2
-4 1
+4 1
+5 2
-9 4
+9 4
fi=(303) ./stdio-common/../include/printf_buffer.h
163 3
fe=(289)
999 4
+2 3
+5 2
fi=(303)
163 3
fe=(289)
1009 3
+13 4
cfi=(288)
cfn=(3464)
calls=1 27 
* 53
+2 3
+4 3
385 9
cfi=(293)
cfn=(3478)
calls=3 31 
* 36
* 6
+3 4
fi=(302) ./stdio-common/../include/rounding-mode.h
52 4
fe=(289)
835 1
-5 2
+5 4
+5 6
+1 3
+1 2
+2 2
+80 3
-69 2
+80 1
-11 2
766 3
966 2
+9 2
707 2
994 4
+2 2
711 1
+20 2
-20 1
+3 2
+2 1
-2 1
+2 2
+15 6
308 1
-2 1
+2 1
-3 1
+3 4
-3 2
cfi=(292)
cfn=(3474)
calls=1 28 
* 16
+4 2
-4 1
+4 7
+1 2
+1 7
766 3
+3 2
cfn=(3492)
calls=1 88 
* 121
* 1
-3 4
+8 5
407 1
+6 2
1003 2
442 5
+35 2
-4 1
-21 2
+19 1
-1 3
+1 1
-1 3
cfi=(297)
cfn=(3486)
calls=1 28 
* 18
+4 3
-1 1
+1 3
cfi=(297)
cfn=(3486)
calls=1 28 
* 18
+3 1
+1 5
-48 1
+4 1
-5 1
+5 6
834 2

fn=(3492)
88 8
+3 2
-3 2
+3 4
+2 2
+2 4
-2 4
+8 4
+21 3
cfi=(296)
cfn=(3484)
calls=1 -91 
* 21
+1 2
+1 5
+4 5
-23 12
cfi=(300)
cfn=(3494)
calls=2 -59 
* 94
+2 2
-2 2
+2 6
+3 2
-2 2
+2 2
+1 8
+1 2
-1 5
+11 1
-4 3
-1 1
+11 5

fn=(3466)
1099 12
+3 1
-3 7
+3 2
+13 2
+2 1
-2 1
cob=(4)
cfi=(175)
cfn=(820)
calls=1 0 
* 16
* 2
+1 5
+31 11
-30 2
fi=(290) ./stdio-common/../include/../locale/localeinfo.h
331 2
fe=(289)
1111 1
fi=(290)
331 1
fe=(289)
1112 2
+10 7
cfn=(3470)
calls=1 138 
* 1929
+4 1

fl=(92)
fn=(304)
29 1
fi=(93)
+28 3
-1 2
+4 3
+14 2
+3 2
+8 2
+8 2
+3 5
fe=(92)

fl=(284)
fn=(3334)
25 12
+1 72
+1 12

fl=(228)
fn=(2086)
601 18
+2 9
+6 9
+3 9
54 6
624 9

fn=(2080)
329 44
+1 16
+5 8
-3 4
+3 8
-2 4
+2 8
+3 24

fn=(3742) _IO_flush_all
686 5
+5 1
-5 1
+5 1
-5 6
+5 4
cfi=(230)
cfn=(1492)
calls=1 24 
* 13
+1 6
-5 1
fi=(254)
1025 2
fe=(228)
708 33
+1 3
-14 9
+2 3
+1 27
+2 21
+13 7
+1 2
cfi=(230)
cfn=(1494)
calls=1 54 
* 9
+4 12
-20 9
-6 2
-5 2
+8 1
-3 1
+3 2

fn=(3244)
343 1
+1 2
-1 7
+3 3
+1 1
fi=(254)
1025 3
+1 2
fe=(228)
347 2
cfi=(281)
cfn=(3246)
calls=1 78 
* 7514
* 2
+3 6

fn=(1484)
563 33
+1 3
cfn=(1486) _IO_old_init
calls=3 -33 
* 75
+1 3
+1 6
+2 3
+4 3
+7 3
+2 3
-9 15
+15 3
+1 18

fn=(2068)
53 6
+1 12
+28 6
cfn=(2070) __GI__IO_un_link.part.0
calls=3 -30 
* 300

fn=(2070)
52 12
+6 3
-6 6
+6 3
-6 12
+6 12
cfi=(230)
cfn=(1492)
calls=3 -34 
* 39
+1 21
+2 3
-1 3
+1 30
+4 6
+9 6
+2 18
+3 6
cfi=(230)
cfn=(1494)
calls=3 -25 
* 27
+3 27
-19 3
-2 6
+2 6
+13 9
+2 3
-2 3
+1 3
+1 15
-12 9
-7 9

fn=(3740)
842 6
-66 1
+66 6
+1 1
cfn=(3742)
calls=1 686 
* 183
-67 2
+67 1
-67 3
cfi=(230)
cfn=(1492)
calls=1 24 
* 13
+1 6
fi=(254)
1025 1
fe=(228)
785 1
-1 1
+1 4
-1 2
+1 25
+9 6
+2 4
+4 1
-2 1
+3 1
-3 1
+2 2
+5 1
fi=(254)
1025 2
+1 2
fe=(228)
805 4
cfi=(229)
cfn=(3746)
calls=1 382 
* 87
+2 3
+9 1
-2 1
+2 2
-2 1
+2 2
+1 3
-37 9
+41 7
+1 2
cfi=(230)
cfn=(1494)
calls=1 54 
* 9
+33 12
-78 2
+39 24
-2 1
+2 1
-31 6
+7 7
-15 1
+3 2
-3 1
+3 2

fn=(2074)
937 18
+2 6
+5 9
+2 9

fn=(1486)
531 3
+3 3
-2 3
+2 3
+5 3
-7 3
+2 3
+10 3
-10 3
+16 3
-11 3
-5 3
+16 3
-16 3
+21 3
-16 15
+16 6
+1 6
+2 3

fn=(1490)
87 42
+1 30
+18 54
-16 3
+2 9
-2 3
+2 12
cfi=(230)
cfn=(1492)
calls=3 -68 
* 39
+1 21
+10 6
cfi=(230)
cfn=(1494)
calls=3 -49 
* 27
+3 3
-11 15
+2 3
-2 3
+3 3
-3 3
+2 3
+3 12
+2 3
-2 3
+1 3
+1 15
-9 6
+1 3
+1 6

fn=(3748)
452 8
fi=(254)
1025 1
fe=(228)
452 1
+1 1
-1 1
fi=(254)
1025 2
+1 2
fe=(228)
453 2
cfi=(229)
cfn=(3642)
calls=1 793 
* 21
* 2
+4 1
330 1
462 1
-7 2
332 1
466 1
337 1
-4 1
+4 1
467 1
-1 3
+2 6
-11 1
+1 2
-1 1
330 4

fn=(3254)
371 11
+3 4
fi=(254)
1025 1
fe=(228)
373 2
+16 2
+8 1
+2 2
-20 4
+2 1
+1 2
+2 2
-9 1
+29 8
-11 6
-4 3
+6 6
-1 1
-1 3
+1 1
-1 2
+1 2
-1 2
+1 2
-1 2
+1 2
-1 2
+1 2
-1 2

fl=(309)
fn=(3542)
367 1
51 3
+1 2
367 3
57 2
+8 1
-3 1
-23 1
+1 4
+1 1
+29 1
+2 1
369 2
74 2
+6 4
+4 3
+3 2

fl=(107)
fn=(340)
30 1
fi=(101)
+10 3
-2 4
fe=(107)
-8 2
fi=(101)
+11 2
+1 3
+3 2
+4 3
+3 5
fe=(107)

fl=(176) ./nptl/../sysdeps/unix/sysv/linux/x86/elision-conf.c
fn=(566) __lll_elision_init
92 2
+4 1
-4 2
+4 2
-4 1
+4 1
-4 3
+4 1
cob=(4)
cfi=(175)
cfn=(564)
calls=1 -96 
* 26
+2 4
cob=(4)
cfi=(175)
cfn=(564)
calls=1 -98 
* 26
+2 4
cob=(4)
cfi=(175)
cfn=(564)
calls=1 0 
* 26
+2 4
cob=(4)
cfi=(175)
cfn=(564)
calls=1 0 
* 26
+2 4
cob=(4)
cfi=(175)
cfn=(564)
calls=1 0 
* 26
+3 3
+1 1
+1 6

fl=(125)
fn=(382)
29 1
fi=(118)
+9 2
+1 1
-1 2
+1 2
+3 2
+4 3
+3 3
fe=(125)
-20 1

fl=(172) ./resource/../sysdeps/unix/sysv/linux/getrlimit64.c
fn=(558) getrlimit
38 2
+1 7
+1 1

fl=(296)
fn=(3484)
31 8
+1 8
+3 8
+1 8
+1 8
+1 8
+1 8
+2 8
+1 8
+2 8
+1 8
+1 8
+1 8
+1 6
+2 6
+1 6
+1 6
+1 6
+26 2
+1 2
+1 2
+1 2
+1 2
+1 2
+1 2
+1 2
+1 2
+26 2
+1 2
+1 2
+2 2
+1 2
+1 2
+1 2
+1 2
+1 2
+2 2
+3 2
-5 6
+2 6
+3 6

fl=(170)
fn=(554)
33 9
+2 1
cfi=(171)
cfn=(556)
calls=1 -6 
* 17
+3 1
fi=(173) ./elf/../sysdeps/nptl/pthread_early_init.h
-5 2
fe=(170)
+8 1
-3 1
+3 1
fi=(173)
-8 1
cfi=(172)
cfn=(558)
calls=1 +5 
* 10
* 3
+1 1
+4 5
+7 1
fi=(331) ./elf/../nptl/nptl-stack.h
+16 3
fi=(173)
-16 1
fi=(331)
+16 2
fi=(173)
-7 1
fi=(331)
+7 3
fi=(173)
-9 1
-6 1
+2 2
+4 4
+1 1
+3 1
cfi=(174)
cfn=(562)
calls=1 -1 
* 104
fe=(170)
-9 3
+2 2
-2 1
cfi=(176)
cfn=(566)
calls=1 +45 
* 169

fl=(179)
fn=(598)
46 6
+5 2
+4 5
+8 1
-2 1
+10 1
-9 1
+1 1
+9 3
-1 1
cfi=(180)
cfn=(600)
calls=1 -41 
* 50

fl=(182)
fn=(606)
545 1
+1 4
+1 3
+1 3
+2 1

fl=(86)
fn=(290)
79 2
-31 4
+1 2
-2 8
+2 4
+3 4
+4 6
+3 6
+20 2

fl=(116)
fn=(360)
60 1
-17 2
-1 4
+2 3
+2 2
+4 3
+10 1

fl=(136)
fn=(422)
29 1
fi=(325)
+7 5
fe=(136)
-7 1

fl=(214)
fn=(1326)
28 1
+2 1
+2 1
cfi=(215)
cfn=(1328)
calls=1 -1 
* 35

fl=(311)
fn=(3554)
30 10
+3 10
-3 40
+3 25
+3 20
+4 162
+1 132
+2 11
+2 11
+36 11
-5 11
-33 11
+35 33
+3 33
+1 33
cob=(7)
cfi=(185)
cfn=(3626) std::ios_base::Init::~Init()
calls=1 -82 
* 7105
cob=(7)
cfi=(185)
cfn=(3624) 0x00000000000b8da0
calls=1 -82 
* 8
cob=(7)
cfi=(185)
cfn=(3616) 0x00000000000b8d50
calls=1 -82 
* 773
cob=(7)
cfi=(185)
cfn=(3614) 0x00000000000e75a0
calls=1 -82 
* 2
cob=(7)
cfi=(185)
cfn=(3612) 0x00000000000e8920
calls=1 -82 
* 2
cob=(7)
cfi=(185)
cfn=(3610) 0x00000000000eca30
calls=1 -82 
* 2
cob=(7)
cfi=(185)
cfn=(3608) 0x00000000000eca40
calls=1 -82 
* 2
cob=(7)
cfi=(185)
cfn=(3606) 0x00000000001b4e80
calls=1 -82 
* 2
cob=(7)
cfi=(185)
cfn=(3604) 0x00000000001b4e90
calls=1 -82 
* 2
cob=(7)
cfi=(185)
cfn=(3602) 0x00000000001b4ea0
calls=1 -82 
* 2
cob=(7)
cfi=(185)
cfn=(3598) 0x00000000001d0060
calls=1 -82 
* 5
+1 44
+4 33
-47 34
-4 15
+57 20
+4 30
-4 15
+12 10
cfi=(312)
cfn=(3556)
calls=5 -23 
* 100
+1 20
+1 40

ob=(3)
fl=(147)
fn=(456)
27 1
fi=(142) ./math/../sysdeps/x86_64/fpu/multiarch/ifunc-fma.h
+2 4
+1 3
fe=(147)
-3 1

fl=(153)
fn=(476)
27 1
fi=(142)
+2 4
+1 3
fe=(153)
-3 1

fl=(158)
fn=(496)
49 6

fl=(141)
fn=(440)
26 1
fi=(142)
+3 4
+1 3
fe=(141)
-4 1

fl=(151)
fn=(472)
27 1
fi=(152) ./math/../sysdeps/x86_64/fpu/multiarch/ifunc-fma4.h
+4 4
+1 2
fe=(151)
-5 1

fl=(157)
fn=(492)
26 1
fi=(142)
+3 4
+1 3
fe=(157)
-4 1

fl=(146)
fn=(452)
34 1
fi=(144) ./math/../sysdeps/x86_64/fpu/multiarch/ifunc-avx-fma4.h
-2 5
+1 2
fe=(146)
+1 1

fn=(514)
27 1
fi=(144)
+5 5
+1 2
fe=(146)
-6 1

fl=(150)
fn=(468)
30 1
fi=(142)
-1 4
+1 4
fe=(150)

fl=(145)
fn=(448)
27 1
fi=(142)
+2 4
+1 3
fe=(145)
-3 1

fl=(161)
fn=(510)
26 1
fi=(144)
+6 5
+1 2
fe=(161)
-7 1

fl=(156)
fn=(498)
27 1
fi=(152)
+4 4
+1 2
fe=(156)
-5 1

fn=(488)
35 1
fi=(152)
-4 4
+1 2
+3 1
fe=(156)

fl=(159)
fn=(502)
26 1
fi=(142)
+3 4
+1 3
fe=(159)
-4 1

fl=(143)
fn=(444)
27 1
fi=(144)
+5 5
+1 2
fe=(143)
-6 1

fl=(154)
fn=(480)
26 1
fi=(142)
+3 4
+1 3
fe=(154)
-4 1

fl=(183)
fn=(3732) 0x0000000000010430
0 5

fn=(3722)
0 9
cob=(4)
cfi=(175)
cfn=(3728)
calls=1 0 
0 134
0 1
cfn=(3732)
calls=1 0 
0 5
0 3

fn=(612)
0 12

fl=(160)
fn=(506)
27 1
fi=(142)
+2 4
+1 3
fe=(160)
-3 1

fl=(162)
fn=(518)
26 1
fi=(152)
+5 4
+1 2
fe=(162)
-6 1

fl=(149)
fn=(464)
26 1
fi=(142)
+3 4
+1 3
fe=(149)
-4 1

fl=(155)
fn=(484)
27 1
fi=(144)
+5 5
+1 2
fe=(155)
-6 1

fl=(148)
fn=(460)
27 1
fi=(142)
+2 4
+1 3
fe=(148)
-3 1

ob=(8)
fl=(255) /home/steph/projects/drone-logistics/src/../include/types.hpp
fn=(2098) MAPFInstance::MAPFInstance()
18 8
cfi=(240) /usr/include/c++/13/bits/stl_vector.h
cfn=(1684) std::vector<Location, std::allocator<Location> >::vector()
calls=1 531 
* 52
* 4
cfi=(240)
cfn=(1684)
calls=1 531 
* 52
* 4
cfi=(240)
cfn=(2100) std::vector<int, std::allocator<int> >::vector()
calls=1 531 
* 52
* 4
cfi=(240)
cfn=(2100)
calls=1 531 
* 52
* 3

fn=(3514) MAPFInstance::~MAPFInstance()
18 9
cfi=(240)
cfn=(3516) std::vector<int, std::allocator<int> >::~vector()
calls=1 733 
* 237
* 4
cfi=(240)
cfn=(3516)
calls=1 733 
* 237
* 4
cfi=(240)
cfn=(1998) std::vector<Location, std::allocator<Location> >::~vector()
calls=1 733 
* 325
* 3
cfi=(240)
cfn=(1998)
calls=1 733 
* 352
* 3

fn=(2894) Location::operator!=(Location const&) const
12 38070
+2 31725
cfn=(2454) Location::operator==(Location const&) const
calls=6345 -7 
* 114700
* 6345
+1 12690

fn=(2188) SearchMetrics::SearchMetrics()
26 28
cfi=(240)
cfn=(2190) std::vector<std::vector<Location, std::allocator<Location> >, std::allocator<std::vector<Location, std::allocator<Location> > > >::vector()
calls=1 531 
* 52
* 3

fn=(2454)
7 4506190
+2 8094100
+1 1802476

fn=(3510) SearchMetrics::~SearchMetrics()
26 9
cfi=(240)
cfn=(2862) std::vector<std::vector<Location, std::allocator<Location> >, std::allocator<std::vector<Location, std::allocator<Location> > > >::~vector()
calls=1 733 
* 30724
* 3

fn=(3004) LocationHasher::operator()(Location const&) const
42 83223
+2 55482
cfi=(278) /usr/include/c++/13/bits/functional_hash.h
cfn=(3006) std::hash<int>::operator()(int) const
calls=9247 154 
* 83223
* 9247
+1 55482
cfi=(278)
cfn=(3006)
calls=9247 154 
* 83223
* 9247
+1 55482
cfi=(278)
cfn=(3006)
calls=9247 154 
* 83223
* 9247
+3 55482
+1 46235

fl=(217)
fn=(1332)
36 14
fi=(223) /usr/include/c++/13/bits/new_allocator.h
+52 1
fi=(222) /usr/include/c++/13/bits/allocator.h
+75 1
fe=(217)
37 6
cfi=(218) /usr/include/c++/13/bits/basic_string.h
cfn=(1334) std::__cxx11::basic_string<char, std::char_traits<char>, std::allocator<char> >::basic_string<std::allocator<char> >(char const*, std::allocator<char> const&)
calls=1 641 
* 183
fi=(222)
184 3
cfi=(223)
cfn=(1370) std::__new_allocator<char>::~__new_allocator()
calls=1 -80 
* 7
* 3
fi=(223)
-96 1
fi=(222)
+75 1
fe=(217)
38 6
cfi=(218)
cfn=(1334)
calls=1 641 
* 183
fi=(222)
184 3
cfi=(223)
cfn=(1370)
calls=1 -80 
* 7
* 3
fi=(223)
-96 1
fi=(222)
+75 1
fe=(217)
39 6
cfi=(218)
cfn=(1334)
calls=1 641 
* 183
fi=(222)
184 3
cfi=(223)
cfn=(1370)
calls=1 -80 
* 7
* 3
fi=(223)
-96 1
fi=(222)
+75 1
fe=(217)
41 6
cfi=(218)
cfn=(1334)
calls=1 641 
* 1216
fi=(222)
184 3
cfi=(223)
cfn=(1370)
calls=1 -80 
* 7
* 3
fi=(223)
-96 1
fi=(222)
+75 1
fe=(217)
42 6
cfi=(218)
cfn=(1334)
calls=1 641 
* 200
fi=(222)
184 3
cfi=(223)
cfn=(1370)
calls=1 -80 
* 7
* 1
fe=(217)
43 1
+2 12
fi=(223)
+43 5
fi=(222)
+75 5
fe=(217)
47 55
cfi=(218)
cfn=(1334)
calls=5 641 
* 1006
fi=(222)
184 15
cfi=(223)
cfn=(1370)
calls=5 -80 
* 35
* 5
fe=(217)
48 25
cfi=(218)
cfn=(1380) bool std::operator==<char, std::char_traits<char>, std::allocator<char> >(std::__cxx11::basic_string<char, std::char_traits<char>, std::allocator<char> > const&, char const*)
calls=5 3727 
* 455
* 30
+1 11
cob=(4)
cfi=(175)
cfn=(1394)
calls=1 -49 
* 4874
* 1
+1 20
cfi=(218)
cfn=(1380)
calls=4 3727 
* 318
* 25
+1 11
cob=(4)
cfi=(175)
cfn=(1394)
calls=1 -51 
* 390
* 1
+1 15
cfi=(218)
cfn=(1380)
calls=3 3727 
* 183
* 15
+2 15
cfi=(218)
cfn=(1380)
calls=3 3727 
* 257
* 20
+1 11
cob=(4)
cfi=(175)
cfn=(1394)
calls=1 -55 
* 390
* 1
+1 10
cfi=(218)
cfn=(1380)
calls=2 3727 
* 272
* 15
+1 11
cob=(4)
cfi=(175)
cfn=(1394)
calls=1 -57 
* 112
* 1
+1 5
cfi=(218)
cfn=(1380)
calls=1 3727 
* 135
* 10
+1 11
cob=(4)
cfi=(175)
cfn=(1394)
calls=1 -59 
* 112
+1 15
cob=(4)
cfi=(175)
cfn=(1426)
calls=5 -60 
* 40
-15 23
+17 3
cob=(4)
cfi=(175)
cfn=(1430)
calls=1 -62 
* 6
* 5
cob=(4)
cfi=(175)
cfn=(1430)
calls=1 -62 
* 6
* 5
+9 5
cfi=(226) /home/steph/projects/drone-logistics/src/../include/FileIO.hpp
cfn=(1434) FileIO::load_map(std::__cxx11::basic_string<char, std::char_traits<char>, std::allocator<char> > const&)
calls=1 -59 
* 94221
+1 6
cfi=(226)
cfn=(2096) FileIO::load_scenario(std::__cxx11::basic_string<char, std::char_traits<char>, std::allocator<char> > const&, int)
calls=1 -21 
* 615195
+2 3
cfi=(240)
cfn=(1870) std::vector<Location, std::allocator<Location> >::size() const
calls=1 992 
* 14
* 1
+4 3
cfi=(255)
cfn=(2188)
calls=1 -52 
* 83
+6 5
cfi=(218)
cfn=(1380)
calls=1 3727 
* 135
* 2
+1 3
cfi=(256) /home/steph/projects/drone-logistics/src/../include/solvers/PIBT.hpp
cfn=(2198) PIBT::PIBT()
calls=1 -74 
* 190
+1 11
cfi=(256)
cfn=(2200) bool PIBT::solve<ManhattanExpander, ManhattanHeuristic, SafePlanner>(Environment const&, MAPFInstance&, ManhattanExpander const&, ManhattanHeuristic const&, SafePlanner&, SearchMetrics&)
calls=1 -15 
* 243027044
* 1
+1 3
cfi=(256)
cfn=(2860) PIBT::~PIBT()
calls=1 -76 
* 37157
* 1
+46 7
cfi=(240)
cfn=(2880) std::vector<std::vector<Location, std::allocator<Location> >, std::allocator<std::vector<Location, std::allocator<Location> > > >::empty() const
calls=1 1088 
* 123
* 7
+1 9
cfi=(272) /home/steph/projects/drone-logistics/src/../include/test/SolutionValidator.hpp
cfn=(2884) SolutionValidator::ValidationResult SolutionValidator::validate<ManhattanExpander>(Environment const&, std::vector<std::vector<Location, std::allocator<Location> >, std::allocator<std::vector<Location, std::allocator<Location> > > > const&, ManhattanExpander const&)
calls=1 18 
* 49518939
+1 4
+5 5
cob=(4)
cfi=(175)
cfn=(3216)
calls=1 0 
* 10469
+2 3
cfi=(272)
cfn=(2912) SolutionValidator::ValidationResult::~ValidationResult()
calls=1 12 
* 112
+2 3
cob=(4)
cfi=(175)
cfn=(1430)
calls=1 0 
* 6
* 3
+2 6
cfi=(283) /home/steph/projects/drone-logistics/src/../include/PathExporter.hpp
cfn=(3258) PathExporter::export_paths_json(std::vector<std::vector<Location, std::allocator<Location> >, std::allocator<std::vector<Location, std::allocator<Location> > > > const&, std::__cxx11::basic_string<char, std::char_traits<char>, std::allocator<char> > const&)
calls=1 10 
* 13982923
+4 6
cfi=(218)
cfn=(3362) std::__cxx11::basic_string<char, std::char_traits<char>, std::allocator<char> > std::operator+<char, std::char_traits<char>, std::allocator<char> >(std::__cxx11::basic_string<char, std::char_traits<char>, std::allocator<char> > const&, char const*)
calls=1 3607 
* 317
* 6
cfi=(218)
cfn=(3390) std::__cxx11::basic_string<char, std::char_traits<char>, std::allocator<char> > std::operator+<char, std::char_traits<char>, std::allocator<char> >(std::__cxx11::basic_string<char, std::char_traits<char>, std::allocator<char> >&&, std::__cxx11::basic_string<char, std::char_traits<char>, std::allocator<char> > const&)
calls=1 3637 
* 124
* 3
cob=(4)
cfi=(175)
cfn=(1426)
calls=1 0 
* 8
+4 5
cob=(4)
cfi=(175)
cfn=(3402)
calls=1 0 
* 231
* 5
cob=(4)
cfi=(175)
cfn=(3216)
calls=1 0 
* 268
* 5
cob=(4)
cfi=(175)
cfn=(3402)
calls=1 0 
* 231
* 5
cob=(4)
cfi=(175)
cfn=(3216)
calls=1 0 
* 268
* 5
cob=(4)
cfi=(175)
cfn=(3402)
calls=1 0 
* 233
* 5
cob=(4)
cfi=(175)
cfn=(3216)
calls=1 0 
* 268
* 1
+1 4
cob=(4)
cfi=(175)
cfn=(3304)
calls=1 0 
* 442
* 5
cob=(4)
cfi=(175)
cfn=(3216)
calls=1 0 
* 268
* 1
+1 5
cob=(4)
cfi=(175)
cfn=(3410)
calls=1 0 
* 1171
* 5
cob=(4)
cfi=(175)
cfn=(3216)
calls=1 0 
* 268
* 1
+1 4
cob=(4)
cfi=(175)
cfn=(3304)
calls=1 0 
* 428
* 5
cob=(4)
cfi=(175)
cfn=(3216)
calls=1 0 
* 268
* 1
+1 4
cob=(4)
cfi=(175)
cfn=(3304)
calls=1 0 
* 439
* 5
cob=(4)
cfi=(175)
cfn=(3216)
calls=1 0 
* 268
* 1
+1 4
cob=(4)
cfi=(175)
cfn=(3422)
calls=1 0 
* 6543
* 5
cob=(4)
cfi=(175)
cfn=(3216)
calls=1 0 
* 268
* 1
+1 4
cob=(4)
cfi=(175)
cfn=(3304)
calls=1 0 
* 401
* 5
cob=(4)
cfi=(175)
cfn=(3216)
calls=1 0 
* 268
* 1
+1 4
cob=(4)
cfi=(175)
cfn=(3304)
calls=1 0 
* 401
* 5
cob=(4)
cfi=(175)
cfn=(3216)
calls=1 0 
* 268
* 1
+1 4
cob=(4)
cfi=(175)
cfn=(3304)
calls=1 0 
* 401
* 5
cob=(4)
cfi=(175)
cfn=(3216)
calls=1 0 
* 268
* 1
+1 4
cob=(4)
cfi=(175)
cfn=(3304)
calls=1 0 
* 401
* 5
cob=(4)
cfi=(175)
cfn=(3216)
calls=1 0 
* 268
+1 3
cob=(4)
cfi=(175)
cfn=(1426)
calls=1 0 
* 8
* 3
cfi=(255)
cfn=(3510)
calls=1 26 
* 30736
* 3
cfi=(255)
cfn=(3514)
calls=1 18 
* 1174
* 3
cfi=(250) /home/steph/projects/drone-logistics/src/../include/Environment.hpp
cfn=(1996) Environment::~Environment()
calls=1 5 
* 694
+7 1
+1 3
cob=(4)
cfi=(175)
cfn=(1426)
calls=1 0 
* 8
* 3
cob=(4)
cfi=(175)
cfn=(1426)
calls=1 0 
* 8
* 3
cob=(4)
cfi=(175)
cfn=(1426)
calls=1 0 
* 119
* 3
cob=(4)
cfi=(175)
cfn=(1426)
calls=1 0 
* 121
* 3
cob=(4)
cfi=(175)
cfn=(1426)
calls=1 0 
* 121
* 10

fl=(250)
fn=(1934) Environment::Environment(Environment const&)
5 26
cfi=(239) /usr/include/c++/13/bits/stl_bvector.h
cfn=(1936) std::vector<bool, std::allocator<bool> >::vector(std::vector<bool, std::allocator<bool> > const&)
calls=1 809 
* 1535
* 7
cfi=(240)
cfn=(1954) std::vector<Location, std::allocator<Location> >::vector(std::vector<Location, std::allocator<Location> > const&)
calls=1 601 
* 789
* 4

fn=(1996)
5 18
cfi=(240)
cfn=(1998)
calls=2 733 
* 573
* 8
cfi=(239)
cfn=(2012) std::vector<bool, std::allocator<bool> >::~vector()
calls=2 890 
* 675
* 6

fl=(221) /usr/include/c++/13/bits/basic_string.tcc
fn=(1352) std::__cxx11::basic_string<char, std::char_traits<char>, std::allocator<char> >::_M_construct<char const*>(char const*, char const*, std::forward_iterator_tag)::_Guard::_Guard(std::__cxx11::basic_string<char, std::char_traits<char>, std::allocator<char> >*)
239 154

fn=(1350) void std::__cxx11::basic_string<char, std::char_traits<char>, std::allocator<char> >::_M_construct<char const*>(char const*, char const*, std::forward_iterator_tag)
221 196
fi=(332) /usr/include/c++/13/bits/stl_iterator_base_types.h
+19 14
fi=(333) /usr/include/c++/13/bits/stl_iterator_base_funcs.h
-89 56
-45 28
+46 14
fe=(221)
+73 14
+2 42
+2 6
cob=(4)
cfi=(175)
cfn=(3204)
calls=1 0 
* 79
* 5
cob=(4)
cfi=(175)
cfn=(3206)
calls=1 0 
* 5
+1 5
cob=(4)
cfi=(175)
cfn=(3210)
calls=1 0 
* 5
* 27
fi=(218)
355 13
fe=(221)
245 65
cfn=(1352)
calls=13 -6 
* 143
* 5
cfn=(1352)
calls=1 -6 
* 11
+2 42
cob=(4)
cfi=(175)
cfn=(1354)
calls=14 0 
* 70
* 84
cob=(4)
cfi=(175)
cfn=(1358)
calls=14 0 
* 1280
+2 14
+2 70
cob=(4)
cfi=(175)
cfn=(1362)
calls=14 0 
* 98
+1 42
cfn=(1366) std::__cxx11::basic_string<char, std::char_traits<char>, std::allocator<char> >::_M_construct<char const*>(char const*, char const*, std::forward_iterator_tag)::_Guard::~_Guard()
calls=14 -10 
* 168
* 70

fn=(1366)
242 168

fl=(273) /usr/include/c++/13/bits/unordered_map.h
fn=(3154) std::unordered_map<Location, unsigned long, LocationHasher, std::equal_to<Location>, std::allocator<std::pair<Location const, unsigned long> > >::operator[](Location const&)
986 25530
+1 21275
cfi=(275) /usr/include/c++/13/bits/hashtable_policy.h
cfn=(3156) std::__detail::_Map_base<Location, std::pair<Location const, unsigned long>, std::allocator<std::pair<Location const, unsigned long> >, std::__detail::_Select1st, std::equal_to<Location>, LocationHasher, std::__detail::_Mod_range_hashing, std::__detail::_Default_ranged_hash, std::__detail::_Prime_rehash_policy, std::__detail::_Hashtable_traits<true, false, true>, true>::operator[](Location const&)
calls=4255 807 
* 6628030
* 8510

fn=(3200) std::unordered_map<Location, unsigned long, LocationHasher, std::equal_to<Location>, std::allocator<std::pair<Location const, unsigned long> > >::end()
354 3185
+1 1911
cfi=(274) /usr/include/c++/13/bits/hashtable.h
cfn=(2994) std::_Hashtable<Location, std::pair<Location const, unsigned long>, std::allocator<std::pair<Location const, unsigned long> >, std::__detail::_Select1st, std::equal_to<Location>, LocationHasher, std::__detail::_Mod_range_hashing, std::__detail::_Default_ranged_hash, std::__detail::_Prime_rehash_policy, std::__detail::_Hashtable_traits<true, false, true> >::end()
calls=637 631 
* 27391
* 1274

fn=(2916) std::unordered_map<Location, unsigned long, LocationHasher, std::equal_to<Location>, std::allocator<std::pair<Location const, unsigned long> > >::unordered_map()
148 1640
cfi=(274)
cfn=(2918) std::_Hashtable<Location, std::pair<Location const, unsigned long>, std::allocator<std::pair<Location const, unsigned long> >, std::__detail::_Select1st, std::equal_to<Location>, LocationHasher, std::__detail::_Mod_range_hashing, std::__detail::_Default_ranged_hash, std::__detail::_Prime_rehash_policy, std::__detail::_Hashtable_traits<true, false, true> >::_Hashtable()
calls=205 530 
* 24395
* 615

fn=(3120) std::unordered_map<Location, unsigned long, LocationHasher, std::equal_to<Location>, std::allocator<std::pair<Location const, unsigned long> > >::~unordered_map()
109 1640
cfi=(274)
cfn=(3122) std::_Hashtable<Location, std::pair<Location const, unsigned long>, std::allocator<std::pair<Location const, unsigned long> >, std::__detail::_Select1st, std::equal_to<Location>, LocationHasher, std::__detail::_Mod_range_hashing, std::__detail::_Default_ranged_hash, std::__detail::_Prime_rehash_policy, std::__detail::_Hashtable_traits<true, false, true> >::~_Hashtable()
calls=205 1595 
* 2610753
* 615

fn=(3196) std::unordered_map<Location, unsigned long, LocationHasher, std::equal_to<Location>, std::allocator<std::pair<Location const, unsigned long> > >::find(Location const&)
875 3822
+1 3185
cfi=(274)
cfn=(3198) std::_Hashtable<Location, std::pair<Location const, unsigned long>, std::allocator<std::pair<Location const, unsigned long> >, std::__detail::_Select1st, std::equal_to<Location>, LocationHasher, std::__detail::_Mod_range_hashing, std::__detail::_Default_ranged_hash, std::__detail::_Prime_rehash_policy, std::__detail::_Hashtable_traits<true, false, true> >::find(Location const&)
calls=637 1664 
* 506144
* 1274

fn=(2940) std::unordered_map<Location, unsigned long, LocationHasher, std::equal_to<Location>, std::allocator<std::pair<Location const, unsigned long> > >::insert(std::pair<Location const, unsigned long>&&)
564 30485
+1 17420
cfi=(244) /usr/include/c++/13/bits/move.h
cfn=(2942) std::remove_reference<std::pair<Location const, unsigned long>&>::type&& std::move<std::pair<Location const, unsigned long>&>(std::pair<Location const, unsigned long>&)
calls=4355 97 
* 30485
* 13065
cfi=(275)
cfn=(2944) std::pair<std::__detail::_Node_iterator<std::pair<Location const, unsigned long>, false, true>, bool> std::__detail::_Insert<Location, std::pair<Location const, unsigned long>, std::allocator<std::pair<Location const, unsigned long> >, std::__detail::_Select1st, std::equal_to<Location>, LocationHasher, std::__detail::_Mod_range_hashing, std::__detail::_Default_ranged_hash, std::__detail::_Prime_rehash_policy, std::__detail::_Hashtable_traits<true, false, true>, false>::insert<std::pair<Location const, unsigned long>, void>(std::pair<Location const, unsigned long>&&)
calls=4355 1122 
* 6374869
* 13065

fl=(241) /usr/include/c++/13/bits/vector.tcc
fn=(2116) void std::vector<Location, std::allocator<Location> >::_M_realloc_insert<Location>(__gnu_cxx::__normal_iterator<Location*, std::vector<Location, std::allocator<Location> > >, Location&&)
445 176
+10 80
cfi=(240)
cfn=(1860) std::vector<Location, std::allocator<Location> >::_M_check_len(unsigned long, char const*) const
calls=16 1896 
* 4098
* 16
+1 48
+1 48
+1 48
cfi=(240)
cfn=(1872) std::vector<Location, std::allocator<Location> >::begin()
calls=16 873 
* 496
* 96
cfi=(247) /usr/include/c++/13/bits/stl_iterator.h
cfn=(1874) __gnu_cxx::__normal_iterator<Location*, std::vector<Location, std::allocator<Location> > >::difference_type __gnu_cxx::operator-<Location*, std::vector<Location, std::allocator<Location> > >(__gnu_cxx::__normal_iterator<Location*, std::vector<Location, std::allocator<Location> > > const&, __gnu_cxx::__normal_iterator<Location*, std::vector<Location, std::allocator<Location> > > const&)
calls=16 1334 
* 592
* 16
+1 80
cfi=(240)
cfn=(1878) std::_Vector_base<Location, std::allocator<Location> >::_M_allocate(unsigned long)
calls=16 -81 
* 3360
* 16
+1 32
+8 48
cfi=(244)
cfn=(2114) Location&& std::forward<Location>(std::remove_reference<Location>::type&)
calls=16 70 
* 112
* 16
+1 96
-1 96
fi=(243) /usr/include/c++/13/bits/alloc_traits.h
+70 48
cfi=(244)
cfn=(2114)
calls=16 70 
* 112
* 80
fi=(223)
191 64
cfi=(248) /usr/include/c++/13/new
cfn=(1888) operator new(unsigned long, void*)
calls=16 -16 
* 128
* 64
cfi=(244)
cfn=(2114)
calls=16 70 
* 112
* 80
fi=(243)
542 16
fe=(241)
-67 16
+6 48
cfi=(240)
cfn=(1892) std::_Vector_base<Location, std::allocator<Location> >::_M_get_Tp_allocator()
calls=16 301 
* 112
* 16
-1 48
cfi=(247)
cfn=(1876) __gnu_cxx::__normal_iterator<Location*, std::vector<Location, std::allocator<Location> > >::base() const
calls=16 1162 
* 112
* 96
cfi=(240)
cfn=(1894) std::vector<Location, std::allocator<Location> >::_S_relocate(Location*, Location*, Location*, std::allocator<Location>&)
calls=16 +24 
* 2226
* 16
+3 16
+3 48
cfi=(240)
cfn=(1892)
calls=16 301 
* 112
* 16
-1 48
cfi=(247)
cfn=(1876)
calls=16 1162 
* 112
* 96
cfi=(240)
cfn=(1894)
calls=16 +19 
* 1536
* 16
+34 16
+1 112
-1 64
cfi=(240)
cfn=(1902) std::_Vector_base<Location, std::allocator<Location> >::_M_deallocate(Location*, unsigned long)
calls=16 386 
* 1970
+2 48
+1 48
+1 160
+1 112

fn=(2304) void std::vector<float, std::allocator<float> >::_M_realloc_insert<float const&>(__gnu_cxx::__normal_iterator<float*, std::vector<float, std::allocator<float> > >, float const&)
445 176
+10 80
cfi=(240)
cfn=(2306) std::vector<float, std::allocator<float> >::_M_check_len(unsigned long, char const*) const
calls=16 1896 
* 4034
* 16
+1 48
+1 48
+1 48
cfi=(240)
cfn=(2316) std::vector<float, std::allocator<float> >::begin()
calls=16 873 
* 496
* 96
cfi=(247)
cfn=(2318) __gnu_cxx::__normal_iterator<float*, std::vector<float, std::allocator<float> > >::difference_type __gnu_cxx::operator-<float*, std::vector<float, std::allocator<float> > >(__gnu_cxx::__normal_iterator<float*, std::vector<float, std::allocator<float> > > const&, __gnu_cxx::__normal_iterator<float*, std::vector<float, std::allocator<float> > > const&)
calls=16 1334 
* 576
* 16
+1 80
cfi=(240)
cfn=(2322) std::_Vector_base<float, std::allocator<float> >::_M_allocate(unsigned long)
calls=16 -81 
* 2356
* 16
+1 32
+8 48
cfi=(244)
cfn=(2328) float const& std::forward<float const&>(std::remove_reference<float const&>::type&)
calls=16 70 
* 112
+1 32
-1 96
fi=(243)
+70 48
cfi=(244)
cfn=(2328)
calls=16 70 
* 112
* 80
fi=(223)
191 64
cfi=(248)
cfn=(1888)
calls=16 -16 
* 128
* 64
cfi=(244)
cfn=(2328)
calls=16 70 
* 112
* 48
fi=(243)
542 16
fe=(241)
-67 16
+6 48
cfi=(240)
cfn=(2334) std::_Vector_base<float, std::allocator<float> >::_M_get_Tp_allocator()
calls=16 301 
* 112
* 16
-1 48
cfi=(247)
cfn=(2320) __gnu_cxx::__normal_iterator<float*, std::vector<float, std::allocator<float> > >::base() const
calls=16 1162 
* 112
* 96
cfi=(240)
cfn=(2336) std::vector<float, std::allocator<float> >::_S_relocate(float*, float*, float*, std::allocator<float>&)
calls=16 +24 
* 1780
* 16
+3 16
+3 48
cfi=(240)
cfn=(2334)
calls=16 301 
* 112
* 16
-1 48
cfi=(247)
cfn=(2320)
calls=16 1162 
* 112
* 96
cfi=(240)
cfn=(2336)
calls=16 +19 
* 1424
* 16
+34 16
+1 64
-1 64
cfi=(240)
cfn=(2344) std::_Vector_base<float, std::allocator<float> >::_M_deallocate(float*, unsigned long)
calls=16 386 
* 1914
+2 48
+1 48
+1 96
+1 112

fn=(2236) std::vector<std::vector<Location, std::allocator<Location> >, std::allocator<std::vector<Location, std::allocator<Location> > > >::_M_default_append(unsigned long)
634 7
+3 2
+2 3
cfi=(240)
cfn=(2234) std::vector<std::vector<Location, std::allocator<Location> >, std::allocator<std::vector<Location, std::allocator<Location> > > >::size() const
calls=1 992 
* 14
* 1
+1 2
+1 6
-1 1
+3 3
cfi=(240)
cfn=(2238) std::vector<std::vector<Location, std::allocator<Location> >, std::allocator<std::vector<Location, std::allocator<Location> > > >::max_size() const
calls=1 998 
* 64
* 5
cfi=(240)
cfn=(2238)
calls=1 998 
* 64
* 5
+3 3
+12 3
+1 3
+3 6
cfi=(240)
cfn=(2244) std::vector<std::vector<Location, std::allocator<Location> >, std::allocator<std::vector<Location, std::allocator<Location> > > >::_M_check_len(unsigned long, char const*) const
calls=1 1896 
* 257
* 1
+1 5
cfi=(240)
cfn=(2246) std::_Vector_base<std::vector<Location, std::allocator<Location> >, std::allocator<std::vector<Location, std::allocator<Location> > > >::_M_allocate(unsigned long)
calls=1 378 
* 439
* 1
+6 3
cfi=(240)
cfn=(2254) std::_Vector_base<std::vector<Location, std::allocator<Location> >, std::allocator<std::vector<Location, std::allocator<Location> > > >::_M_get_Tp_allocator()
calls=1 301 
* 7
* 1
-1 13
cfi=(249) /usr/include/c++/13/bits/stl_uninitialized.h
cfn=(2256) std::vector<Location, std::allocator<Location> >* std::__uninitialized_default_n_a<std::vector<Location, std::allocator<Location> >*, unsigned long, std::vector<Location, std::allocator<Location> > >(std::vector<Location, std::allocator<Location> >*, unsigned long, std::allocator<std::vector<Location, std::allocator<Location> > >&)
calls=1 777 
* 9342
+9 3
cfi=(240)
cfn=(2254)
calls=1 301 
* 7
* 1
-1 5
cfi=(240)
cfn=(2266) std::vector<std::vector<Location, std::allocator<Location> >, std::allocator<std::vector<Location, std::allocator<Location> > > >::_S_relocate(std::vector<Location, std::allocator<Location> >*, std::vector<Location, std::allocator<Location> >*, std::vector<Location, std::allocator<Location> >*, std::allocator<std::vector<Location, std::allocator<Location> > >&)
calls=1 504 
* 88
+27 1
+1 7
-1 4
cfi=(240)
cfn=(2274) std::_Vector_base<std::vector<Location, std::allocator<Location> >, std::allocator<std::vector<Location, std::allocator<Location> > > >::_M_deallocate(std::vector<Location, std::allocator<Location> >*, unsigned long)
calls=1 386 
* 12
+2 3
+1 12
+1 10
+3 5

fn=(2134) void std::vector<int, std::allocator<int> >::_M_realloc_insert<int const&>(__gnu_cxx::__normal_iterator<int*, std::vector<int, std::allocator<int> > >, int const&)
445 176
+10 80
cfi=(240)
cfn=(2136) std::vector<int, std::allocator<int> >::_M_check_len(unsigned long, char const*) const
calls=16 1896 
* 4034
* 16
+1 48
+1 48
+1 48
cfi=(240)
cfn=(2146) std::vector<int, std::allocator<int> >::begin()
calls=16 873 
* 496
* 96
cfi=(247)
cfn=(2148) __gnu_cxx::__normal_iterator<int*, std::vector<int, std::allocator<int> > >::difference_type __gnu_cxx::operator-<int*, std::vector<int, std::allocator<int> > >(__gnu_cxx::__normal_iterator<int*, std::vector<int, std::allocator<int> > > const&, __gnu_cxx::__normal_iterator<int*, std::vector<int, std::allocator<int> > > const&)
calls=16 1334 
* 576
* 16
+1 80
cfi=(240)
cfn=(2152) std::_Vector_base<int, std::allocator<int> >::_M_allocate(unsigned long)
calls=16 -81 
* 3323
* 16
+1 32
+8 48
cfi=(244)
cfn=(2158) int const& std::forward<int const&>(std::remove_reference<int const&>::type&)
calls=16 70 
* 112
+1 32
-1 96
fi=(243)
+70 48
cfi=(244)
cfn=(2158)
calls=16 70 
* 112
* 80
fi=(223)
191 64
cfi=(248)
cfn=(1888)
calls=16 -16 
* 128
* 64
cfi=(244)
cfn=(2158)
calls=16 70 
* 112
* 48
fi=(243)
542 16
fe=(241)
-67 16
+6 48
cfi=(240)
cfn=(2164) std::_Vector_base<int, std::allocator<int> >::_M_get_Tp_allocator()
calls=16 301 
* 112
* 16
-1 48
cfi=(247)
cfn=(2150) __gnu_cxx::__normal_iterator<int*, std::vector<int, std::allocator<int> > >::base() const
calls=16 1162 
* 112
* 96
cfi=(240)
cfn=(2166) std::vector<int, std::allocator<int> >::_S_relocate(int*, int*, int*, std::allocator<int>&)
calls=16 +24 
* 1780
* 16
+3 16
+3 48
cfi=(240)
cfn=(2164)
calls=16 301 
* 112
* 16
-1 48
cfi=(247)
cfn=(2150)
calls=16 1162 
* 112
* 96
cfi=(240)
cfn=(2166)
calls=16 +19 
* 1424
* 16
+34 16
+1 64
-1 64
cfi=(240)
cfn=(2174) std::_Vector_base<int, std::allocator<int> >::_M_deallocate(int*, unsigned long)
calls=16 386 
* 1914
+2 48
+1 48
+1 96
+1 112

fn=(2292) std::vector<Location, std::allocator<Location> >::_M_fill_insert(__gnu_cxx::__normal_iterator<Location*, std::vector<Location, std::allocator<Location> > >, unsigned long, Location const&)
529 1300
+3 200
+2 168
+1 504
-1 168
+46 252
+1 252
+1 252
cfi=(247)
cfn=(1876)
calls=84 1162 
* 588
* 168
+3 504
cfi=(240)
cfn=(1860)
calls=84 1896 
* 21588
* 84
+1 588
+1 420
cfi=(240)
cfn=(1878)
calls=84 378 
* 13741
* 84
+1 168
+6 252
cfi=(240)
cfn=(1892)
calls=84 301 
* 588
* 84
-2 1008
cfi=(249)
cfn=(2354) Location* std::__uninitialized_fill_n_a<Location*, unsigned long, Location, Location>(Location*, unsigned long, Location const&, std::allocator<Location>&)
calls=84 465 
* 17640
+3 84
+4 252
cfi=(240)
cfn=(1892)
calls=84 301 
* 588
* 504
cfi=(249)
cfn=(2370) Location* std::__uninitialized_move_if_noexcept_a<Location*, Location*, std::allocator<Location> >(Location*, Location*, Location*, std::allocator<Location>&)
calls=84 393 
* 30072
* 84
+2 504
+4 252
cfi=(240)
cfn=(1892)
calls=84 301 
* 588
* 504
cfi=(249)
cfn=(2370)
calls=84 393 
* 30072
* 84
+14 252
cfi=(240)
cfn=(1892)
calls=84 301 
* 588
* 420
fi=(243)
948 420
cfi=(251) /usr/include/c++/13/bits/stl_construct.h
cfn=(2000) void std::_Destroy<Location*>(Location*, Location*)
calls=84 182 
* 1848
+1 84
fe=(241)
621 84
+1 588
-1 336
cfi=(240)
cfn=(1902)
calls=84 386 
* 1008
+2 252
+1 252
+1 840
+3 984

fn=(2784) std::vector<std::vector<Location, std::allocator<Location> >, std::allocator<std::vector<Location, std::allocator<Location> > > >::operator=(std::vector<std::vector<Location, std::allocator<Location> >, std::allocator<std::vector<Location, std::allocator<Location> > > > const&)
210 13
+3 3
cfi=(244)
cfn=(2786) std::vector<std::vector<Location, std::allocator<Location> >, std::allocator<std::vector<Location, std::allocator<Location> > > > const* std::__addressof<std::vector<std::vector<Location, std::allocator<Location> >, std::allocator<std::vector<Location, std::allocator<Location> > > > const>(std::vector<std::vector<Location, std::allocator<Location> >, std::allocator<std::vector<Location, std::allocator<Location> > > > const&)
calls=1 51 
* 7
* 4
fi=(271) /usr/include/c++/13/ext/alloc_traits.h
106 1
fe=(241)
217 2
+18 3
cfi=(240)
cfn=(2234)
calls=1 992 
* 14
* 1
+1 3
cfi=(240)
cfn=(2790) std::vector<std::vector<Location, std::allocator<Location> >, std::allocator<std::vector<Location, std::allocator<Location> > > >::capacity() const
calls=1 1078 
* 14
* 4
+2 3
cfi=(240)
cfn=(2444) std::vector<std::vector<Location, std::allocator<Location> >, std::allocator<std::vector<Location, std::allocator<Location> > > >::end() const
calls=1 903 
* 32
* 4
cfi=(240)
cfn=(2440) std::vector<std::vector<Location, std::allocator<Location> >, std::allocator<std::vector<Location, std::allocator<Location> > > >::begin() const
calls=1 883 
* 31
* 6
cfi=(240)
cfn=(2792) std::vector<Location, std::allocator<Location> >* std::vector<std::vector<Location, std::allocator<Location> >, std::allocator<std::vector<Location, std::allocator<Location> > > >::_M_allocate_and_copy<__gnu_cxx::__normal_iterator<std::vector<Location, std::allocator<Location> > const*, std::vector<std::vector<Location, std::allocator<Location> >, std::allocator<std::vector<Location, std::allocator<Location> > > > > >(unsigned long, __gnu_cxx::__normal_iterator<std::vector<Location, std::allocator<Location> > const*, std::vector<std::vector<Location, std::allocator<Location> >, std::allocator<std::vector<Location, std::allocator<Location> > > > >, __gnu_cxx::__normal_iterator<std::vector<Location, std::allocator<Location> > const*, std::vector<std::vector<Location, std::allocator<Location> >, std::allocator<std::vector<Location, std::allocator<Location> > > > >)
calls=1 1616 
* 93617
* 1
+3 3
cfi=(240)
cfn=(2254)
calls=1 +60 
* 7
-1 7
fi=(243)
948 5
cfi=(251)
cfn=(2806) void std::_Destroy<std::vector<Location, std::allocator<Location> >*>(std::vector<Location, std::allocator<Location> >*, std::vector<Location, std::allocator<Location> >*)
calls=1 182 
* 28
+1 1
fe=(241)
242 1
+1 2
+1 6
-2 7
cfi=(240)
cfn=(2274)
calls=1 386 
* 12
+3 3
+1 11
+16 10
+2 1
+1 10

fn=(1858) void std::vector<Location, std::allocator<Location> >::_M_realloc_insert<Location const&>(__gnu_cxx::__normal_iterator<Location*, std::vector<Location, std::allocator<Location> > >, Location const&)
445 371514
+10 168870
cfi=(240)
cfn=(1860)
calls=33774 1896 
* 8655036
* 33774
+1 101322
+1 101322
+1 101322
cfi=(240)
cfn=(1872)
calls=33774 873 
* 1046994
* 202644
cfi=(247)
cfn=(1874)
calls=33774 1334 
* 1249638
* 33774
+1 168870
cfi=(240)
cfn=(1878)
calls=33774 -81 
* 3912216
* 33774
+1 67548
+8 101322
cfi=(244)
cfn=(1884) Location const& std::forward<Location const&>(std::remove_reference<Location const&>::type&)
calls=33774 70 
* 236418
* 33774
+1 202644
-1 202644
fi=(243)
+70 101322
cfi=(244)
cfn=(1884)
calls=33774 70 
* 236418
* 168870
fi=(223)
191 135096
cfi=(248)
cfn=(1888)
calls=33774 -16 
* 270192
* 135096
cfi=(244)
cfn=(1884)
calls=33774 70 
* 236418
* 168870
fi=(243)
542 33774
fe=(241)
-67 33774
+6 101322
cfi=(240)
cfn=(1892)
calls=33774 301 
* 236418
* 33774
-1 101322
cfi=(247)
cfn=(1876)
calls=33774 1162 
* 236418
* 202644
cfi=(240)
cfn=(1894)
calls=33774 +24 
* 3874280
* 33774
+3 33774
+3 101322
cfi=(240)
cfn=(1892)
calls=33774 301 
* 236418
* 33774
-1 101322
cfi=(247)
cfn=(1876)
calls=33774 1162 
* 236418
* 202644
cfi=(240)
cfn=(1894)
calls=33774 +19 
* 3242304
* 33774
+34 33774
+1 236418
-1 135096
cfi=(240)
cfn=(1902)
calls=33774 386 
* 3577659
+2 101322
+1 101322
+1 337740
+1 236418

fn=(1720) std::vector<bool, std::allocator<bool> >::_M_fill_insert(std::_Bit_iterator, unsigned long, bool)
861 32
+3 4
+2 6
cfi=(239)
cfn=(1722) std::vector<bool, std::allocator<bool> >::capacity() const
calls=2 1075 
* 336
* 8
cfi=(239)
cfn=(1696) std::vector<bool, std::allocator<bool> >::size() const
calls=2 1057 
* 356
* 12
+10 12
cfi=(239)
cfn=(1726) std::vector<bool, std::allocator<bool> >::_M_check_len(unsigned long, char const*) const
calls=2 1530 
* 1698
* 2
+1 10
cfi=(239)
cfn=(1734) std::_Bvector_base<std::allocator<bool> >::_M_allocate(unsigned long)
calls=2 677 
* 381
* 2
+1 6
cfi=(244)
cfn=(1742) unsigned long* std::__addressof<unsigned long>(unsigned long&)
calls=2 51 
* 14
* 12
cfi=(239)
cfn=(1718) std::_Bit_iterator::_Bit_iterator(unsigned long*, unsigned int)
calls=2 316 
* 62
+1 10
cfi=(239)
cfn=(1704) std::_Bit_const_iterator::_Bit_const_iterator(std::_Bit_iterator const&)
calls=2 430 
* 64
* 6
cfi=(239)
cfn=(1744) std::vector<bool, std::allocator<bool> >::begin()
calls=2 995 
* 114
* 14
cfi=(239)
cfn=(1704)
calls=2 430 
* 64
* 26
cfi=(239)
cfn=(1746) std::vector<bool, std::allocator<bool> >::_M_copy_aligned(std::_Bit_const_iterator, std::_Bit_const_iterator, std::_Bit_iterator)
calls=2 1339 
* 1226
* 6
+1 10
cfi=(239)
cfn=(1782) std::operator+(std::_Bit_iterator const&, long)
calls=2 389 
* 180
* 22
cfi=(242) /usr/include/c++/13/bits/stl_algobase.h
cfn=(1788) void std::fill<std::_Bit_iterator, bool>(std::_Bit_iterator, std::_Bit_iterator, bool const&)
calls=2 1000 
* 281
+1 10
cfi=(239)
cfn=(1782)
calls=2 389 
* 180
* 10
cfi=(239)
cfn=(1710) std::vector<bool, std::allocator<bool> >::end()
calls=2 1005 
* 26
* 26
cfi=(242)
cfn=(1800) std::_Bit_iterator std::copy<std::_Bit_iterator, std::_Bit_iterator>(std::_Bit_iterator, std::_Bit_iterator, std::_Bit_iterator)
calls=2 624 
* 682
* 4
+2 6
cfi=(239)
cfn=(1812) std::_Bvector_base<std::allocator<bool> >::_M_deallocate()
calls=2 693 
* 24
+1 6
cfi=(239)
cfn=(1736) std::_Bvector_base<std::allocator<bool> >::_S_nword(unsigned long)
calls=2 714 
* 18
* 10
+1 10
+1 12
+2 12

fn=(2112) Location& std::vector<Location, std::allocator<Location> >::emplace_back<Location>(Location&&)
111 1400
+3 1200
+3 552
cfi=(244)
cfn=(2114)
calls=184 -47 
* 1288
* 1104
fi=(243)
538 552
cfi=(244)
cfn=(2114)
calls=184 70 
* 1288
* 920
fi=(223)
191 736
cfi=(248)
cfn=(1888)
calls=184 -16 
* 1472
* 736
cfi=(244)
cfn=(2114)
calls=184 70 
* 1288
* 920
fi=(243)
542 184
fe=(241)
119 1104
+4 48
cfi=(244)
cfn=(2114)
calls=16 -53 
* 112
* 64
cfi=(240)
cfn=(1854) std::vector<Location, std::allocator<Location> >::end()
calls=16 893 
* 512
* 96
cfn=(2116)
calls=16 445 
* 17494
+2 600
cfi=(240)
cfn=(2122) std::vector<Location, std::allocator<Location> >::back()
calls=200 1233 
* 21400
+2 600

fl=(211)
fn=(1314)
0 12

fn=(3546)
0 9
cob=(4)
cfi=(175)
cfn=(3552)
calls=1 0 
0 134
0 1
cfn=(3562) 0x00000000000039d0
calls=1 0 
0 5
0 3

fn=(3562)
0 5

fn=(1306)
0 12
cob=(2)
cfi=(212)
cfn=(1308)
calls=1 242 
0 307357128

fl=(237) /usr/include/c++/13/bits/ios_base.h
fn=(1606) std::operator|(std::_Ios_Openmode, std::_Ios_Openmode)
131 1053

fl=(251)
fn=(2864) void std::_Destroy<std::vector<Location, std::allocator<Location> > >(std::vector<Location, std::allocator<Location> >*)
146 1000
+5 600
cfi=(240)
cfn=(1998)
calls=200 733 
* 61415
+2 600

fn=(2526) void std::_Construct<unsigned long>(unsigned long*)
109 510
+10 408
cfi=(248)
cfn=(1888)
calls=102 +56 
* 816
* 102
+1 306

fn=(2808) void std::_Destroy_aux<false>::__destroy<std::vector<Location, std::allocator<Location> >*>(std::vector<Location, std::allocator<Location> >*, std::vector<Location, std::allocator<Location> >*)
160 18
+2 3
+1 600
cfi=(244)
cfn=(2262) std::vector<Location, std::allocator<Location> >* std::__addressof<std::vector<Location, std::allocator<Location> > >(std::vector<Location, std::allocator<Location> >&)
calls=200 51 
* 1400
* 400
cfn=(2864)
calls=200 -17 
* 63615
-1 809
+2 12

fn=(2848) void std::_Destroy_aux<true>::__destroy<float*>(float*, float*)
172 16

fn=(2746) void std::_Destroy_aux<true>::__destroy<unsigned long*>(unsigned long*, unsigned long*)
172 816

fn=(2802) void std::_Construct<std::vector<Location, std::allocator<Location> >, std::vector<Location, std::allocator<Location> > const&>(std::vector<Location, std::allocator<Location> >*, std::vector<Location, std::allocator<Location> > const&)
109 1000
+10 400
cfi=(248)
cfn=(1888)
calls=100 +56 
* 800
* 500
cfi=(244)
cfn=(2804) std::vector<Location, std::allocator<Location> > const& std::forward<std::vector<Location, std::allocator<Location> > const&>(std::remove_reference<std::vector<Location, std::allocator<Location> > const&>::type&)
calls=100 -49 
* 700
* 300
cfi=(240)
cfn=(1954)
calls=100 601 
* 80453
+1 800

fn=(2846) void std::_Destroy<float*>(float*, float*)
182 12
+14 10
cfn=(2848)
calls=2 -24 
* 16
+1 6

fn=(2000)
182 82698
+14 68915
cfn=(2002) void std::_Destroy_aux<true>::__destroy<Location*>(Location*, Location*)
calls=13783 -24 
* 110264
+1 41349

fn=(3520) void std::_Destroy_aux<true>::__destroy<int*>(int*, int*)
172 16

fn=(2744) void std::_Destroy<unsigned long*>(unsigned long*, unsigned long*)
182 612
+14 510
cfn=(2746)
calls=102 -24 
* 816
+1 306

fn=(3518) void std::_Destroy<int*>(int*, int*)
182 12
+14 10
cfn=(3520)
calls=2 -24 
* 16
+1 6

fn=(2264) void std::_Construct<std::vector<Location, std::allocator<Location> >>(std::vector<Location, std::allocator<Location> >*)
109 500
+10 400
cfi=(248)
cfn=(1888)
calls=100 +56 
* 800
* 500
cfi=(240)
cfn=(1684)
calls=100 531 
* 5200
+1 300

fn=(2806)
182 18
+14 15
cfn=(2808)
calls=3 -36 
* 66857
+1 9

fn=(2002)
172 110264

fl=(219) /usr/include/c++/13/bits/char_traits.h
fn=(1344) std::char_traits<char>::length(char const*)
393 170
+3 34
cfi=(220) /usr/include/x86_64-linux-gnu/c++/13/bits/c++config.h
cfn=(1346) std::__is_constant_evaluated()
calls=34 541 
* 204
* 68
+3 102
cob=(4)
cfi=(175)
cfn=(1348)
calls=34 0 
* 544
* 34
+1 68

fn=(1390) std::char_traits<char>::compare(char const*, char const*, unsigned long)
374 56
+2 16
+3 8
cfi=(220)
cfn=(1346)
calls=8 541 
* 48
* 16
+10 48
cob=(4)
cfi=(175)
cfn=(1392)
calls=8 0 
* 174
* 8
+1 16

fl=(256)
fn=(2584) PIBT::solve<ManhattanExpander, ManhattanHeuristic, SafePlanner>(Environment const&, MAPFInstance&, ManhattanExpander const&, ManhattanHeuristic const&, SafePlanner&, SearchMetrics&)::{lambda(unsigned long, unsigned long)#1}::operator()(unsigned long, unsigned long) const
146 551873
+1 473034
cfi=(240)
cfn=(2492) std::vector<float, std::allocator<float> >::operator[](unsigned long)
calls=78839 1126 
* 946068
* 630712
cfi=(240)
cfn=(2492)
calls=78839 1126 
* 946068
* 315356
-1 157678

fn=(2634) bool PIBT::solve_one_agent<ManhattanExpander, ManhattanHeuristic>(int, int, int, Environment const&, MAPFInstance const&, ManhattanExpander const&, ManhattanHeuristic const&)
15 82836
+5 4602
+1 27612
cfi=(240)
cfn=(2278) std::vector<std::vector<Location, std::allocator<Location> >, std::allocator<std::vector<Location, std::allocator<Location> > > >::operator[](unsigned long)
calls=4602 1126 
* 69030
* 27612
cfi=(240)
cfn=(2294) std::vector<Location, std::allocator<Location> >::operator[](unsigned long)
calls=4602 1126 
* 69030
* 36816
cfi=(267) /home/steph/projects/drone-logistics/src/../include/Expanders.hpp
cfn=(2636) ManhattanExpander::get_neighbours(Location const&, Environment const&) const
calls=4602 -12 
* 26175794
* 23010
cfi=(240)
cfn=(1872)
calls=4602 873 
* 142662
* 18408
cfi=(240)
cfn=(1854)
calls=4602 893 
* 147264
* 81096
cfi=(247)
cfn=(2126) __gnu_cxx::__normal_iterator<Location*, std::vector<Location, std::allocator<Location> > >::operator*() const
calls=23964 1099 
* 191712
* 23964
+1 143784
cfi=(268) /usr/include/c++/13/array
cfn=(2656) std::array<Location, 7ul>::operator[](unsigned long)
calls=23964 200 
* 335496
* 119820
+1 23964
-2 71892
cfi=(247)
cfn=(2658) __gnu_cxx::__normal_iterator<Location*, std::vector<Location, std::allocator<Location> > >::operator++()
calls=23964 1109 
* 287568
* 142830
cfi=(247)
cfn=(2654) bool __gnu_cxx::operator!=<Location*, std::vector<Location, std::allocator<Location> > >(__gnu_cxx::__normal_iterator<Location*, std::vector<Location, std::allocator<Location> > > const&, __gnu_cxx::__normal_iterator<Location*, std::vector<Location, std::allocator<Location> > > const&)
calls=28566 1241 
* 971244
* 70938
cfi=(240)
cfn=(1998)
calls=4602 733 
* 1113684
+5 41418
cfi=(268)
cfn=(2660) std::array<Location, 7ul>::begin()
calls=4602 126 
* 41418
* 50622
cfi=(268)
cfn=(2660)
calls=4602 126 
* 41418
* 55224
cfi=(261) /usr/include/c++/13/bits/stl_algo.h
cfn=(2662) void std::stable_sort<Location*, PIBT::solve_one_agent<ManhattanExpander, ManhattanHeuristic>(int, int, int, Environment const&, MAPFInstance const&, ManhattanExpander const&, ManhattanHeuristic const&)::{lambda(Location const&, Location const&)#1}>(Location*, Location*, PIBT::solve_one_agent<ManhattanExpander, ManhattanHeuristic>(int, int, int, Environment const&, MAPFInstance const&, ManhattanExpander const&, ManhattanHeuristic const&)::{lambda(Location const&, Location const&)#1})
calls=4602 5107 
* 15796540
* 4602
+3 9204
+1 62480
+3 24992
+1 5482488
cfi=(240)
cfn=(2278)
calls=913748 1126 
* 13706220
* 1827496
cfi=(240)
cfn=(1870)
calls=913748 992 
* 12792472
* 6396236
+1 1847232
cfi=(268)
cfn=(2656)
calls=307872 200 
* 4310208
* 2155104
cfi=(240)
cfn=(2278)
calls=307872 1126 
* 4618080
* 2155104
cfi=(240)
cfn=(2294)
calls=307872 1126 
* 4618080
* 923616
cfi=(255)
cfn=(2454)
calls=307872 -28 
* 4885016
* 615744
-2 4577614
+8 25644
cfi=(240)
cfn=(2278)
calls=4274 1126 
* 64110
* 29918
cfi=(268)
cfn=(2656)
calls=4274 200 
* 59836
* 12822
cfi=(240)
cfn=(1852) std::vector<Location, std::allocator<Location> >::push_back(Location const&)
calls=4274 1281 
* 645096
+1 8548
+1 2563446
cfi=(240)
cfn=(2278)
calls=427241 1126 
* 6408615
* 854482
cfi=(240)
cfn=(1870)
calls=427241 992 
* 5981374
* 3374274
cfi=(268)
cfn=(2656)
calls=135138 200 
* 1891932
* 945966
cfi=(240)
cfn=(2278)
calls=135138 1126 
* 2027070
* 810828
cfi=(240)
cfn=(2294)
calls=135138 1126 
* 2027070
* 405414
cfi=(255)
cfn=(2454)
calls=135138 -36 
* 2089479
* 1552116
+1 819
cfi=(239)
cfn=(2488) std::vector<bool, std::allocator<bool> >::operator[](unsigned long)
calls=117 1086 
* 28431
* 585
cfi=(239)
cfn=(2426) std::_Bit_reference::operator bool() const
calls=117 +55 
* 1638
* 234
+1 216
cfn=(2635) bool PIBT::solve_one_agent<ManhattanExpander, ManhattanHeuristic>(int, int, int, Environment const&, MAPFInstance const&, ManhattanExpander const&, ManhattanHeuristic const&)'2
calls=18 -30 
* 60012
* 72
+1 108
cfi=(240)
cfn=(2278)
calls=18 1126 
* 270
* 36
cfi=(240)
cfn=(2782) std::vector<Location, std::allocator<Location> >::pop_back()
calls=18 1322 
* 414
+1 18
-3 99
-2 2153211
+9 29792
cfi=(240)
cfn=(2452) std::vector<Location, std::allocator<Location> >::operator[](unsigned long) const
calls=4256 1145 
* 63840
* 29792
cfi=(240)
cfn=(2278)
calls=4256 1126 
* 63840
* 29792
cfi=(240)
cfn=(2294)
calls=4256 1126 
* 63840
* 12768
cfi=(255)
cfn=(2454)
calls=4256 -44 
* 69494
* 8512
+1 700
cfi=(239)
cfn=(2488)
calls=100 1086 
* 24300
* 600
cfi=(239)
cfn=(2760) std::_Bit_reference::operator=(bool)
calls=100 +52 
* 2100
+1 600
cfi=(240)
cfn=(2278)
calls=100 1126 
* 1500
* 200
cfi=(240)
cfn=(2122)
calls=100 1233 
* 10700
* 400
+1 900
cfi=(240)
cfn=(2762) std::vector<int, std::allocator<int> >::operator[](unsigned long) const
calls=100 1145 
* 1200
* 500
+4 8512
-22 8222
-7 46766
+32 2076
cfi=(240)
cfn=(2278)
calls=346 1126 
* 5190
* 2422
cfi=(240)
cfn=(2278)
calls=346 1126 
* 5190
* 2076
cfi=(240)
cfn=(2294)
calls=346 1126 
* 5190
* 1038
cfi=(240)
cfn=(1852)
calls=346 1281 
* 42722
+1 346
+1 27612

fn=(2635)
15 324
+5 18
+1 108
cfi=(240)
cfn=(2278)
calls=18 1126 
* 270
* 108
cfi=(240)
cfn=(2294)
calls=18 1126 
* 270
* 144
cfi=(267)
cfn=(2636)
calls=18 -12 
* 25056
* 90
cfi=(240)
cfn=(1872)
calls=18 873 
* 558
* 72
cfi=(240)
cfn=(1854)
calls=18 893 
* 576
* 90
cfi=(247)
cfn=(2126)
calls=18 1099 
* 144
* 18
+1 108
cfi=(268)
cfn=(2656)
calls=18 200 
* 252
* 90
+1 18
-2 54
cfi=(247)
cfn=(2658)
calls=18 1109 
* 216
* 180
cfi=(247)
cfn=(2654)
calls=36 1241 
* 1224
* 126
cfi=(240)
cfn=(1998)
calls=18 733 
* 4356
+5 162
cfi=(268)
cfn=(2660)
calls=18 126 
* 162
* 198
cfi=(268)
cfn=(2660)
calls=18 126 
* 162
* 216
cfi=(261)
cfn=(2662)
calls=18 5107 
* 19944
* 18
+3 36
+1 144
cfi=(268)
cfn=(2656)
calls=18 200 
* 252
* 126
cfi=(240)
cfn=(2278)
calls=18 1126 
* 270
* 108
cfi=(240)
cfn=(2294)
calls=18 1126 
* 270
* 54
cfi=(255)
cfn=(2454)
calls=18 -23 
* 486
* 108
+1 36
-2 126
+32 108
cfi=(240)
cfn=(2278)
calls=18 1126 
* 270
* 126
cfi=(240)
cfn=(2278)
calls=18 1126 
* 270
* 108
cfi=(240)
cfn=(2294)
calls=18 1126 
* 270
* 54
cfi=(240)
cfn=(1852)
calls=18 1281 
* 1332
+1 18
+1 108

fn=(2200)
71 17
+7 3
cfi=(257) /home/steph/projects/drone-logistics/src/../include/solvers/../Timer.hpp
cfn=(2202) Timer::Timer()
calls=1 -70 
* 935
+1 1
+2 6
cfi=(240)
cfn=(2224) std::vector<float, std::allocator<float> >::vector()
calls=1 531 
* 52
+1 6
cfi=(240)
cfn=(2224)
calls=1 531 
* 52
+1 3
cfi=(240)
cfn=(1870)
calls=1 992 
* 14
* 3
+1 7
cfi=(240)
cfn=(2232) std::vector<std::vector<Location, std::allocator<Location> >, std::allocator<std::vector<Location, std::allocator<Location> > > >::resize(unsigned long)
calls=1 1013 
* 10473
+1 10
cfi=(239)
cfn=(1692) std::vector<bool, std::allocator<bool> >::assign(unsigned long, bool const&)
calls=1 965 
* 3812
+1 2
+1 600
cfi=(240)
cfn=(2278)
calls=100 1126 
* 1500
* 1100
cfi=(240)
cfn=(2280) std::vector<int, std::allocator<int> >::operator[](unsigned long)
calls=100 1126 
* 1200
* 800
cfi=(240)
cfn=(2278)
calls=100 1126 
* 1500
* 200
cfi=(240)
cfn=(1872)
calls=100 873 
* 3100
* 600
cfi=(247)
cfn=(2282) __gnu_cxx::__normal_iterator<Location const*, std::vector<Location, std::allocator<Location> > >::__normal_iterator<Location*, void>(__gnu_cxx::__normal_iterator<Location*, std::vector<Location, std::allocator<Location> > > const&)
calls=100 1083 
* 2200
* 700
cfi=(240)
cfn=(2284) std::vector<Location, std::allocator<Location> >::insert(__gnu_cxx::__normal_iterator<Location const*, std::vector<Location, std::allocator<Location> > >, unsigned long, Location const&)
calls=100 1437 
* 158345
+1 600
cfi=(240)
cfn=(2278)
calls=100 1126 
* 1500
* 700
cfi=(240)
cfn=(2294)
calls=100 1126 
* 1500
* 300
cfi=(240)
cfn=(1852)
calls=100 1281 
* 112657
+1 700
cfi=(240)
cfn=(2294)
calls=100 1126 
* 1500
* 700
cfi=(240)
cfn=(2294)
calls=100 1126 
* 1500
* 600
cfi=(260) /home/steph/projects/drone-logistics/src/../include/Heuristics.hpp
cfn=(2296) ManhattanHeuristic::get_h_value(Location const&, Location const&) const
calls=100 -80 
* 3800
* 300
+1 800
+1 800
+1 500
cfi=(240)
cfn=(2298) std::vector<float, std::allocator<float> >::push_back(float const&)
calls=100 1281 
* 15034
+1 500
cfi=(240)
cfn=(2298)
calls=100 1281 
* 14714
-7 504
+10 2
+1 412
cfi=(239)
cfn=(1710)
calls=103 1005 
* 1339
* 618
cfi=(239)
cfn=(1744)
calls=103 995 
* 5871
* 927
cfi=(261)
cfn=(2402) bool std::all_of<std::_Bit_iterator, PIBT::solve<ManhattanExpander, ManhattanHeuristic, SafePlanner>(Environment const&, MAPFInstance&, ManhattanExpander const&, ManhattanHeuristic const&, SafePlanner&, SearchMetrics&)::{lambda(bool)#1}>(std::_Bit_iterator, std::_Bit_iterator, PIBT::solve<ManhattanExpander, ManhattanHeuristic, SafePlanner>(Environment const&, MAPFInstance&, ManhattanExpander const&, ManhattanHeuristic const&, SafePlanner&, SearchMetrics&)::{lambda(bool)#1})
calls=103 458 
* 683348
* 206
+1 6
cfi=(241)
cfn=(2784)
calls=1 210 
* 93877
+1 3
cfi=(257)
cfn=(2812) Timer::elapsed_microseconds() const
calls=1 -83 
* 240
* 3
+1 2
+1 5
cfi=(240)
cfn=(2830) std::vector<std::vector<Location, std::allocator<Location> >, std::allocator<std::vector<Location, std::allocator<Location> > > >::begin()
calls=1 873 
* 31
* 4
cfi=(240)
cfn=(2834) std::vector<std::vector<Location, std::allocator<Location> >, std::allocator<std::vector<Location, std::allocator<Location> > > >::end()
calls=1 893 
* 32
* 302
cfi=(247)
cfn=(2840) __gnu_cxx::__normal_iterator<std::vector<Location, std::allocator<Location> >*, std::vector<std::vector<Location, std::allocator<Location> >, std::allocator<std::vector<Location, std::allocator<Location> > > > >::operator*() const
calls=100 1099 
* 800
* 100
+1 300
cfi=(240)
cfn=(1870)
calls=100 992 
* 1400
* 900
-1 300
cfi=(247)
cfn=(2842) __gnu_cxx::__normal_iterator<std::vector<Location, std::allocator<Location> >*, std::vector<std::vector<Location, std::allocator<Location> >, std::allocator<std::vector<Location, std::allocator<Location> > > > >::operator++()
calls=100 1109 
* 1200
* 505
cfi=(247)
cfn=(2836) bool __gnu_cxx::operator!=<std::vector<Location, std::allocator<Location> >*, std::vector<std::vector<Location, std::allocator<Location> >, std::allocator<std::vector<Location, std::allocator<Location> > > > >(__gnu_cxx::__normal_iterator<std::vector<Location, std::allocator<Location> >*, std::vector<std::vector<Location, std::allocator<Location> >, std::allocator<std::vector<Location, std::allocator<Location> > > > > const&, __gnu_cxx::__normal_iterator<std::vector<Location, std::allocator<Location> >*, std::vector<std::vector<Location, std::allocator<Location> >, std::allocator<std::vector<Location, std::allocator<Location> > > > > const&)
calls=101 1241 
* 3434
* 202
+3 1
+1 6
cfi=(240)
cfn=(2830)
calls=1 873 
* 31
* 4
cfi=(240)
cfn=(2834)
calls=1 893 
* 32
* 302
cfi=(247)
cfn=(2840)
calls=100 1099 
* 800
* 100
+1 300
cfi=(240)
cfn=(1870)
calls=100 992 
* 1400
* 600
+1 156
cfi=(240)
cfn=(1870)
calls=52 992 
* 728
* 52
-2 156
cfi=(247)
cfn=(2842)
calls=52 1109 
* 624
* 144
cfi=(247)
cfn=(2842)
calls=48 1109 
* 576
* 505
cfi=(247)
cfn=(2836)
calls=101 1241 
* 3434
* 202
+5 3
+1 2
+3 204
+1 71400
cfi=(240)
cfn=(2280)
calls=10200 1126 
* 122400
* 33390
cfi=(240)
cfn=(2278)
calls=465 1126 
* 6975
* 2790
cfi=(240)
cfn=(2294)
calls=465 1126 
* 6975
* 32460
+1 1395
cfi=(238) /home/steph/projects/drone-logistics/src/Environment.cpp
cfn=(2432) Environment::get_pads() const
calls=465 -84 
* 3720
* 4185
cfi=(263) /home/steph/projects/drone-logistics/src/../include/planners/SafePlanner.hpp
cfn=(2434) SafePlanner::plan_one_agent_start(int, std::vector<std::vector<Location, std::allocator<Location> >, std::allocator<std::vector<Location, std::allocator<Location> > > > const&, MAPFInstance const&, std::vector<Location, std::allocator<Location> > const&)
calls=465 12 
* 66629054
* 1395
cfi=(264) /usr/include/c++/13/tuple
cfn=(2470) std::tuple_element<0ul, std::tuple<Location, int> >::type&& std::get<0ul, Location, int>(std::tuple<Location, int>&&)
calls=465 1815 
* 21855
* 1860
cfi=(264)
cfn=(2478) std::tuple_element<1ul, std::tuple<Location, int> >::type&& std::get<1ul, Location, int>(std::tuple<Location, int>&&)
calls=465 1815 
* 21390
* 465
+2 1860
+1 600
cfi=(240)
cfn=(2278)
calls=100 1126 
* 1500
* 600
cfi=(240)
cfn=(2294)
calls=100 1126 
* 1500
* 500
+1 600
cfi=(240)
cfn=(2294)
calls=100 1126 
* 1500
* 600
+2 3285
cfi=(240)
cfn=(2280)
calls=365 1126 
* 4380
* 365
+4 2555
cfi=(239)
cfn=(2488)
calls=365 1086 
* 88695
* 68845
cfi=(239)
cfn=(2488)
calls=9835 1086 
* 2389905
* 51000
cfi=(239)
cfn=(2426)
calls=10200 -27 
* 142800
* 51900
cfi=(240)
cfn=(2278)
calls=5250 1126 
* 78750
* 31500
cfi=(240)
cfn=(2294)
calls=5250 1126 
* 78750
* 52295
+1 29785
cfi=(240)
cfn=(2294)
calls=4255 1126 
* 63825
* 29785
cfi=(240)
cfn=(2278)
calls=4255 1126 
* 63825
* 25530
cfi=(240)
cfn=(2294)
calls=4255 1126 
* 63825
* 12765
cfi=(255)
cfn=(2454)
calls=4255 7 
* 68258
* 8510
+4 25530
cfi=(240)
cfn=(2492)
calls=4255 1126 
* 51060
* 21275
-5 5945
-12 51408
+23 204
+1 71400
cfi=(240)
cfn=(2294)
calls=10200 1126 
* 153000
* 71400
cfi=(240)
cfn=(2278)
calls=10200 1126 
* 153000
* 61200
cfi=(240)
cfn=(2294)
calls=10200 1126 
* 153000
* 61200
cfi=(260)
cfn=(2296)
calls=10200 9 
* 387600
* 30600
+1 81600
+1 81600
+1 81600
cfi=(240)
cfn=(2492)
calls=10200 1126 
* 122400
* 20400
-4 51612
fi=(223)
-49 102
fi=(222)
+75 102
fe=(256)
-19 816
cfi=(240)
cfn=(2496) std::vector<unsigned long, std::allocator<unsigned long> >::vector(unsigned long, std::allocator<unsigned long> const&)
calls=102 556 
* 122434
fi=(222)
+40 306
cfi=(223)
cfn=(1944) std::__new_allocator<unsigned long>::~__new_allocator()
calls=102 -80 
* 714
* 102
fe=(256)
-39 306
cfi=(240)
cfn=(2538) std::vector<unsigned long, std::allocator<unsigned long> >::end()
calls=102 893 
* 3264
* 408
cfi=(240)
cfn=(2542) std::vector<unsigned long, std::allocator<unsigned long> >::begin()
calls=102 873 
* 3162
* 408
cfi=(265) /usr/include/c++/13/bits/stl_numeric.h
cfn=(2544) void std::iota<__gnu_cxx::__normal_iterator<unsigned long*, std::vector<unsigned long, std::allocator<unsigned long> > >, int>(__gnu_cxx::__normal_iterator<unsigned long*, std::vector<unsigned long, std::allocator<unsigned long> > >, __gnu_cxx::__normal_iterator<unsigned long*, std::vector<unsigned long, std::allocator<unsigned long> > >, int)
calls=102 -57 
* 729810
+1 510
cfi=(240)
cfn=(2538)
calls=102 893 
* 3264
* 408
cfi=(240)
cfn=(2542)
calls=102 873 
* 3162
* 408
cfi=(261)
cfn=(2554) void std::sort<__gnu_cxx::__normal_iterator<unsigned long*, std::vector<unsigned long, std::allocator<unsigned long> > >, PIBT::solve<ManhattanExpander, ManhattanHeuristic, SafePlanner>(Environment const&, MAPFInstance&, ManhattanExpander const&, ManhattanHeuristic const&, SafePlanner&, SearchMetrics&)::{lambda(unsigned long, unsigned long)#1}>(__gnu_cxx::__normal_iterator<unsigned long*, std::vector<unsigned long, std::allocator<unsigned long> > >, __gnu_cxx::__normal_iterator<unsigned long*, std::vector<unsigned long, std::allocator<unsigned long> > >, PIBT::solve<ManhattanExpander, ManhattanHeuristic, SafePlanner>(Environment const&, MAPFInstance&, ManhattanExpander const&, ManhattanHeuristic const&, SafePlanner&, SearchMetrics&)::{lambda(unsigned long, unsigned long)#1})
calls=102 4882 
* 12969526
+5 510
cfi=(240)
cfn=(2542)
calls=102 873 
* 3162
* 408
cfi=(240)
cfn=(2538)
calls=102 893 
* 3264
* 30804
cfi=(247)
cfn=(2550) __gnu_cxx::__normal_iterator<unsigned long*, std::vector<unsigned long, std::allocator<unsigned long> > >::operator*() const
calls=10200 1099 
* 81600
* 20400
+1 61200
cfi=(240)
cfn=(2278)
calls=10200 1126 
* 153000
* 20400
cfi=(240)
cfn=(1870)
calls=10200 992 
* 142800
* 128064
cfi=(239)
cfn=(2488)
calls=9552 1086 
* 2321136
* 47760
cfi=(239)
cfn=(2426)
calls=9552 -53 
* 133728
* 63858
+1 59826
cfn=(2634)
calls=4602 15 
* 152038231
* 4602
-2 13806
cfi=(247)
cfn=(2552) __gnu_cxx::__normal_iterator<unsigned long*, std::vector<unsigned long, std::allocator<unsigned long> > >::operator++()
calls=4602 1109 
* 55224
* 16794
cfi=(247)
cfn=(2552)
calls=5598 1109 
* 67176
* 51510
cfi=(247)
cfn=(2546) bool __gnu_cxx::operator!=<unsigned long*, std::vector<unsigned long, std::allocator<unsigned long> > >(__gnu_cxx::__normal_iterator<unsigned long*, std::vector<unsigned long, std::allocator<unsigned long> > > const&, __gnu_cxx::__normal_iterator<unsigned long*, std::vector<unsigned long, std::allocator<unsigned long> > > const&)
calls=10302 1241 
* 350268
* 20604
-55 306
cfi=(240)
cfn=(2742) std::vector<unsigned long, std::allocator<unsigned long> >::~vector()
calls=102 733 
* 24174
* 411
+65 3
cfi=(240)
cfn=(2844) std::vector<float, std::allocator<float> >::~vector()
calls=1 733 
* 237
* 3
cfi=(240)
cfn=(2844)
calls=1 733 
* 237
* 9

fn=(2860)
11 9
cfi=(239)
cfn=(2012)
calls=1 890 
* 347
* 3
cfi=(240)
cfn=(2862)
calls=1 733 
* 36795
* 3

fn=(2706) PIBT::solve_one_agent<ManhattanExpander, ManhattanHeuristic>(int, int, int, Environment const&, MAPFInstance const&, ManhattanExpander const&, ManhattanHeuristic const&)::{lambda(Location const&, Location const&)#1}::operator()(Location const&, Location const&) const
26 382257
+1 509676
cfi=(240)
cfn=(2452)
calls=42473 1145 
* 637095
* 212365
cfi=(260)
cfn=(2296)
calls=42473 -18 
* 1613974
* 552149
cfi=(240)
cfn=(2452)
calls=42473 1145 
* 637095
* 212365
cfi=(260)
cfn=(2296)
calls=42473 -18 
* 1613974
* 84946
-1 212365

fn=(2198)
11 12
cfi=(240)
cfn=(2190)
calls=1 531 
* 52
* 9
cfi=(239)
cfn=(1672) std::vector<bool, std::allocator<bool> >::vector()
calls=1 777 
* 112
* 5

fn=(2428) PIBT::solve<ManhattanExpander, ManhattanHeuristic, SafePlanner>(Environment const&, MAPFInstance&, ManhattanExpander const&, ManhattanHeuristic const&, SafePlanner&, SearchMetrics&)::{lambda(bool)#1}::operator()(bool) const
97 39654

fl=(275)
fn=(3092) std::__detail::_Hashtable_base<Location, std::pair<Location const, unsigned long>, std::__detail::_Select1st, std::equal_to<Location>, LocationHasher, std::__detail::_Mod_range_hashing, std::__detail::_Default_ranged_hash, std::__detail::_Hashtable_traits<true, false, true> >::_M_eq() const
1760 95968
cfn=(3094) std::__detail::_Hashtable_ebo_helper<0, std::equal_to<Location>, true>::_M_cget() const
calls=11996 1225 
* 83972
* 23992

fn=(3128) std::__detail::_Hashtable_alloc<std::allocator<std::__detail::_Hash_node<std::pair<Location const, unsigned long>, true> > >::_M_deallocate_node(std::__detail::_Hash_node<std::pair<Location const, unsigned long>, true>*)
2009 60270
+2 25830
333 25830
cfi=(277) /usr/include/c++/13/ext/aligned_buffer.h
cfn=(2968) __gnu_cxx::__aligned_buffer<std::pair<Location const, unsigned long> >::_M_ptr()
calls=8610 116 
* 146370
* 17220
2011 25830
cfn=(2956) std::__detail::_Hashtable_alloc<std::allocator<std::__detail::_Hash_node<std::pair<Location const, unsigned long>, true> > >::_M_node_allocator()
calls=8610 -61 
* 146370
* 51660
fi=(223)
198 8610
fi=(243)
562 8610
fe=(275)
2012 43050
cfn=(3130) std::__detail::_Hashtable_alloc<std::allocator<std::__detail::_Hash_node<std::pair<Location const, unsigned long>, true> > >::_M_deallocate_node_ptr(std::__detail::_Hash_node<std::pair<Location const, unsigned long>, true>*)
calls=8610 +5 
* 1753101
+1 34440

fn=(3144) std::__detail::_Hashtable_ebo_helper<0, std::allocator<std::__detail::_Hash_node<std::pair<Location const, unsigned long>, true> >, true>::~_Hashtable_ebo_helper()
1215 1435
fi=(222)
184 615
cfi=(223)
cfn=(3146) std::__new_allocator<std::__detail::_Hash_node<std::pair<Location const, unsigned long>, true> >::~__new_allocator()
calls=205 -80 
* 1435
* 205
fe=(275)
1215 615

fn=(2934) std::__detail::_Prime_rehash_policy::_Prime_rehash_policy(float)
544 1025
+1 1640

fn=(2946) std::__detail::_Insert_base<Location, std::pair<Location const, unsigned long>, std::allocator<std::pair<Location const, unsigned long> >, std::__detail::_Select1st, std::equal_to<Location>, LocationHasher, std::__detail::_Mod_range_hashing, std::__detail::_Default_ranged_hash, std::__detail::_Prime_rehash_policy, std::__detail::_Hashtable_traits<true, false, true> >::_M_conjure_hashtable()
903 17420
+1 13065

fn=(3094)
1225 83972

fn=(2926) std::__detail::_Hashtable_ebo_helper<0, std::equal_to<Location>, true>::_Hashtable_ebo_helper()
1218 1435

fn=(3002) std::__detail::_Hashtable_ebo_helper<1, LocationHasher, true>::_M_cget() const
1225 64729

fn=(3012) std::__detail::_Mod_range_hashing::operator()(unsigned long, unsigned long) const
526 205296
+2 205296

fn=(3016) std::__detail::_Prime_rehash_policy::_M_state() const
571 34440
+1 34440

fn=(3034) std::__detail::_Hashtable_alloc<std::allocator<std::__detail::_Hash_node<std::pair<Location const, unsigned long>, true> > >::_M_allocate_buckets(unsigned long)
2039 5980
+3 1794
cfn=(2956)
calls=598 -92 
* 10166
* 1794
fi=(223)
88 598
fi=(222)
+90 1794
fi=(243)
482 3588
cfi=(223)
cfn=(3036) std::__new_allocator<std::__detail::_Hash_node_base*>::allocate(unsigned long, void const*)
calls=598 126 
* 56328
* 598
fe=(275)
2044 598
+1 1794
cfi=(276) /usr/include/c++/13/bits/ptr_traits.h
cfn=(3040) std::__detail::_Hash_node_base** std::__to_address<std::__detail::_Hash_node_base*>(std::__detail::_Hash_node_base**)
calls=598 212 
* 4186
* 598
+1 3588
cob=(4)
cfi=(175)
cfn=(1796)
calls=598 0 
* 20935
+1 598
fi=(222)
184 1794
cfi=(223)
cfn=(3042) std::__new_allocator<std::__detail::_Hash_node_base*>::~__new_allocator()
calls=598 -80 
* 4186
* 598
fe=(275)
2047 598
+1 3588

fn=(3126) std::__detail::_Hashtable_alloc<std::allocator<std::__detail::_Hash_node<std::pair<Location const, unsigned long>, true> > >::_M_deallocate_nodes(std::__detail::_Hash_node<std::pair<Location const, unsigned long>, true>*)
2027 1230
+2 205
+2 17220
+1 25830
cfn=(3080) std::__detail::_Hash_node<std::pair<Location const, unsigned long>, true>::_M_next() const
calls=8610 380 
* 68880
* 8610
+1 43050
cfn=(3128)
calls=8610 -24 
* 2347191
-4 17630
+6 820

fn=(2956)
1950 178180
+1 106908
cfn=(2958) std::__detail::_Hashtable_ebo_helper<0, std::allocator<std::__detail::_Hash_node<std::pair<Location const, unsigned long>, true> >, true>::_M_get()
calls=35636 1226 
* 249452
* 71272

fn=(2992) std::__detail::_Node_iterator_base<std::pair<Location const, unsigned long>, true>::_Node_iterator_base(std::__detail::_Hash_node<std::pair<Location const, unsigned long>, true>*)
393 50450
+1 60540

fn=(3000) std::__detail::_Hash_code_base<Location, std::pair<Location const, unsigned long>, std::__detail::_Select1st, LocationHasher, std::__detail::_Mod_range_hashing, std::__detail::_Default_ranged_hash, true>::_M_hash() const
1375 73976
cfn=(3002)
calls=9247 1225 
* 64729
* 18494

fn=(2944)
1122 26130
+2 13065
cfn=(2946)
calls=4355 903 
* 30485
* 4355
+1 13065
cfi=(244)
cfn=(2948) std::pair<Location const, unsigned long>&& std::forward<std::pair<Location const, unsigned long> >(std::remove_reference<std::pair<Location const, unsigned long> >::type&)
calls=4355 70 
* 30485
* 21775
cfi=(274)
cfn=(2950) std::pair<std::__detail::_Node_iterator<std::pair<Location const, unsigned long>, false, true>, bool> std::_Hashtable<Location, std::pair<Location const, unsigned long>, std::allocator<std::pair<Location const, unsigned long> >, std::__detail::_Select1st, std::equal_to<Location>, LocationHasher, std::__detail::_Mod_range_hashing, std::__detail::_Default_ranged_hash, std::__detail::_Prime_rehash_policy, std::__detail::_Hashtable_traits<true, false, true> >::_M_emplace<std::pair<Location const, unsigned long> >(std::integral_constant<bool, true>, std::pair<Location const, unsigned long>&&)
calls=4355 2081 
* 6226799
+1 8710

fn=(2958)
1226 249452

fn=(2976) std::__detail::_Select1st::__1st_type<std::pair<Location const, unsigned long>&>::type&& std::__detail::_Select1st::operator()<std::pair<Location const, unsigned long>&>(std::pair<Location const, unsigned long>&) const
112 26130
+1 13065
cfi=(244)
cfn=(2978) std::pair<Location const, unsigned long>& std::forward<std::pair<Location const, unsigned long>&>(std::remove_reference<std::pair<Location const, unsigned long>&>::type&)
calls=4355 -43 
* 30485
* 8710

fn=(2996) std::__detail::operator!=(std::__detail::_Node_iterator_base<std::pair<Location const, unsigned long>, true> const&, std::__detail::_Node_iterator_base<std::pair<Location const, unsigned long>, true> const&)
407 3700
+2 5920

fn=(3010) std::__detail::_Hash_code_base<Location, std::pair<Location const, unsigned long>, std::__detail::_Select1st, LocationHasher, std::__detail::_Mod_range_hashing, std::__detail::_Default_ranged_hash, true>::_M_bucket_index(unsigned long, unsigned long) const
1331 98450
+1 59070
cfn=(3012)
calls=9845 526 
* 118140
* 49225

fn=(3052) std::__detail::_Hash_code_base<Location, std::pair<Location const, unsigned long>, std::__detail::_Select1st, LocationHasher, std::__detail::_Mod_range_hashing, std::__detail::_Default_ranged_hash, true>::_M_store_code(std::__detail::_Hash_node_code_cache<true>&, unsigned long) const
1362 51660
+1 51660

fn=(3172) std::__detail::_Hash_node<std::pair<Location const, unsigned long>, true>* std::__detail::_Hashtable_alloc<std::allocator<std::__detail::_Hash_node<std::pair<Location const, unsigned long>, true> > >::_M_allocate_node<std::piecewise_construct_t const&, std::tuple<Location const&>, std::tuple<> >(std::piecewise_construct_t const&, std::tuple<Location const&>&&, std::tuple<>&&)
1987 63825
+3 12765
cfn=(2956)
calls=4255 -40 
* 72335
* 8510
fi=(243)
482 25530
cfi=(223)
cfn=(2960) std::__new_allocator<std::__detail::_Hash_node<std::pair<Location const, unsigned long>, true> >::allocate(unsigned long, void const*)
calls=4255 126 
* 504507
* 4255
fe=(275)
1990 4255
+1 12765
cfi=(276)
cfn=(2964) std::__detail::_Hash_node<std::pair<Location const, unsigned long>, true>* std::__to_address<std::__detail::_Hash_node<std::pair<Location const, unsigned long>, true> >(std::__detail::_Hash_node<std::pair<Location const, unsigned long>, true>*)
calls=4255 212 
* 29785
* 4255
+3 17020
cfi=(248)
cfn=(1888)
calls=4255 175 
* 34040
* 8510
cfn=(2966) std::__detail::_Hash_node<std::pair<Location const, unsigned long>, true>::_Hash_node()
calls=4255 375 
* 85100
+1 12765
cfi=(244)
cfn=(3166) std::tuple<>&& std::forward<std::tuple<> >(std::remove_reference<std::tuple<> >::type&)
calls=4255 70 
* 29785
* 17020
cfi=(244)
cfn=(3168) std::tuple<Location const&>&& std::forward<std::tuple<Location const&> >(std::remove_reference<std::tuple<Location const&> >::type&)
calls=4255 70 
* 29785
* 17020
cfi=(244)
cfn=(3170) std::piecewise_construct_t const& std::forward<std::piecewise_construct_t const&>(std::remove_reference<std::piecewise_construct_t const&>::type&)
calls=4255 70 
* 29785
* 17020
333 12765
cfi=(277)
cfn=(2968)
calls=4255 116 
* 72335
* 8510
1995 12765
cfn=(2956)
calls=4255 -45 
* 72335
* 21275
fi=(243)
538 12765
cfi=(244)
cfn=(3166)
calls=4255 70 
* 29785
* 17020
cfi=(244)
cfn=(3168)
calls=4255 70 
* 29785
* 17020
cfi=(244)
cfn=(3170)
calls=4255 70 
* 29785
* 29785
fi=(223)
191 17020
cfi=(248)
cfn=(1888)
calls=4255 -16 
* 34040
* 21275
cfi=(244)
cfn=(3166)
calls=4255 70 
* 29785
* 12765
cfi=(244)
cfn=(3168)
calls=4255 70 
* 29785
* 21275
cfi=(264)
cfn=(3178) std::tuple<Location const&>::tuple(std::tuple<Location const&>&&)
calls=4255 903 
* 110630
* 12765
cfi=(244)
cfn=(3170)
calls=4255 70 
* 29785
* 17020
cfi=(264)
cfn=(3182) std::pair<Location const, unsigned long>::pair<Location const&>(std::piecewise_construct_t, std::tuple<Location const&>, std::tuple<>)
calls=4255 2252 
* 348910
* 4255
fi=(243)
542 4255
fe=(275)
1998 4255
+7 42550

fn=(3194) std::__detail::_Node_iterator<std::pair<Location const, unsigned long>, false, true>::operator->() const
444 23405
+1 18724
333 14043
cfi=(277)
cfn=(2968)
calls=4681 116 
* 79577
* 4681
445 9362

fn=(2928) std::__detail::_Hashtable_alloc<std::allocator<std::__detail::_Hash_node<std::pair<Location const, unsigned long>, true> > >::_Hashtable_alloc()
1940 1640
cfn=(2930) std::__detail::_Hashtable_ebo_helper<0, std::allocator<std::__detail::_Hash_node<std::pair<Location const, unsigned long>, true> >, true>::_Hashtable_ebo_helper()
calls=205 1218 
* 2665
* 615

fn=(2932) std::__detail::_Hash_node_base::_Hash_node_base()
313 79335

fn=(2930)
1218 1640
fi=(223)
88 205
fi=(222)
+75 205
fe=(275)
1218 615

fn=(2990) std::__detail::_Node_iterator<std::pair<Location const, unsigned long>, false, true>::_Node_iterator(std::__detail::_Hash_node<std::pair<Location const, unsigned long>, true>*)
436 60540
+1 50450
cfn=(2992)
calls=10090 -44 
* 110990
* 30270

fn=(2998) std::__detail::_Hash_code_base<Location, std::pair<Location const, unsigned long>, std::__detail::_Select1st, LocationHasher, std::__detail::_Mod_range_hashing, std::__detail::_Default_ranged_hash, true>::_M_hash_code(Location const&) const
1306 55482
+4 27741
cfn=(3000)
calls=9247 +65 
* 157199
* 46235
cfi=(255)
cfn=(3004)
calls=9247 42 
* 628796
+1 18494

fn=(3084) std::__detail::_Hash_code_base<Location, std::pair<Location const, unsigned long>, std::__detail::_Select1st, LocationHasher, std::__detail::_Mod_range_hashing, std::__detail::_Default_ranged_hash, true>::_M_bucket_index(std::__detail::_Hash_node_value<std::pair<Location const, unsigned long>, true> const&, unsigned long) const
1346 243710
+4 170597
cfn=(3012)
calls=24371 526 
* 292452
* 121855

fn=(3106) std::__detail::_Hashtable_alloc<std::allocator<std::__detail::_Hash_node<std::pair<Location const, unsigned long>, true> > >::_M_deallocate_buckets(std::__detail::_Hash_node_base**, unsigned long)
2052 5980
+5 1794
cfi=(276)
cfn=(3108) std::__ptr_traits_ptr_to<std::__detail::_Hash_node_base**, std::__detail::_Hash_node_base*, false>::pointer_to(std::__detail::_Hash_node_base*&)
calls=598 141 
* 16146
* 598
+1 1794
cfn=(2956)
calls=598 1950 
* 10166
* 1794
fi=(223)
88 598
fi=(222)
+90 2990
fi=(243)
517 3588
cfi=(223)
cfn=(3114) std::__new_allocator<std::__detail::_Hash_node_base*>::deallocate(std::__detail::_Hash_node_base**, unsigned long)
calls=598 156 
* 65780
* 598
fi=(222)
184 1794
cfi=(223)
cfn=(3042)
calls=598 -80 
* 4186
* 598
fe=(275)
2060 3588

fn=(3130)
2017 51660
+3 25830
cfi=(276)
cfn=(3132) std::__ptr_traits_ptr_to<std::__detail::_Hash_node<std::pair<Location const, unsigned long>, true>*, std::__detail::_Hash_node<std::pair<Location const, unsigned long>, true>, false>::pointer_to(std::__detail::_Hash_node<std::pair<Location const, unsigned long>, true>&)
calls=8610 141 
* 232470
* 8610
+2 25830
cfn=(2956)
calls=8610 -72 
* 146370
* 34440
fi=(243)
517 51660
cfi=(223)
cfn=(3138) std::__new_allocator<std::__detail::_Hash_node<std::pair<Location const, unsigned long>, true> >::deallocate(std::__detail::_Hash_node<std::pair<Location const, unsigned long>, true>*, unsigned long)
calls=8610 156 
* 1141791
* 8610
fe=(275)
2023 25830

fn=(3142) std::__detail::_Hashtable_alloc<std::allocator<std::__detail::_Hash_node<std::pair<Location const, unsigned long>, true> > >::~_Hashtable_alloc()
1912 1640
cfn=(3144)
calls=205 1215 
* 4305
* 615

fn=(2924) std::__detail::_Hashtable_ebo_helper<1, LocationHasher, true>::_Hashtable_ebo_helper()
1218 1435

fn=(3080)
380 154436
+1 154436

fn=(3088) std::__detail::_Hashtable_base<Location, std::pair<Location const, unsigned long>, std::__detail::_Select1st, std::equal_to<Location>, LocationHasher, std::__detail::_Mod_range_hashing, std::__detail::_Default_ranged_hash, std::__detail::_Hashtable_traits<true, false, true> >::_S_equals(unsigned long, std::__detail::_Hash_node_code_cache<true> const&)
1692 60535
+1 72642

fn=(2920) std::__detail::_Hashtable_base<Location, std::pair<Location const, unsigned long>, std::__detail::_Select1st, std::equal_to<Location>, LocationHasher, std::__detail::_Mod_range_hashing, std::__detail::_Default_ranged_hash, std::__detail::_Hashtable_traits<true, false, true> >::_Hashtable_base()
1701 1640
cfn=(2922) std::__detail::_Hash_code_base<Location, std::pair<Location const, unsigned long>, std::__detail::_Select1st, LocationHasher, std::__detail::_Mod_range_hashing, std::__detail::_Default_ranged_hash, true>::_Hash_code_base()
calls=205 1301 
* 3690
* 615
cfn=(2926)
calls=205 1218 
* 1435
* 615

fn=(2922)
1301 1640
cfn=(2924)
calls=205 -83 
* 1435
* 615

fn=(2954) std::__detail::_Hash_node<std::pair<Location const, unsigned long>, true>* std::__detail::_Hashtable_alloc<std::allocator<std::__detail::_Hash_node<std::pair<Location const, unsigned long>, true> > >::_M_allocate_node<std::pair<Location const, unsigned long> >(std::pair<Location const, unsigned long>&&)
1987 34840
+3 13065
cfn=(2956)
calls=4355 -40 
* 74035
* 8710
fi=(243)
482 26130
cfi=(223)
cfn=(2960)
calls=4355 126 
* 533160
* 4355
fe=(275)
1990 4355
+1 13065
cfi=(276)
cfn=(2964)
calls=4355 212 
* 30485
* 4355
+3 17420
cfi=(248)
cfn=(1888)
calls=4355 175 
* 34840
* 8710
cfn=(2966)
calls=4355 375 
* 87100
+1 13065
cfi=(244)
cfn=(2948)
calls=4355 70 
* 30485
* 17420
333 13065
cfi=(277)
cfn=(2968)
calls=4355 116 
* 74035
* 8710
1995 13065
cfn=(2956)
calls=4355 -45 
* 74035
* 13065
fi=(243)
538 13065
cfi=(244)
cfn=(2948)
calls=4355 70 
* 30485
* 21775
fi=(223)
191 17420
cfi=(248)
cfn=(1888)
calls=4355 -16 
* 34840
* 17420
cfi=(244)
cfn=(2948)
calls=4355 70 
* 30485
* 34840
fi=(243)
542 4355
fe=(275)
1998 4355
+7 21775

fn=(2966)
375 68880
cfn=(2932)
calls=8610 -62 
* 77490
* 25830

fn=(2984) std::__detail::_Hashtable_hash_traits<LocationHasher>::__small_size_threshold()
297 28041
+1 28041

fn=(3086) std::__detail::_Hashtable_base<Location, std::pair<Location const, unsigned long>, std::__detail::_Select1st, std::equal_to<Location>, LocationHasher, std::__detail::_Mod_range_hashing, std::__detail::_Default_ranged_hash, std::__detail::_Hashtable_traits<true, false, true> >::_M_equals(Location const&, unsigned long, std::__detail::_Hash_node_value<std::pair<Location const, unsigned long>, true> const&) const
1732 96856
+2 72642
cfn=(3088)
calls=12107 -42 
* 133177
* 96190
cfn=(3090) std::__detail::_Hashtable_base<Location, std::pair<Location const, unsigned long>, std::__detail::_Select1st, std::equal_to<Location>, LocationHasher, std::__detail::_Mod_range_hashing, std::__detail::_Default_ranged_hash, std::__detail::_Hashtable_traits<true, false, true> >::_M_key_equals(Location const&, std::__detail::_Hash_node_value<std::pair<Location const, unsigned long>, true> const&) const
calls=11996 -26 
* 1468266
* 60739

fn=(3090)
1708 131956
+7 35988
cfn=(3092)
calls=11996 +45 
* 203932
* 59980
338 35988
cfi=(277)
cfn=(3096) __gnu_cxx::__aligned_buffer<std::pair<Location const, unsigned long> >::_M_ptr() const
calls=11996 120 
* 203932
* 23992
+10 11996
1715 47984
cfn=(3100) std::__detail::_Select1st::__1st_type<std::pair<Location const, unsigned long> const&>::type&& std::__detail::_Select1st::operator()<std::pair<Location const, unsigned long> const&>(std::pair<Location const, unsigned long> const&) const
calls=11996 112 
* 215928
* 59980
cfi=(279) /usr/include/c++/13/bits/stl_function.h
cfn=(3104) std::equal_to<Location>::operator()(Location const&, Location const&) const
calls=11996 377 
* 364634
+1 71976

fn=(3100)
112 71976
+1 35988
cfi=(244)
cfn=(3102) std::pair<Location const, unsigned long> const& std::forward<std::pair<Location const, unsigned long> const&>(std::remove_reference<std::pair<Location const, unsigned long> const&>::type&)
calls=11996 -43 
* 83972
* 23992

fn=(3156)
807 42550
+5 8510
+1 21275
cfn=(2998)
calls=4255 1306 
* 429755
* 4255
+1 21275
cfi=(274)
cfn=(3008) std::_Hashtable<Location, std::pair<Location const, unsigned long>, std::allocator<std::pair<Location const, unsigned long> >, std::__detail::_Select1st, std::equal_to<Location>, LocationHasher, std::__detail::_Mod_range_hashing, std::__detail::_Default_ranged_hash, std::__detail::_Prime_rehash_policy, std::__detail::_Hashtable_traits<true, false, true> >::_M_bucket_index(unsigned long) const
calls=4255 -18 
* 204240
* 4255
+1 25530
cfi=(274)
cfn=(3076) std::_Hashtable<Location, std::pair<Location const, unsigned long>, std::allocator<std::pair<Location const, unsigned long> >, std::__detail::_Select1st, std::equal_to<Location>, LocationHasher, std::__detail::_Mod_range_hashing, std::__detail::_Default_ranged_hash, std::__detail::_Prime_rehash_policy, std::__detail::_Hashtable_traits<true, false, true> >::_M_find_node(unsigned long, Location const&, unsigned long) const
calls=4255 -3 
* 1475173
* 12765
+3 4255
+3 21275
cfi=(264)
cfn=(3158) std::tuple<Location const&>::tuple<true, true>(Location const&)
calls=4255 +53 
* 165945
-3 38295
cfi=(274)
cfn=(3164) std::_Hashtable<Location, std::pair<Location const, unsigned long>, std::allocator<std::pair<Location const, unsigned long> >, std::__detail::_Select1st, std::equal_to<Location>, LocationHasher, std::__detail::_Mod_range_hashing, std::__detail::_Default_ranged_hash, std::__detail::_Prime_rehash_policy, std::__detail::_Hashtable_traits<true, false, true> >::_Scoped_node::_Scoped_node<std::piecewise_construct_t const&, std::tuple<Location const&>, std::tuple<> >(std::__detail::_Hashtable_alloc<std::allocator<std::__detail::_Hash_node<std::pair<Location const, unsigned long>, true> > >*, std::piecewise_construct_t const&, std::tuple<Location const&>&&, std::tuple<>&&)
calls=4255 305 
* 2410747
+7 29785
cfi=(274)
cfn=(3014) std::_Hashtable<Location, std::pair<Location const, unsigned long>, std::allocator<std::pair<Location const, unsigned long> >, std::__detail::_Select1st, std::equal_to<Location>, LocationHasher, std::__detail::_Mod_range_hashing, std::__detail::_Default_ranged_hash, std::__detail::_Prime_rehash_policy, std::__detail::_Hashtable_traits<true, false, true> >::_M_insert_unique_node(unsigned long, unsigned long, std::__detail::_Hash_node<std::pair<Location const, unsigned long>, true>*, unsigned long)
calls=4255 2166 
* 1452845
* 4255
+1 4255
+1 12765
cfn=(3194)
calls=4255 444 
* 136160
* 4255
+1 12765
cfi=(274)
cfn=(3062) std::_Hashtable<Location, std::pair<Location const, unsigned long>, std::allocator<std::pair<Location const, unsigned long> >, std::__detail::_Select1st, std::equal_to<Location>, LocationHasher, std::__detail::_Mod_range_hashing, std::__detail::_Default_ranged_hash, std::__detail::_Prime_rehash_policy, std::__detail::_Hashtable_traits<true, false, true> >::_Scoped_node::~_Scoped_node()
calls=4255 311 
* 51060
* 29785

fl=(258) /usr/include/c++/13/bits/chrono.h
fn=(2816) std::chrono::time_point<std::chrono::_V2::system_clock, std::chrono::duration<long, std::ratio<1l, 1000000000l> > >::time_since_epoch() const
949 8
+1 8

fn=(2824) std::chrono::duration<long, std::ratio<1l, 1000000l> > std::chrono::__duration_cast_impl<std::chrono::duration<long, std::ratio<1l, 1000000l> >, std::ratio<1l, 1000l>, long, true, false>::__cast<long, std::ratio<1l, 1000000000l> >(std::chrono::duration<long, std::ratio<1l, 1000000000l> > const&)
208 8
+4 3
cfn=(2820) std::chrono::duration<long, std::ratio<1l, 1000000000l> >::count() const
calls=1 589 
* 8
* 9
-1 6
cfn=(2826) std::chrono::duration<long, std::ratio<1l, 1000000l> >::duration<long, void>(long const&)
calls=1 573 
* 12
+1 1
+1 5

fn=(2210) std::chrono::duration<long, std::ratio<1l, 1000000000l> >::duration<long, void>(long const&)
573 10
+1 14

fn=(2206) std::chrono::duration<long, std::ratio<1l, 1000000000l> >::zero()
673 7
+1 1
cfn=(2208) std::chrono::duration_values<long>::zero()
calls=1 498 
* 6
* 6
cfn=(2210)
calls=1 573 
* 12
* 6

fn=(2814) std::common_type<std::chrono::duration<long, std::ratio<1l, 1000000000l> >, std::chrono::duration<long, std::ratio<1l, 1000000000l> > >::type std::chrono::operator-<std::chrono::_V2::system_clock, std::chrono::duration<long, std::ratio<1l, 1000000000l> >, std::chrono::duration<long, std::ratio<1l, 1000000000l> > >(std::chrono::time_point<std::chrono::_V2::system_clock, std::chrono::duration<long, std::ratio<1l, 1000000000l> > > const&, std::chrono::time_point<std::chrono::_V2::system_clock, std::chrono::duration<long, std::ratio<1l, 1000000000l> > > const&)
1141 9
+2 3
cfn=(2816)
calls=1 949 
* 8
* 4
cfn=(2816)
calls=1 949 
* 8
* 6
cfn=(2818) std::common_type<std::chrono::duration<long, std::ratio<1l, 1000000000l> >, std::chrono::duration<long, std::ratio<1l, 1000000000l> > >::type std::chrono::operator-<long, std::ratio<1l, 1000000000l>, long, std::ratio<1l, 1000000000l> >(std::chrono::duration<long, std::ratio<1l, 1000000000l> > const&, std::chrono::duration<long, std::ratio<1l, 1000000000l> > const&)
calls=1 710 
* 66
* 5

fn=(2822) std::enable_if<std::chrono::__is_duration<std::chrono::duration<long, std::ratio<1l, 1000000l> > >::value, std::chrono::duration<long, std::ratio<1l, 1000000l> > >::type std::chrono::duration_cast<std::chrono::duration<long, std::ratio<1l, 1000000l> >, long, std::ratio<1l, 1000000000l> >(std::chrono::duration<long, std::ratio<1l, 1000000000l> > const&)
273 5
+14 3
cfn=(2824)
calls=1 -79 
* 52
+4 2

fn=(2820)
589 12
+1 12

fn=(2828) std::chrono::duration<long, std::ratio<1l, 1000000l> >::count() const
589 4
+1 4

fn=(2204) std::chrono::time_point<std::chrono::_V2::system_clock, std::chrono::duration<long, std::ratio<1l, 1000000000l> > >::time_point()
933 8
cfn=(2206)
calls=1 673 
* 38
* 1
+1 4

fn=(2208)
498 3
+1 3

fn=(2818)
710 10
+6 6
cfn=(2820)
calls=1 589 
* 8
* 7
cfn=(2820)
calls=1 589 
* 8
* 8
cfn=(2210)
calls=1 573 
* 12
* 1
+1 6

fn=(2826)
573 5
+1 7

fl=(276)
fn=(2964)
212 34440
+3 8610
+1 17220

fn=(3040)
212 2392
+3 598
+1 1196

fn=(3132)
141 43050
+1 25830
cfi=(244)
cfn=(3134) std::__detail::_Hash_node<std::pair<Location const, unsigned long>, true>* std::addressof<std::__detail::_Hash_node<std::pair<Location const, unsigned long>, true> >(std::__detail::_Hash_node<std::pair<Location const, unsigned long>, true>&)
calls=8610 -4 
* 146370
* 17220

fn=(3108)
141 2990
+1 1794
cfi=(244)
cfn=(3110) std::__detail::_Hash_node_base** std::addressof<std::__detail::_Hash_node_base*>(std::__detail::_Hash_node_base*&)
calls=598 -4 
* 10166
* 1196

fl=(245) /usr/include/c++/13/bits/cpp_type_traits.h
fn=(1766) std::_Bit_const_iterator std::__miter_base<std::_Bit_const_iterator>(std::_Bit_const_iterator)
607 42
+1 48

fn=(2606) __gnu_cxx::__normal_iterator<unsigned long*, std::vector<unsigned long, std::allocator<unsigned long> > > std::__miter_base<__gnu_cxx::__normal_iterator<unsigned long*, std::vector<unsigned long, std::allocator<unsigned long> > > >(__gnu_cxx::__normal_iterator<unsigned long*, std::vector<unsigned long, std::allocator<unsigned long> > >)
607 2424
+1 1818

fn=(1802) std::_Bit_iterator std::__miter_base<std::_Bit_iterator>(std::_Bit_iterator)
607 28
+1 32

fn=(1980) __gnu_cxx::__normal_iterator<Location const*, std::vector<Location, std::allocator<Location> > > std::__miter_base<__gnu_cxx::__normal_iterator<Location const*, std::vector<Location, std::allocator<Location> > > >(__gnu_cxx::__normal_iterator<Location const*, std::vector<Location, std::allocator<Location> > >)
607 808
+1 606

fn=(1750) unsigned long* std::__miter_base<unsigned long*>(unsigned long*)
607 24
+1 18

fn=(2390) Location* std::__miter_base<Location*>(Location*)
607 86016
+1 64512

fl=(263)
fn=(2434)
12 6510
+1 2325
cfi=(240)
cfn=(1970) std::vector<Location, std::allocator<Location> >::begin() const
calls=465 883 
* 14415
* 1860
cfi=(240)
cfn=(1966) std::vector<Location, std::allocator<Location> >::end() const
calls=465 903 
* 14880
* 20643
cfi=(247)
cfn=(2438) __gnu_cxx::__normal_iterator<Location const*, std::vector<Location, std::allocator<Location> > >::operator*() const
calls=6571 1099 
* 52568
* 6571
+1 6571
+1 32855
cfi=(240)
cfn=(2440)
calls=6571 883 
* 203701
* 26284
cfi=(240)
cfn=(2444)
calls=6571 903 
* 210272
* 1237928
cfi=(247)
cfn=(2450) __gnu_cxx::__normal_iterator<std::vector<Location, std::allocator<Location> > const*, std::vector<std::vector<Location, std::allocator<Location> >, std::allocator<std::vector<Location, std::allocator<Location> > > > >::operator*() const
calls=408262 1099 
* 3266096
* 408262
+2 2041310
cfi=(240)
cfn=(1870)
calls=408262 992 
* 5715668
* 2629118
cfi=(240)
cfn=(2452)
calls=302099 1145 
* 4531485
* 620588
cfi=(240)
cfn=(2764) std::vector<Location, std::allocator<Location> >::back() const
calls=106163 1245 
* 11359441
* 1633048
+1 2041310
cfi=(255)
cfn=(2454)
calls=408262 -11 
* 6500849
* 816524
+1 12942
-4 1205373
cfi=(247)
cfn=(2456) __gnu_cxx::__normal_iterator<std::vector<Location, std::allocator<Location> > const*, std::vector<std::vector<Location, std::allocator<Location> >, std::allocator<std::vector<Location, std::allocator<Location> > > > >::operator++()
calls=401791 1109 
* 4821492
* 2041810
cfi=(247)
cfn=(2446) bool __gnu_cxx::operator!=<std::vector<Location, std::allocator<Location> > const*, std::vector<std::vector<Location, std::allocator<Location> >, std::allocator<std::vector<Location, std::allocator<Location> > > > >(__gnu_cxx::__normal_iterator<std::vector<Location, std::allocator<Location> > const*, std::vector<std::vector<Location, std::allocator<Location> >, std::allocator<std::vector<Location, std::allocator<Location> > > > > const&, __gnu_cxx::__normal_iterator<std::vector<Location, std::allocator<Location> > const*, std::vector<std::vector<Location, std::allocator<Location> >, std::allocator<std::vector<Location, std::allocator<Location> > > > > const&)
calls=408362 1241 
* 13884308
* 816724
+8 13742
cfi=(264)
cfn=(2458) std::tuple<Location, int>::tuple<Location const&, int&, true>(Location const&, int&)
calls=100 1345 
* 14300
* 100
-10 19413
cfi=(247)
cfn=(2494) __gnu_cxx::__normal_iterator<Location const*, std::vector<Location, std::allocator<Location> > >::operator++()
calls=6471 1109 
* 77652
* 34680
cfi=(247)
cfn=(2436) bool __gnu_cxx::operator!=<Location const*, std::vector<Location, std::allocator<Location> > >(__gnu_cxx::__normal_iterator<Location const*, std::vector<Location, std::allocator<Location> > > const&, __gnu_cxx::__normal_iterator<Location const*, std::vector<Location, std::allocator<Location> > > const&)
calls=6936 1241 
* 235824
* 13872
+13 4380
cfi=(264)
cfn=(2768) std::tuple<Location, int>::tuple<true, true>(Location const&, int const&)
calls=365 1331 
* 28105
+1 3255

fl=(283)
fn=(3258)
10 11
+1 6
cob=(4)
cfi=(175)
cfn=(3260)
calls=1 -11 
* 1571
+1 3
cob=(4)
cfi=(175)
cfn=(3266)
calls=1 -12 
* 11
* 3
+4 5
cob=(4)
cfi=(175)
cfn=(3216)
calls=1 -16 
* 1214
+1 2
+1 500
cob=(4)
cfi=(175)
cfn=(3216)
calls=100 -18 
* 22400
+1 500
cob=(4)
cfi=(175)
cfn=(3216)
calls=100 -19 
* 22000
* 500
cob=(4)
cfi=(175)
cfn=(3280)
calls=100 -19 
* 37394
* 500
cob=(4)
cfi=(175)
cfn=(3216)
calls=100 -19 
* 22700
+1 500
cob=(4)
cfi=(175)
cfn=(3216)
calls=100 -20 
* 22200
+2 500
cfi=(240)
cfn=(2888) std::vector<std::vector<Location, std::allocator<Location> >, std::allocator<std::vector<Location, std::allocator<Location> > > >::operator[](unsigned long) const
calls=100 1145 
* 1500
* 100
+1 200
+1 26750
cob=(4)
cfi=(175)
cfn=(3216)
calls=5350 -24 
* 1198572
* 32100
cfi=(240)
cfn=(2452)
calls=5350 1145 
* 80250
* 21400
cob=(4)
cfi=(175)
cfn=(3304)
calls=5350 -24 
* 1911947
* 26750
cob=(4)
cfi=(175)
cfn=(3216)
calls=5350 -24 
* 1214610
* 32100
cfi=(240)
cfn=(2452)
calls=5350 1145 
* 80250
* 21400
cob=(4)
cfi=(175)
cfn=(3304)
calls=5350 -24 
* 1909796
* 26750
cob=(4)
cfi=(175)
cfn=(3216)
calls=5350 -24 
* 1214530
* 32100
cfi=(240)
cfn=(2452)
calls=5350 1145 
* 80250
* 21400
cob=(4)
cfi=(175)
cfn=(3304)
calls=5350 -24 
* 1909751
* 26750
cob=(4)
cfi=(175)
cfn=(3216)
calls=5350 -24 
* 1205342
+1 16050
cfi=(240)
cfn=(1870)
calls=5350 992 
* 74900
* 53000
cob=(4)
cfi=(175)
cfn=(3216)
calls=5250 -25 
* 1181250
+1 26750
cob=(4)
cfi=(175)
cfn=(3216)
calls=5350 -26 
* 1203792
-3 21400
cfi=(240)
cfn=(1870)
calls=5350 992 
* 74900
* 300
cfi=(240)
cfn=(1870)
calls=100 992 
* 1400
* 21800
+6 500
cob=(4)
cfi=(175)
cfn=(3216)
calls=100 -29 
* 22400
+2 500
cob=(4)
cfi=(175)
cfn=(3216)
calls=100 -31 
* 22700
+1 300
cfi=(240)
cfn=(2234)
calls=100 992 
* 1400
* 995
cob=(4)
cfi=(175)
cfn=(3216)
calls=99 -32 
* 22275
+1 500
cob=(4)
cfi=(175)
cfn=(3216)
calls=100 -33 
* 22500
-16 400
cfi=(240)
cfn=(2234)
calls=100 992 
* 1400
* 3
cfi=(240)
cfn=(2234)
calls=1 992 
* 14
* 404
+18 5
cob=(4)
cfi=(175)
cfn=(3216)
calls=1 -35 
* 227
+2 3
cob=(4)
cfi=(175)
cfn=(3336)
calls=1 -37 
* 3537
+1 3
cob=(4)
cfi=(175)
cfn=(3358)
calls=1 -38 
* 189
* 8

fl=(268)
fn=(2656)
200 2356420
+3 3298988
+1 942568

fn=(2660)
126 55440
277 9240
127 18480

fl=(278)
fn=(3006)
154 249669

fl=(242)
fn=(1760) unsigned long* std::__copy_move<false, true, std::random_access_iterator_tag>::__copy_m<unsigned long, unsigned long>(unsigned long*, unsigned long*, unsigned long*)
433 21
+2 12
+1 15
+2 6
+2 5
cfn=(1952) void std::__copy_move<false, false, std::random_access_iterator_tag>::__assign_one<unsigned long, unsigned long>(unsigned long*, unsigned long*)
calls=1 -43 
* 12
+1 12
+1 6

fn=(1768) std::_Bit_iterator std::__copy_move_a<false, std::_Bit_const_iterator, std::_Bit_iterator>(std::_Bit_const_iterator, std::_Bit_const_iterator, std::_Bit_iterator)
538 45
+2 15
cfn=(1770) std::_Bit_iterator std::__niter_base<std::_Bit_iterator>(std::_Bit_iterator)
calls=3 316 
* 45
* 21
cfn=(1772) std::_Bit_const_iterator std::__niter_base<std::_Bit_const_iterator>(std::_Bit_const_iterator)
calls=3 316 
* 45
* 21
cfn=(1772)
calls=3 316 
* 45
* 39
cfn=(1774) std::_Bit_iterator std::__copy_move_a1<false, std::_Bit_const_iterator, std::_Bit_iterator>(std::_Bit_const_iterator, std::_Bit_const_iterator, std::_Bit_iterator)
calls=3 -8 
* 423
* 24
cfn=(1780) std::_Bit_iterator std::__niter_wrap<std::_Bit_iterator>(std::_Bit_iterator const&, std::_Bit_iterator)
calls=3 338 
* 48
* 6
+3 6
+1 9

fn=(2398) Location* std::__copy_move<true, true, std::random_access_iterator_tag>::__copy_m<Location, Location>(Location*, Location*, Location*)
433 34937
+2 34937
+1 24955
+1 48235
cob=(4)
cfi=(175)
cfn=(1904)
calls=4385 0 
* 59272
* 4385
+1 1212
+2 365
cfn=(2718) void std::__copy_move<true, false, std::random_access_iterator_tag>::__assign_one<Location, Location>(Location*, Location*)
calls=73 -18 
* 1752
+1 39928
+1 9982

fn=(2528) unsigned long* std::fill_n<unsigned long*, unsigned long, unsigned long>(unsigned long*, unsigned long, unsigned long const&)
1152 714
fi=(332)
240 102
fe=(242)
1157 306
cfn=(2362) std::__size_to_integer(unsigned long)
calls=102 1018 
* 714
* 612
cfn=(2530) unsigned long* std::__fill_n_a<unsigned long*, unsigned long, unsigned long>(unsigned long*, unsigned long, unsigned long const&, std::random_access_iterator_tag)
calls=102 -40 
* 76500
+2 204

fn=(2532) void std::__fill_a<unsigned long*, unsigned long>(unsigned long*, unsigned long*, unsigned long const&)
976 714
+1 612
cfn=(2534) __gnu_cxx::__enable_if<std::__is_scalar<unsigned long>::__value, void>::__type std::__fill_a1<unsigned long*, unsigned long>(unsigned long*, unsigned long*, unsigned long const&)
calls=102 -51 
* 72420
* 306

fn=(2534)
926 612
+3 306
+1 102
+1 30294
-1 40698
+2 408

fn=(2708) Location* std::move_backward<Location*, Location*>(Location*, Location*, Location*)
892 46088
+9 17283
cfi=(245)
cfn=(2390)
calls=5761 607 
* 40327
* 23044
cfi=(245)
cfn=(2390)
calls=5761 607 
* 40327
* 34566
cfn=(2710) Location* std::__copy_move_backward_a<true, Location*, Location*>(Location*, Location*, Location*)
calls=5761 -96 
* 894643
+3 17283

fn=(1776) std::_Bit_iterator std::__copy_move_a2<false, std::_Bit_const_iterator, std::_Bit_iterator>(std::_Bit_const_iterator, std::_Bit_const_iterator, std::_Bit_iterator)
497 45
+9 33
cfn=(1778) std::_Bit_iterator std::__copy_move<false, false, std::random_access_iterator_tag>::__copy_m<std::_Bit_const_iterator, std::_Bit_iterator>(std::_Bit_const_iterator, std::_Bit_const_iterator, std::_Bit_iterator)
calls=3 383 
* 225
* 12
+1 9

fn=(1978) Location* std::copy<__gnu_cxx::__normal_iterator<Location const*, std::vector<Location, std::allocator<Location> > >, Location*>(__gnu_cxx::__normal_iterator<Location const*, std::vector<Location, std::allocator<Location> > >, __gnu_cxx::__normal_iterator<Location const*, std::vector<Location, std::allocator<Location> > >, Location*)
624 808
+9 303
cfi=(245)
cfn=(1980)
calls=101 -26 
* 707
* 404
cfi=(245)
cfn=(1980)
calls=101 -26 
* 707
* 606
cfn=(1982) Location* std::__copy_move_a<false, __gnu_cxx::__normal_iterator<Location const*, std::vector<Location, std::allocator<Location> > >, Location*>(__gnu_cxx::__normal_iterator<Location const*, std::vector<Location, std::allocator<Location> > >, __gnu_cxx::__normal_iterator<Location const*, std::vector<Location, std::allocator<Location> > >, Location*)
calls=101 -95 
* 24886
+1 303

fn=(1982)
538 909
+2 303
cfn=(1898) Location* std::__niter_base<Location*>(Location*)
calls=101 316 
* 707
* 404
cfi=(247)
cfn=(1984) Location const* std::__niter_base<Location const*, std::vector<Location, std::allocator<Location> > >(__gnu_cxx::__normal_iterator<Location const*, std::vector<Location, std::allocator<Location> > >)
calls=101 1357 
* 1818
* 404
cfi=(247)
cfn=(1984)
calls=101 1357 
* 1818
* 404
cfn=(1988) Location* std::__copy_move_a1<false, Location const*, Location*>(Location const*, Location const*, Location*)
calls=101 -8 
* 16301
* 505
cfn=(1994) Location* std::__niter_wrap<Location*>(Location* const&, Location*)
calls=101 338 
* 808
+4 505

fn=(1994)
338 54265
+1 32559

fn=(2418) std::_Bit_iterator std::__find_if<std::_Bit_iterator, __gnu_cxx::__ops::_Iter_negate<PIBT::solve<ManhattanExpander, ManhattanHeuristic, SafePlanner>(Environment const&, MAPFInstance&, ManhattanExpander const&, ManhattanHeuristic const&, SafePlanner&, SearchMetrics&)::{lambda(bool)#1}> >(std::_Bit_iterator, std::_Bit_iterator, __gnu_cxx::__ops::_Iter_negate<PIBT::solve<ManhattanExpander, ManhattanHeuristic, SafePlanner>(Environment const&, MAPFInstance&, ManhattanExpander const&, ManhattanHeuristic const&, SafePlanner&, SearchMetrics&)::{lambda(bool)#1}>, std::random_access_iterator_tag)
2064 1030
+4 515
cfi=(239)
cfn=(1706) std::operator-(std::_Bit_iterator_base const&, std::_Bit_iterator_base const&)
calls=103 292 
* 3708
* 206
+2 103
+2 6834
cfi=(262) /usr/include/c++/13/bits/predefined_ops.h
cfn=(2420) bool __gnu_cxx::__ops::_Iter_negate<PIBT::solve<ManhattanExpander, ManhattanHeuristic, SafePlanner>(Environment const&, MAPFInstance&, ManhattanExpander const&, ManhattanHeuristic const&, SafePlanner&, SearchMetrics&)::{lambda(bool)#1}>::operator()<std::_Bit_iterator>(std::_Bit_iterator)
calls=1139 394 
* 118456
* 2278
+1 115
+1 3348
cfi=(239)
cfn=(2776) std::_Bit_iterator::operator++()
calls=1116 334 
* 37944
+2 6696
cfi=(262)
cfn=(2420)
calls=1116 394 
* 116064
* 2232
+1 65
+1 3309
cfi=(239)
cfn=(2776)
calls=1103 334 
* 37502
+2 6618
cfi=(262)
cfn=(2420)
calls=1103 394 
* 114712
* 2206
+1 275
+1 3144
cfi=(239)
cfn=(2776)
calls=1048 334 
* 35632
+2 6288
cfi=(262)
cfn=(2420)
calls=1048 394 
* 108992
* 2096
+1 55
+1 3111
cfi=(239)
cfn=(2776)
calls=1037 334 
* 35517
-16 3317
+19 5
cfi=(239)
cfn=(1706)
calls=1 292 
* 36
* 9
+19 4
+2 412

fn=(2612) unsigned long* std::__copy_move_backward_a1<true, unsigned long*, unsigned long*>(unsigned long*, unsigned long*, unsigned long*)
777 2121
+1 1818
cfn=(2614) unsigned long* std::__copy_move_backward_a2<true, unsigned long*, unsigned long*>(unsigned long*, unsigned long*, unsigned long*)
calls=303 -19 
* 20353
* 606

fn=(2732) Location* std::move<Location*, Location*>(Location*, Location*, Location*)
657 38584
+8 14469
cfi=(245)
cfn=(2390)
calls=4823 -58 
* 33761
* 19292
cfi=(245)
cfn=(2390)
calls=4823 -58 
* 33761
* 28938
cfn=(2392) Location* std::__copy_move_a<true, Location*, Location*>(Location*, Location*, Location*)
calls=4823 538 
* 703291
+2 14469

fn=(1764) std::_Bit_iterator std::copy<std::_Bit_const_iterator, std::_Bit_iterator>(std::_Bit_const_iterator, std::_Bit_const_iterator, std::_Bit_iterator)
624 45
+9 15
cfi=(245)
cfn=(1766)
calls=3 -26 
* 45
* 21
cfi=(245)
cfn=(1766)
calls=3 -26 
* 45
* 39
cfn=(1768)
calls=3 -95 
* 792
* 12
+1 9

fn=(1810) std::_Bit_iterator std::__copy_move<false, false, std::random_access_iterator_tag>::__copy_m<std::_Bit_iterator, std::_Bit_iterator>(std::_Bit_iterator, std::_Bit_iterator, std::_Bit_iterator)
383 36
+3 10
cfi=(239)
cfn=(1706)
calls=2 -94 
* 72
* 8
+6 12
+1 12

fn=(2270) std::vector<Location, std::allocator<Location> >* std::__niter_base<std::vector<Location, std::allocator<Location> >*>(std::vector<Location, std::allocator<Location> >*)
316 12
+2 9

fn=(2364) Location* std::__fill_n_a<Location*, unsigned long, Location>(Location*, unsigned long, Location const&, std::random_access_iterator_tag)
1117 588
+6 168
+5 1092
cfn=(2366) void std::__fill_a<Location*, Location>(Location*, Location*, Location const&)
calls=84 976 
* 8820
+1 672
+1 168

fn=(2392)
538 44919
+2 14973
cfn=(1898)
calls=4991 316 
* 34937
* 19964
cfn=(1898)
calls=4991 316 
* 34937
* 19964
cfn=(1898)
calls=4991 316 
* 34937
* 19964
cfn=(2394) Location* std::__copy_move_a1<true, Location*, Location*>(Location*, Location*, Location*)
calls=4991 -8 
* 409690
* 24955
cfn=(1994)
calls=4991 338 
* 39928
+4 24955

fn=(2396) Location* std::__copy_move_a2<true, Location*, Location*>(Location*, Location*, Location*)
497 34937
+9 29946
cfn=(2398)
calls=4991 -73 
* 259960
+1 9982

fn=(1756) unsigned long* std::__copy_move_a1<false, unsigned long*, unsigned long*>(unsigned long*, unsigned long*, unsigned long*)
532 21
+1 18
cfn=(1758) unsigned long* std::__copy_move_a2<false, unsigned long*, unsigned long*>(unsigned long*, unsigned long*, unsigned long*)
calls=3 -36 
* 134
* 6

fn=(1762) unsigned long* std::__niter_wrap<unsigned long*>(unsigned long* const&, unsigned long*)
338 15
+1 9

fn=(1772)
316 42
+2 48

fn=(1778)
383 54
+3 15
cfi=(239)
cfn=(1706)
calls=3 -94 
* 108
* 12
+6 18
+1 18

fn=(1780)
338 40
+1 40

fn=(1788)
1000 22
+7 18
cfn=(1790) void std::__fill_a<std::_Bit_iterator, bool>(std::_Bit_iterator, std::_Bit_iterator, bool const&)
calls=2 -31 
* 235
+1 6

fn=(2170) int* std::__niter_base<int*>(int*)
316 384
+2 288

fn=(2714) Location* std::__copy_move_backward_a2<true, Location*, Location*>(Location*, Location*, Location*)
759 40327
+10 34566
cfn=(2716) Location* std::__copy_move_backward<true, true, std::random_access_iterator_tag>::__copy_move_b<Location, Location>(Location*, Location*, Location*)
calls=5761 -25 
* 358870
+3 11522

fn=(2902) __gnu_cxx::__normal_iterator<Location*, std::vector<Location, std::allocator<Location> > > std::__find_if<__gnu_cxx::__normal_iterator<Location*, std::vector<Location, std::allocator<Location> > >, __gnu_cxx::__ops::_Iter_equals_val<Location const> >(__gnu_cxx::__normal_iterator<Location*, std::vector<Location, std::allocator<Location> > >, __gnu_cxx::__normal_iterator<Location*, std::vector<Location, std::allocator<Location> > >, __gnu_cxx::__ops::_Iter_equals_val<Location const>)
2115 29785
fi=(332)
240 4255
fe=(242)
2117 25530
cfn=(2904) __gnu_cxx::__normal_iterator<Location*, std::vector<Location, std::allocator<Location> > > std::__find_if<__gnu_cxx::__normal_iterator<Location*, std::vector<Location, std::allocator<Location> > >, __gnu_cxx::__ops::_Iter_equals_val<Location const> >(__gnu_cxx::__normal_iterator<Location*, std::vector<Location, std::allocator<Location> > >, __gnu_cxx::__normal_iterator<Location*, std::vector<Location, std::allocator<Location> > >, __gnu_cxx::__ops::_Iter_equals_val<Location const>, std::random_access_iterator_tag)
calls=4255 -53 
* 585778
+2 8510

fn=(2904)
2064 29785
+4 21275
cfi=(247)
cfn=(1874)
calls=4255 1334 
* 157435
* 8510
+2 4255
+2 21275
cfi=(262)
cfn=(2906) bool __gnu_cxx::__ops::_Iter_equals_val<Location const>::operator()<__gnu_cxx::__normal_iterator<Location*, std::vector<Location, std::allocator<Location> > > >(__gnu_cxx::__normal_iterator<Location*, std::vector<Location, std::allocator<Location> > >)
calls=4255 269 
* 222082
* 8510
+1 7236
+1 1911
cfi=(247)
cfn=(2658)
calls=637 1109 
* 7644
+2 3185
cfi=(262)
cfn=(2906)
calls=637 269 
* 30628
* 1274
+1 600
+1 1011
cfi=(247)
cfn=(2658)
calls=337 1109 
* 4044
+2 1685
cfi=(262)
cfn=(2906)
calls=337 269 
* 15848
* 674
+1 320
+1 531
cfi=(247)
cfn=(2658)
calls=177 1109 
* 2124
+2 885
cfi=(262)
cfn=(2906)
calls=177 269 
* 8757
* 354
+1 258
+1 144
cfi=(247)
cfn=(2658)
calls=48 1109 
* 576
-16 8654
+19 240
cfi=(247)
cfn=(1874)
calls=48 1334 
* 1776
* 310
+3 15
cfi=(262)
cfn=(2906)
calls=3 269 
* 120
* 6
+2 9
cfi=(247)
cfn=(2658)
calls=3 1109 
* 36
+3 100
cfi=(262)
cfn=(2906)
calls=20 269 
* 995
* 40
+1 30
+1 15
cfi=(247)
cfn=(2658)
calls=5 1109 
* 60
+3 165
cfi=(262)
cfn=(2906)
calls=33 269 
* 1749
* 66
+1 66
+7 8510

fn=(1732) unsigned long const& std::max<unsigned long>(unsigned long const&, unsigned long const&)
257 170545
+5 204654
+1 18178
+1 25020
+1 68218

fn=(1806) std::_Bit_iterator std::__copy_move_a1<false, std::_Bit_iterator, std::_Bit_iterator>(std::_Bit_iterator, std::_Bit_iterator, std::_Bit_iterator)
532 30
+1 22
cfn=(1808) std::_Bit_iterator std::__copy_move_a2<false, std::_Bit_iterator, std::_Bit_iterator>(std::_Bit_iterator, std::_Bit_iterator, std::_Bit_iterator)
calls=2 -36 
* 216
* 14

fn=(1808)
497 30
+9 22
cfn=(1810)
calls=2 383 
* 150
* 8
+1 6

fn=(2368) __gnu_cxx::__enable_if<!std::__is_scalar<Location>::__value, void>::__type std::__fill_a1<Location*, Location>(Location*, Location*, Location const&)
915 504
+3 84
+1 3780
-1 2772
+2 336

fn=(2530)
1117 714
+6 204
+5 918
cfn=(2532)
calls=102 976 
* 74052
+1 408
+1 204

fn=(2604) __gnu_cxx::__normal_iterator<unsigned long*, std::vector<unsigned long, std::allocator<unsigned long> > > std::move_backward<__gnu_cxx::__normal_iterator<unsigned long*, std::vector<unsigned long, std::allocator<unsigned long> > >, __gnu_cxx::__normal_iterator<unsigned long*, std::vector<unsigned long, std::allocator<unsigned long> > > >(__gnu_cxx::__normal_iterator<unsigned long*, std::vector<unsigned long, std::allocator<unsigned long> > >, __gnu_cxx::__normal_iterator<unsigned long*, std::vector<unsigned long, std::allocator<unsigned long> > >, __gnu_cxx::__normal_iterator<unsigned long*, std::vector<unsigned long, std::allocator<unsigned long> > >)
892 2424
+9 909
cfi=(245)
cfn=(2606)
calls=303 607 
* 2121
* 1212
cfi=(245)
cfn=(2606)
calls=303 607 
* 2121
* 1818
cfn=(2608) __gnu_cxx::__normal_iterator<unsigned long*, std::vector<unsigned long, std::allocator<unsigned long> > > std::__copy_move_backward_a<true, __gnu_cxx::__normal_iterator<unsigned long*, std::vector<unsigned long, std::allocator<unsigned long> > >, __gnu_cxx::__normal_iterator<unsigned long*, std::vector<unsigned long, std::allocator<unsigned long> > > >(__gnu_cxx::__normal_iterator<unsigned long*, std::vector<unsigned long, std::allocator<unsigned long> > >, __gnu_cxx::__normal_iterator<unsigned long*, std::vector<unsigned long, std::allocator<unsigned long> > >, __gnu_cxx::__normal_iterator<unsigned long*, std::vector<unsigned long, std::allocator<unsigned long> > >)
calls=303 -96 
* 74590
+3 909

fn=(2710)
805 51849
+2 17283
cfn=(1898)
calls=5761 316 
* 40327
* 23044
cfn=(1898)
calls=5761 316 
* 40327
* 23044
cfn=(1898)
calls=5761 316 
* 40327
* 23044
cfn=(2712) Location* std::__copy_move_backward_a1<true, Location*, Location*>(Location*, Location*, Location*)
calls=5761 -30 
* 531700
* 28805
cfn=(1994)
calls=5761 338 
* 46088
+4 28805

fn=(1752) unsigned long* std::__copy_move_a<false, unsigned long*, unsigned long*>(unsigned long*, unsigned long*, unsigned long*)
538 27
+2 9
cfn=(1754) unsigned long* std::__niter_base<unsigned long*>(unsigned long*)
calls=3 316 
* 21
* 12
cfn=(1754)
calls=3 316 
* 21
* 12
cfn=(1754)
calls=3 316 
* 21
* 12
cfn=(1756)
calls=3 -8 
* 179
* 15
cfn=(1762)
calls=3 338 
* 24
+4 15

fn=(1758)
497 21
+9 18
cfn=(1760)
calls=3 -73 
* 89
+1 6

fn=(1790)
976 22
+1 18
cfi=(239)
cfn=(1792) std::__fill_a1(std::_Bit_iterator, std::_Bit_iterator, bool const&)
calls=2 1605 
* 189
* 6

fn=(2366)
976 588
+1 504
cfn=(2368)
calls=84 -62 
* 7476
* 252

fn=(2566) long std::__lg<long>(long)
1515 510
+3 306
cfi=(266) /usr/include/c++/13/bit
cfn=(2568) int std::__bit_width<unsigned long>(unsigned long)
calls=102 365 
* 3060
* 204
+10 204

fn=(2712)
777 40327
+1 34566
cfn=(2714)
calls=5761 -19 
* 445285
* 11522

fn=(2716)
744 40327
+2 40327
+1 28805
+1 16880
cob=(4)
cfi=(175)
cfn=(1904)
calls=844 0 
* 10972
* 844
+1 9834
+2 29502
cfn=(2718)
calls=4917 422 
* 118008
+1 51849
+1 11522

fn=(1774)
532 45
+1 33
cfn=(1776)
calls=3 -36 
* 324
* 21

fn=(1990) Location* std::__copy_move_a2<false, Location const*, Location*>(Location const*, Location const*, Location*)
497 707
+9 606
cfn=(1992) Location* std::__copy_move<false, true, std::random_access_iterator_tag>::__copy_m<Location const, Location>(Location const*, Location const*, Location*)
calls=101 -73 
* 13271
+1 202

fn=(2362)
1018 1302

fn=(2608)
805 2727
+2 909
cfi=(247)
cfn=(2610) unsigned long* std::__niter_base<unsigned long*, std::vector<unsigned long, std::allocator<unsigned long> > >(__gnu_cxx::__normal_iterator<unsigned long*, std::vector<unsigned long, std::allocator<unsigned long> > >)
calls=303 1357 
* 5454
* 1212
cfi=(247)
cfn=(2610)
calls=303 1357 
* 5454
* 1212
cfi=(247)
cfn=(2610)
calls=303 1357 
* 5454
* 1212
cfn=(2612)
calls=303 -30 
* 24898
* 1515
cfn=(2620) __gnu_cxx::__normal_iterator<unsigned long*, std::vector<unsigned long, std::allocator<unsigned long> > > std::__niter_wrap<__gnu_cxx::__normal_iterator<unsigned long*, std::vector<unsigned long, std::allocator<unsigned long> > >, unsigned long*>(__gnu_cxx::__normal_iterator<unsigned long*, std::vector<unsigned long, std::allocator<unsigned long> > >, unsigned long*)
calls=303 331 
* 23028
+4 1515

fn=(2616) unsigned long* std::__copy_move_backward<true, true, std::random_access_iterator_tag>::__copy_move_b<unsigned long, unsigned long>(unsigned long*, unsigned long*, unsigned long*)
744 2121
+2 1212
+1 1515
+1 2412
cob=(4)
cfi=(175)
cfn=(1904)
calls=201 0 
* 2863
* 201
+1 204
+2 612
cfn=(2618) void std::__copy_move<true, false, std::random_access_iterator_tag>::__assign_one<unsigned long, unsigned long>(unsigned long*, unsigned long*)
calls=102 422 
* 2244
+1 1818
+1 606

fn=(2620)
331 1818
+1 909
cfi=(247)
cfn=(2610)
calls=303 1357 
* 5454
* 2727
cfi=(247)
cfn=(2576) __gnu_cxx::__normal_iterator<unsigned long*, std::vector<unsigned long, std::allocator<unsigned long> > >::operator+(long) const
calls=303 1147 
* 11514
* 606

fn=(1754)
316 36
+2 27

fn=(1804) std::_Bit_iterator std::__copy_move_a<false, std::_Bit_iterator, std::_Bit_iterator>(std::_Bit_iterator, std::_Bit_iterator, std::_Bit_iterator)
538 30
+2 10
cfn=(1770)
calls=2 316 
* 30
* 14
cfn=(1770)
calls=2 316 
* 30
* 14
cfn=(1770)
calls=2 316 
* 30
* 26
cfn=(1806)
calls=2 -8 
* 282
* 16
cfn=(1780)
calls=2 338 
* 32
* 4
+3 4
+1 6

fn=(1868) unsigned long const& std::min<unsigned long>(unsigned long const&, unsigned long const&)
233 339590
+5 407508
+2 67918
+1 135836

fn=(2586) void std::iter_swap<__gnu_cxx::__normal_iterator<unsigned long*, std::vector<unsigned long, std::allocator<unsigned long> > >, __gnu_cxx::__normal_iterator<unsigned long*, std::vector<unsigned long, std::allocator<unsigned long> > > >(__gnu_cxx::__normal_iterator<unsigned long*, std::vector<unsigned long, std::allocator<unsigned long> > >, __gnu_cxx::__normal_iterator<unsigned long*, std::vector<unsigned long, std::allocator<unsigned long> > >)
155 55440
+30 23760
cfi=(247)
cfn=(2550)
calls=7920 1099 
* 63360
* 31680
cfi=(247)
cfn=(2550)
calls=7920 1099 
* 63360
* 23760
cfi=(244)
cfn=(2588) std::enable_if<std::__and_<std::__not_<std::__is_tuple_like<unsigned long> >, std::is_move_constructible<unsigned long>, std::is_move_assignable<unsigned long> >::value, void>::type std::swap<unsigned long>(unsigned long&, unsigned long&)
calls=7920 +4 
* 419760
+2 31680

fn=(2614)
759 2121
+10 1818
cfn=(2616)
calls=303 -25 
* 15808
+3 606

fn=(2618)
422 612
+1 306
cfi=(244)
cfn=(2590) std::remove_reference<unsigned long&>::type&& std::move<unsigned long&>(unsigned long&)
calls=102 97 
* 714
* 612

fn=(2718)
422 29940
+1 14970
cfi=(244)
cfn=(2110) std::remove_reference<Location&>::type&& std::move<Location&>(Location&)
calls=4990 97 
* 34930
* 39920

fn=(1748) unsigned long* std::copy<unsigned long*, unsigned long*>(unsigned long*, unsigned long*, unsigned long*)
624 24
+9 9
cfi=(245)
cfn=(1750)
calls=3 -26 
* 21
* 12
cfi=(245)
cfn=(1750)
calls=3 -26 
* 21
* 18
cfn=(1752)
calls=3 -95 
* 368
+1 9

fn=(1770)
316 63
+2 72

fn=(1800)
624 30
+9 10
cfi=(245)
cfn=(1802)
calls=2 -26 
* 30
* 14
cfi=(245)
cfn=(1802)
calls=2 -26 
* 30
* 26
cfn=(1804)
calls=2 -95 
* 528
* 8
+1 6

fn=(1898)
316 940388
+2 705291

fn=(1952)
397 5
+1 7

fn=(1988)
532 707
+1 606
cfn=(1990)
calls=101 -36 
* 14786
* 202

fn=(1992)
433 707
+2 707
+1 505
+1 1111
cob=(4)
cfi=(175)
cfn=(1904)
calls=101 0 
* 9130
* 101
+4 808
+1 202

fn=(2340) float* std::__niter_base<float*>(float*)
316 384
+2 288

fn=(2360) Location* std::fill_n<Location*, unsigned long, Location>(Location*, unsigned long, Location const&)
1152 588
fi=(332)
240 84
fe=(242)
1157 252
cfn=(2362)
calls=84 1018 
* 588
* 504
cfn=(2364)
calls=84 -40 
* 11508
+2 168

fn=(2384) Location* std::copy<std::move_iterator<Location*>, Location*>(std::move_iterator<Location*>, std::move_iterator<Location*>, Location*)
624 1344
+9 504
cfi=(247)
cfn=(2386) decltype (__miter_base(({parm#1}.base)())) std::__miter_base<Location*>(std::move_iterator<Location*>)
calls=168 2968 
* 4536
* 672
cfi=(247)
cfn=(2386)
calls=168 2968 
* 4536
* 1008
cfn=(2392)
calls=168 -95 
* 20832
+1 504

fn=(2394)
532 34937
+1 29946
cfn=(2396)
calls=4991 -36 
* 334825
* 9982

fl=(270) /usr/include/c++/13/bits/stl_pair.h
fn=(2680) std::pair<Location*, long>::pair<Location*&, long&, true>(Location*&, long&)
687 32340
+1 13860
cfi=(244)
cfn=(2682) Location*& std::forward<Location*&>(std::remove_reference<Location*&>::type&)
calls=4620 70 
* 32340
* 27720
cfi=(244)
cfn=(2684) long& std::forward<long&>(std::remove_reference<long&>::type&)
calls=4620 70 
* 32340
* 13860
+1 13860

fn=(3068) std::__detail::_Node_iterator<std::pair<Location const, unsigned long>, false, true>&& std::__pair_get<0ul>::__move_get<std::__detail::_Node_iterator<std::pair<Location const, unsigned long>, false, true>, bool>(std::pair<std::__detail::_Node_iterator<std::pair<Location const, unsigned long>, false, true>, bool>&&)
990 21775
+1 13065
cfi=(244)
cfn=(3070) std::__detail::_Node_iterator<std::pair<Location const, unsigned long>, false, true>&& std::forward<std::__detail::_Node_iterator<std::pair<Location const, unsigned long>, false, true> >(std::remove_reference<std::__detail::_Node_iterator<std::pair<Location const, unsigned long>, false, true> >::type&)
calls=4355 70 
* 30485
* 8710

fn=(2936) std::pair<Location const, unsigned long>::pair<Location const&, unsigned long&, true>(Location const&, unsigned long&)
687 30485
+1 13065
cfi=(244)
cfn=(1884)
calls=4355 70 
* 30485
* 34840
cfi=(244)
cfn=(2938) unsigned long& std::forward<unsigned long&>(std::remove_reference<unsigned long&>::type&)
calls=4355 70 
* 30485
* 13065
+1 13065

fn=(3064) std::tuple_element<0ul, std::pair<std::__detail::_Node_iterator<std::pair<Location const, unsigned long>, false, true>, bool> >::type&& std::get<0ul, std::__detail::_Node_iterator<std::pair<Location const, unsigned long>, false, true>, bool>(std::pair<std::__detail::_Node_iterator<std::pair<Location const, unsigned long>, false, true>, bool>&&)
1040 21775
+1 13065
cfi=(244)
cfn=(3066) std::remove_reference<std::pair<std::__detail::_Node_iterator<std::pair<Location const, unsigned long>, false, true>, bool>&>::type&& std::move<std::pair<std::__detail::_Node_iterator<std::pair<Location const, unsigned long>, false, true>, bool>&>(std::pair<std::__detail::_Node_iterator<std::pair<Location const, unsigned long>, false, true>, bool>&)
calls=4355 97 
* 30485
* 8710
cfn=(3068)
calls=4355 -51 
* 74035
* 8710

fn=(3072) std::tuple_element<1ul, std::pair<std::__detail::_Node_iterator<std::pair<Location const, unsigned long>, false, true>, bool> >::type&& std::get<1ul, std::__detail::_Node_iterator<std::pair<Location const, unsigned long>, false, true>, bool>(std::pair<std::__detail::_Node_iterator<std::pair<Location const, unsigned long>, false, true>, bool>&&)
1040 21775
+1 13065
cfi=(244)
cfn=(3066)
calls=4355 97 
* 30485
* 8710
cfn=(3074) bool&& std::__pair_get<1ul>::__move_get<std::__detail::_Node_iterator<std::pair<Location const, unsigned long>, false, true>, bool>(std::pair<std::__detail::_Node_iterator<std::pair<Location const, unsigned long>, false, true>, bool>&&)
calls=4355 -27 
* 78390
* 8710

fn=(3056) std::pair<std::__detail::_Node_iterator<std::pair<Location const, unsigned long>, false, true>, bool>::pair<std::__detail::_Node_iterator<std::pair<Location const, unsigned long>, false, true>&, bool, true>(std::__detail::_Node_iterator<std::pair<Location const, unsigned long>, false, true>&, bool&&)
687 30485
+1 13065
cfi=(244)
cfn=(3058) std::__detail::_Node_iterator<std::pair<Location const, unsigned long>, false, true>& std::forward<std::__detail::_Node_iterator<std::pair<Location const, unsigned long>, false, true>&>(std::remove_reference<std::__detail::_Node_iterator<std::pair<Location const, unsigned long>, false, true>&>::type&)
calls=4355 70 
* 30485
* 26130
cfi=(244)
cfn=(3060) bool&& std::forward<bool>(std::remove_reference<bool>::type&)
calls=4355 70 
* 30485
* 13065
+1 13065

fn=(3074)
1014 21775
+1 17420
cfi=(244)
cfn=(3060)
calls=4355 70 
* 30485
* 8710

fl=(272)
fn=(2886) SolutionValidator::ValidationResult SolutionValidator::check_continuity<ManhattanExpander>(Environment const&, std::vector<std::vector<Location, std::allocator<Location> >, std::allocator<std::vector<Location, std::allocator<Location> > > > const&, ManhattanExpander const&)
31 12
+3 3
+2 2
+1 500
cfi=(240)
cfn=(2888)
calls=100 1145 
* 1500
* 100
+1 300
cfi=(240)
cfn=(2890) std::vector<Location, std::allocator<Location> >::empty() const
calls=100 1088 
* 12300
* 200
+3 400
cfi=(240)
cfn=(2452)
calls=100 1145 
* 1500
* 500
cfi=(255)
cfn=(2894)
calls=100 -29 
* 3892
* 264
cfi=(240)
cfn=(2452)
calls=16 1145 
* 240
* 80
cfi=(238)
cfn=(2638) Environment::is_free(Location const&) const
calls=16 -18 
* 5632
* 348
+5 200
+1 26250
cfi=(240)
cfn=(2452)
calls=5250 1145 
* 78750
* 5250
+1 31500
cfi=(240)
cfn=(2452)
calls=5250 1145 
* 78750
* 5250
+3 26250
cfi=(255)
cfn=(2454)
calls=5250 -44 
* 86435
* 10500
+2 4975
cfi=(255)
cfn=(2894)
calls=995 -41 
* 39703
* 2410
cfi=(238)
cfn=(2638)
calls=84 -30 
* 29568
* 3237
+7 25530
cfi=(267)
cfn=(2636)
calls=4255 -51 
* 25686390
+1 12765
cfi=(240)
cfn=(1854)
calls=4255 893 
* 136160
* 17020
cfi=(240)
cfn=(1854)
calls=4255 893 
* 136160
* 17020
cfi=(240)
cfn=(1872)
calls=4255 873 
* 131905
* 25530
cfi=(261)
cfn=(2896) __gnu_cxx::__normal_iterator<Location*, std::vector<Location, std::allocator<Location> > > std::find<__gnu_cxx::__normal_iterator<Location*, std::vector<Location, std::allocator<Location> > >, Location>(__gnu_cxx::__normal_iterator<Location*, std::vector<Location, std::allocator<Location> > >, __gnu_cxx::__normal_iterator<Location*, std::vector<Location, std::allocator<Location> > >, Location const&)
calls=4255 3889 
* 858098
* 25530
cfi=(247)
cfn=(2908) bool __gnu_cxx::operator==<Location*, std::vector<Location, std::allocator<Location> > >(__gnu_cxx::__normal_iterator<Location*, std::vector<Location, std::allocator<Location> > > const&, __gnu_cxx::__normal_iterator<Location*, std::vector<Location, std::allocator<Location> > > const&)
calls=4255 1225 
* 144670
* 8510
-15 17020
cfi=(240)
cfn=(1998)
calls=4255 733 
* 1029710
* 12765
+10 995
-10 3980
cfi=(240)
cfn=(1870)
calls=995 992 
* 13930
* 17020
cfi=(240)
cfn=(1870)
calls=4255 992 
* 59570
* 300
cfi=(240)
cfn=(1870)
calls=100 992 
* 1400
* 26850
-10 400
cfi=(240)
cfn=(2234)
calls=100 992 
* 1400
* 3
cfi=(240)
cfn=(2234)
calls=1 992 
* 14
* 404
+31 11
fi=(223)
+21 1
fi=(222)
+75 1
fe=(272)
-96 6
cfi=(218)
cfn=(1334)
calls=1 641 
* 183
-1 1
fi=(222)
184 3
cfi=(223)
cfn=(1370)
calls=1 -80 
* 7
* 1
fe=(272)
67 7

fn=(2912)
12 36
cob=(4)
cfi=(175)
cfn=(1426)
calls=4 -12 
* 124
* 12

fn=(2914) SolutionValidator::check_vertex_collisions(std::vector<std::vector<Location, std::allocator<Location> >, std::allocator<std::vector<Location, std::allocator<Location> > > > const&)
69 10
+1 3
cfi=(240)
cfn=(2880)
calls=1 1088 
* 123
* 2
+1 3
+2 1
+1 5
cfi=(240)
cfn=(2440)
calls=1 883 
* 31
* 4
cfi=(240)
cfn=(2444)
calls=1 903 
* 32
* 302
cfi=(247)
cfn=(2450)
calls=100 1099 
* 800
* 400
cfi=(240)
cfn=(1870)
calls=100 992 
* 1400
* 600
cfi=(242)
cfn=(1732)
calls=100 257 
* 1452
* 500
cfi=(247)
cfn=(2456)
calls=100 1109 
* 1200
* 505
cfi=(247)
cfn=(2446)
calls=101 1241 
* 3434
* 202
+2 2
+1 309
cfi=(273)
cfn=(2916)
calls=103 +71 
* 13390
+2 206
+1 51500
cfi=(240)
cfn=(2888)
calls=10300 1145 
* 154500
* 20600
cfi=(240)
cfn=(1870)
calls=10300 992 
* 144200
* 41200
+1 26750
cfi=(240)
cfn=(2888)
calls=5350 1145 
* 80250
* 26750
cfi=(240)
cfn=(2452)
calls=5350 1145 
* 80250
* 5350
+2 26750
cfi=(255)
cfn=(2454)
calls=5350 -76 
* 87835
* 10700
+2 26130
cfi=(270)
cfn=(2936)
calls=4355 687 
* 165490
* 21775
cfi=(273)
cfn=(2940)
calls=4355 564 
* 6479389
* 21775
cfi=(270)
cfn=(3064)
calls=4355 1040 
* 156780
* 17420
cfi=(270)
cfn=(3072)
calls=4355 1040 
* 161135
* 4355
+1 21775
-3 995
-4 5970
cfi=(240)
cfn=(2234)
calls=995 992 
* 13930
* 55830
cfi=(240)
cfn=(2234)
calls=9305 992 
* 130270
* 309
cfi=(240)
cfn=(2234)
calls=103 992 
* 1442
* 52015
+13 412
cfi=(273)
cfn=(3120)
calls=103 +17 
* 1321135
* 206
-16 415
+18 11
fi=(223)
-6 1
fi=(222)
+75 1
fe=(272)
-69 6
cfi=(218)
cfn=(1334)
calls=1 641 
* 183
-1 1
fi=(222)
+91 3
cfi=(223)
cfn=(1370)
calls=1 -80 
* 7
* 1
fe=(272)
-90 7

fn=(2884)
18 12
+4 6
cfn=(2886)
calls=1 +9 
* 28868071
* 8
cfn=(2912)
calls=1 -10 
* 20
* 3
+1 5
cfn=(2914)
calls=1 +46 
* 9440725
* 8
cfn=(2912)
calls=1 -11 
* 20
* 3
+1 5
cfn=(3152) SolutionValidator::check_edge_collisions(std::vector<std::vector<Location, std::allocator<Location> >, std::allocator<std::vector<Location, std::allocator<Location> > > > const&)
calls=1 +73 
* 11209685
* 8
cfn=(2912)
calls=1 -12 
* 20
* 3
+3 11
fi=(223)
+61 1
fi=(222)
+75 1
fe=(272)
27 6
cfi=(218)
cfn=(1334)
calls=1 641 
* 299
-1 1
fi=(222)
184 3
cfi=(223)
cfn=(1370)
calls=1 -80 
* 7
* 1
fe=(272)
27 7

fn=(3152)
97 10
+1 3
cfi=(240)
cfn=(2880)
calls=1 1088 
* 123
* 2
+1 3
+2 1
+1 5
cfi=(240)
cfn=(2440)
calls=1 883 
* 31
* 4
cfi=(240)
cfn=(2444)
calls=1 903 
* 32
* 302
cfi=(247)
cfn=(2450)
calls=100 1099 
* 800
* 400
cfi=(240)
cfn=(1870)
calls=100 992 
* 1400
* 600
cfi=(242)
cfn=(1732)
calls=100 257 
* 1452
* 500
cfi=(247)
cfn=(2456)
calls=100 1109 
* 1200
* 505
cfi=(247)
cfn=(2446)
calls=101 1241 
* 3434
* 202
+1 3
+2 2
+1 306
cfi=(273)
cfn=(2916)
calls=102 +42 
* 13260
+2 204
+1 71400
cfi=(240)
cfn=(2888)
calls=10200 1145 
* 153000
* 20400
cfi=(240)
cfn=(1870)
calls=10200 992 
* 142800
* 46650
cfi=(240)
cfn=(2888)
calls=5250 1145 
* 78750
* 26250
cfi=(240)
cfn=(2452)
calls=5250 1145 
* 78750
* 26250
cfi=(255)
cfn=(2894)
calls=5250 -97 
* 159935
* 45355
+1 25530
cfi=(240)
cfn=(2888)
calls=4255 1145 
* 63825
* 21275
cfi=(240)
cfn=(2452)
calls=4255 1145 
* 63825
* 21275
cfi=(273)
cfn=(3154)
calls=4255 986 
* 6683345
* 4255
-2 17020
cfi=(240)
cfn=(2234)
calls=4255 992 
* 59570
* 23780
cfi=(240)
cfn=(2234)
calls=5945 992 
* 83230
* 306
cfi=(240)
cfn=(2234)
calls=102 992 
* 1428
* 41208
+6 204
+1 71400
cfi=(240)
cfn=(2888)
calls=10200 1145 
* 153000
* 20400
cfi=(240)
cfn=(1870)
calls=10200 992 
* 142800
* 40800
+1 26250
cfi=(240)
cfn=(2888)
calls=5250 1145 
* 78750
* 26250
cfi=(240)
cfn=(2452)
calls=5250 1145 
* 78750
* 5250
+1 26250
cfi=(240)
cfn=(2888)
calls=5250 1145 
* 78750
* 31500
cfi=(240)
cfn=(2452)
calls=5250 1145 
* 78750
* 5250
+2 26250
cfi=(255)
cfn=(2454)
calls=5250 7 
* 137225
* 14105
cfi=(255)
cfn=(2454)
calls=721 7 
* 11186
* 4627
cfi=(255)
cfn=(2454)
calls=637 7 
* 8918
* 21637
+2 3185
cfi=(273)
cfn=(3196)
calls=637 875 
* 514425
* 637
+1 1911
cfi=(273)
cfn=(3200)
calls=637 354 
* 33761
* 3822
cfi=(275)
cfn=(2996)
calls=637 407 
* 8281
* 1274
+1 1278
cfi=(275)
cfn=(3194)
calls=426 444 
* 13632
* 852
+1 2130
cfi=(240)
cfn=(2888)
calls=426 1145 
* 6390
* 2556
cfi=(240)
cfn=(2452)
calls=426 1145 
* 6390
* 2130
cfi=(255)
cfn=(2454)
calls=426 7 
* 8028
* 2130
-5 4613
-5 18452
cfi=(240)
cfn=(2234)
calls=4613 992 
* 64582
* 22348
cfi=(240)
cfn=(2234)
calls=5587 992 
* 78218
* 306
cfi=(240)
cfn=(2234)
calls=102 992 
* 1428
* 41208
+17 408
cfi=(273)
cfn=(3120)
calls=102 -22 
* 1291873
* 204
-26 514
+28 11
fi=(223)
-45 1
fi=(222)
+75 1
fe=(272)
-30 6
cfi=(218)
cfn=(1334)
calls=1 641 
* 183
-1 1
fi=(222)
+52 3
cfi=(223)
cfn=(1370)
calls=1 -80 
* 7
* 1
fe=(272)
-51 7

fl=(248)
fn=(1888)
175 563800

fl=(223)
fn=(1370)
104 112

fn=(2176) std::__new_allocator<int>::deallocate(int*, unsigned long)
156 112
+16 96
cob=(4)
cfi=(175)
cfn=(1908)
calls=16 0 
* 1520
+1 32

fn=(1738) std::__new_allocator<unsigned long>::allocate(unsigned long, void const*)
126 945
233 105
-99 735
+17 420
cob=(4)
cfi=(175)
cfn=(1668)
calls=105 0 
* 7097
* 105
+1 210

fn=(1944)
104 2177

fn=(2016) std::__new_allocator<unsigned long>::deallocate(unsigned long*, unsigned long)
156 735
+16 630
cob=(4)
cfi=(175)
cfn=(1908)
calls=105 0 
* 10013
+1 210

fn=(3114)
156 4186
+16 3588
cob=(4)
cfi=(175)
cfn=(1908)
calls=598 0 
* 56810
+1 1196

fn=(2324) std::__new_allocator<float>::allocate(unsigned long, void const*)
126 144
233 16
-99 112
+17 64
cob=(4)
cfi=(175)
cfn=(1668)
calls=16 0 
* 1620
* 16
+1 32

fn=(1906) std::__new_allocator<Location>::deallocate(Location*, unsigned long)
156 237825
+16 339750
cob=(4)
cfi=(175)
cfn=(1908)
calls=33975 0 
* 3253279
+1 67950

fn=(2154) std::__new_allocator<int>::allocate(unsigned long, void const*)
126 144
233 16
-99 112
+17 64
cob=(4)
cfi=(175)
cfn=(1668)
calls=16 0 
* 2587
* 16
+1 32

fn=(3042)
104 8372

fn=(3146)
104 1435

fn=(3528) std::__new_allocator<int>::~__new_allocator()
104 14

fn=(1880) std::__new_allocator<Location>::allocate(unsigned long, void const*)
126 305775
233 33975
-99 237825
+17 237825
cob=(4)
cfi=(175)
cfn=(1668)
calls=33975 0 
* 2286053
* 33975
+1 67950

fn=(2876) std::__new_allocator<std::vector<Location, std::allocator<Location> > >::~__new_allocator()
104 14

fn=(2856) std::__new_allocator<float>::~__new_allocator()
104 14

fn=(3036)
126 5382
233 598
-99 4186
+17 2392
cob=(4)
cfi=(175)
cfn=(1668)
calls=598 0 
* 41976
* 598
+1 1196

fn=(2248) std::__new_allocator<std::vector<Location, std::allocator<Location> > >::allocate(unsigned long, void const*)
126 18
233 2
-99 14
+17 14
cob=(4)
cfi=(175)
cfn=(1668)
calls=2 0 
* 664
* 2
+1 4

fn=(2346) std::__new_allocator<float>::deallocate(float*, unsigned long)
156 112
+16 96
cob=(4)
cfi=(175)
cfn=(1908)
calls=16 0 
* 1520
+1 32

fn=(2960)
126 77490
233 8610
-99 60270
+17 60270
cob=(4)
cfi=(175)
cfn=(1668)
calls=8610 0 
* 805197
* 8610
+1 17220

fn=(2870) std::__new_allocator<std::vector<Location, std::allocator<Location> > >::deallocate(std::vector<Location, std::allocator<Location> >*, unsigned long)
156 14
+16 20
cob=(4)
cfi=(175)
cfn=(1908)
calls=2 0 
* 398
+1 4

fn=(3138)
156 60270
+16 86100
cob=(4)
cfi=(175)
cfn=(1908)
calls=8610 0 
* 978201
+1 17220

fn=(1948) std::__new_allocator<bool>::~__new_allocator()
104 7

fn=(1964) std::__new_allocator<Location>::~__new_allocator()
104 64260

fl=(266)
fn=(2570) int std::__countl_zero<unsigned long>(unsigned long)
195 408
+3 102
+2 204
+3 102
+1 102
+1 102
+9 102
+1 306
+22 204

fn=(2568)
365 510
+2 102
+1 306
cfn=(2570)
calls=102 195 
* 1632
* 306
+1 204

fl=(257)
fn=(2212) Timer::reset()
12 6
+1 2
cob=(4)
cfi=(175)
cfn=(2214)
calls=1 -13 
* 857
* 1
+1 4

fn=(2202)
8 8
cfi=(258)
cfn=(2204)
calls=1 933 
* 51
+1 3
cfn=(2212)
calls=1 +3 
* 870
+1 3

fn=(2812)
16 8
+1 1
cob=(4)
cfi=(175)
cfn=(2214)
calls=1 -17 
* 31
* 1
+1 5
cfi=(258)
cfn=(2814)
calls=1 1141 
* 109
* 4
cfi=(258)
cfn=(2822)
calls=1 273 
* 62
* 1
+1 3
cfi=(258)
cfn=(2828)
calls=1 589 
* 8
* 2
+1 5

fl=(238)
fn=(2642) Environment::get_index(Location const&) const
7 194120
+1 698832
+1 77648

fn=(2432)
32 1860
+1 930
+1 930

fn=(2640) Environment::is_valid(Location const&) const
11 266750
+1 106700
+2 106700
-2 297834
+1 95094
-1 95094
+1 272748
+1 86044
-1 86044
+1 340142
+1 106700

fn=(1670) Environment::Environment(int, int, int)
3 25
cfi=(239)
cfn=(1672)
calls=1 777 
* 112
* 4
cfi=(240)
cfn=(1684)
calls=1 531 
* 52
+1 16
cfi=(239)
cfn=(1692)
calls=1 965 
* 3906
+1 7

fn=(1850) Environment::add_pad(Location const&)
28 96
+1 96
cfi=(240)
cfn=(1852)
calls=16 1281 
* 8094
+1 48

fn=(2638)
23 373450
+1 266750
cfn=(2640)
calls=53350 -13 
* 1859850
* 189102
+1 271768
cfn=(2642)
calls=38824 -18 
* 970600
* 155296
cfi=(239)
cfn=(2644) std::vector<bool, std::allocator<bool> >::operator[](unsigned long) const
calls=38824 1091 
* 10016592
* 38824
+1 160050

fl=(247)
fn=(2302) __gnu_cxx::__normal_iterator<float*, std::vector<float, std::allocator<float> > >::__normal_iterator(float* const&)
1076 160
+1 224

fn=(2438)
1099 450936
+1 450936

fn=(2456)
1109 1608364
+2 2010455
+1 402091
+1 804182

fn=(2576)
1147 34128
+1 41712
cfn=(2540) __gnu_cxx::__normal_iterator<unsigned long*, std::vector<unsigned long, std::allocator<unsigned long> > >::__normal_iterator(unsigned long* const&)
calls=3792 -72 
* 45504
* 22752

fn=(2288) __gnu_cxx::__normal_iterator<Location const*, std::vector<Location, std::allocator<Location> > >::difference_type __gnu_cxx::operator-<Location const*, std::vector<Location, std::allocator<Location> > >(__gnu_cxx::__normal_iterator<Location const*, std::vector<Location, std::allocator<Location> > > const&, __gnu_cxx::__normal_iterator<Location const*, std::vector<Location, std::allocator<Location> > > const&)
1334 700
+3 300
cfn=(1986) __gnu_cxx::__normal_iterator<Location const*, std::vector<Location, std::allocator<Location> > >::base() const
calls=100 1162 
* 700
* 400
cfn=(1986)
calls=100 1162 
* 700
* 900

fn=(2372) std::move_iterator<Location*> std::__make_move_if_noexcept_iterator<Location, std::move_iterator<Location*> >(Location*)
1832 2688
+1 1680
cfn=(2374) std::move_iterator<Location*>::move_iterator(Location*)
calls=336 1519 
* 7392
* 2016

fn=(2442) __gnu_cxx::__normal_iterator<std::vector<Location, std::allocator<Location> > const*, std::vector<std::vector<Location, std::allocator<Location> >, std::allocator<std::vector<Location, std::allocator<Location> > > > >::__normal_iterator(std::vector<Location, std::allocator<Location> > const* const&)
1076 65770
+1 92078

fn=(2446)
1241 2860655
+3 1225995
cfn=(2448) __gnu_cxx::__normal_iterator<std::vector<Location, std::allocator<Location> > const*, std::vector<std::vector<Location, std::allocator<Location> >, std::allocator<std::vector<Location, std::allocator<Location> > > > >::base() const
calls=408665 -82 
* 2860655
* 1634660
cfn=(2448)
calls=408665 -82 
* 2860655
* 2451990

fn=(2550)
1099 915144
+1 915144

fn=(2610)
1357 6060
+2 3636
cfn=(2548) __gnu_cxx::__normal_iterator<unsigned long*, std::vector<unsigned long, std::allocator<unsigned long> > >::base() const
calls=1212 1162 
* 8484
* 3636

fn=(2838) __gnu_cxx::__normal_iterator<std::vector<Location, std::allocator<Location> >*, std::vector<std::vector<Location, std::allocator<Location> >, std::allocator<std::vector<Location, std::allocator<Location> > > > >::base() const
1162 1616
+1 1212

fn=(2842)
1109 800
+2 1000
+1 200
+1 400

fn=(1876)
1162 838656
+1 628992

fn=(2290) __gnu_cxx::__normal_iterator<Location*, std::vector<Location, std::allocator<Location> > >::operator+(long) const
1147 1800
+1 2800
cfn=(1856) __gnu_cxx::__normal_iterator<Location*, std::vector<Location, std::allocator<Location> > >::__normal_iterator(Location* const&)
calls=200 -72 
* 2400
* 1200

fn=(2386)
2968 1680
+2 1008
cfn=(2388) std::move_iterator<Location*>::base() const
calls=336 1545 
* 2688
* 672
cfi=(245)
cfn=(2390)
calls=336 607 
* 2352
* 672

fn=(2832) __gnu_cxx::__normal_iterator<std::vector<Location, std::allocator<Location> >*, std::vector<std::vector<Location, std::allocator<Location> >, std::allocator<std::vector<Location, std::allocator<Location> > > > >::__normal_iterator(std::vector<Location, std::allocator<Location> >* const&)
1076 20
+1 28

fn=(2836)
1241 1414
+3 606
cfn=(2838)
calls=202 -82 
* 1414
* 808
cfn=(2838)
calls=202 -82 
* 1414
* 1212

fn=(2908)
1225 29785
+3 12765
cfn=(1876)
calls=4255 -66 
* 29785
* 17020
cfn=(1876)
calls=4255 -66 
* 29785
* 25530

fn=(1968) __gnu_cxx::__normal_iterator<Location const*, std::vector<Location, std::allocator<Location> > >::__normal_iterator(Location const* const&)
1076 1068790
+1 1496306

fn=(1984)
1357 1010
+2 606
cfn=(1986)
calls=202 1162 
* 1414
* 606

fn=(2320)
1162 256
+1 192

fn=(2596) bool __gnu_cxx::operator< <unsigned long*, std::vector<unsigned long, std::allocator<unsigned long> > >(__gnu_cxx::__normal_iterator<unsigned long*, std::vector<unsigned long, std::allocator<unsigned long> > > const&, __gnu_cxx::__normal_iterator<unsigned long*, std::vector<unsigned long, std::allocator<unsigned long> > > const&)
1258 55440
+3 23760
cfn=(2548)
calls=7920 -99 
* 55440
* 31680
cfn=(2548)
calls=7920 -99 
* 55440
* 47520

fn=(2840)
1099 800
+1 800

fn=(2892) bool __gnu_cxx::operator==<Location const*, std::vector<Location, std::allocator<Location> > >(__gnu_cxx::__normal_iterator<Location const*, std::vector<Location, std::allocator<Location> > > const&, __gnu_cxx::__normal_iterator<Location const*, std::vector<Location, std::allocator<Location> > > const&)
1225 700
+3 300
cfn=(1986)
calls=100 -66 
* 700
* 400
cfn=(1986)
calls=100 -66 
* 700
* 600

fn=(1874)
1334 266651
+3 114279
cfn=(1876)
calls=38093 1162 
* 266651
* 152372
cfn=(1876)
calls=38093 1162 
* 266651
* 342837

fn=(2148)
1334 112
+3 48
cfn=(2150)
calls=16 1162 
* 112
* 64
cfn=(2150)
calls=16 1162 
* 112
* 128

fn=(2150)
1162 256
+1 192

fn=(2318)
1334 112
+3 48
cfn=(2320)
calls=16 1162 
* 112
* 64
cfn=(2320)
calls=16 1162 
* 112
* 128

fn=(2448)
1162 3269344
+1 2452008

fn=(2882) bool __gnu_cxx::operator==<std::vector<Location, std::allocator<Location> > const*, std::vector<std::vector<Location, std::allocator<Location> >, std::allocator<std::vector<Location, std::allocator<Location> > > > >(__gnu_cxx::__normal_iterator<std::vector<Location, std::allocator<Location> > const*, std::vector<std::vector<Location, std::allocator<Location> >, std::allocator<std::vector<Location, std::allocator<Location> > > > > const&, __gnu_cxx::__normal_iterator<std::vector<Location, std::allocator<Location> > const*, std::vector<std::vector<Location, std::allocator<Location> >, std::allocator<std::vector<Location, std::allocator<Location> > > > > const&)
1225 21
+3 9
cfn=(2448)
calls=3 -66 
* 21
* 12
cfn=(2448)
calls=3 -66 
* 21
* 18

fn=(1856)
1076 453425
+1 634795

fn=(2124) __gnu_cxx::__normal_iterator<Location*, std::vector<Location, std::allocator<Location> > >::operator-(long) const
1157 2700
+1 4500
cfn=(1856)
calls=300 -82 
* 3600
* 1800

fn=(2578) __gnu_cxx::__normal_iterator<unsigned long*, std::vector<unsigned long, std::allocator<unsigned long> > >::operator-(long) const
1157 8640
+1 11520
cfn=(2540)
calls=960 -82 
* 11520
* 5760

fn=(2594) __gnu_cxx::__normal_iterator<unsigned long*, std::vector<unsigned long, std::allocator<unsigned long> > >::operator--()
1123 217756
+2 272195
+1 54439
+1 108878

fn=(2282)
1083 600
+11 300
cfn=(1876)
calls=100 +68 
* 700
* 600

fn=(2374)
1519 2016
+1 1008
cfi=(244)
cfn=(2376) std::remove_reference<Location*&>::type&& std::move<Location*&>(Location*&)
calls=336 97 
* 2352
* 2016

fn=(2450)
1099 1634248
+1 1634248

fn=(2540)
1076 26820
+1 37548

fn=(2546)
1241 217056
+3 93024
cfn=(2548)
calls=31008 -82 
* 217056
* 124032
cfn=(2548)
calls=31008 -82 
* 217056
* 186048

fn=(2548)
1162 342576
+1 256932

fn=(2658)
1109 100756
+2 125945
+1 25189
+1 50378

fn=(1986)
1162 57896
+1 43422

fn=(2126)
1099 118976
+1 118976

fn=(2132) __gnu_cxx::__normal_iterator<int*, std::vector<int, std::allocator<int> > >::__normal_iterator(int* const&)
1076 160
+1 224

fn=(2494)
1109 25884
+2 32355
+1 6471
+1 12942

fn=(2552)
1109 199888
+2 249860
+1 49972
+1 99944

fn=(2388)
1545 1344
+1 1344

fn=(2436)
1241 48552
+3 20808
cfn=(1986)
calls=6936 -82 
* 48552
* 27744
cfn=(1986)
calls=6936 -82 
* 48552
* 41616

fn=(2564) __gnu_cxx::__normal_iterator<unsigned long*, std::vector<unsigned long, std::allocator<unsigned long> > >::difference_type __gnu_cxx::operator-<unsigned long*, std::vector<unsigned long, std::allocator<unsigned long> > >(__gnu_cxx::__normal_iterator<unsigned long*, std::vector<unsigned long, std::allocator<unsigned long> > > const&, __gnu_cxx::__normal_iterator<unsigned long*, std::vector<unsigned long, std::allocator<unsigned long> > > const&)
1334 22302
+3 9558
cfn=(2548)
calls=3186 1162 
* 22302
* 12744
cfn=(2548)
calls=3186 1162 
* 22302
* 25488

fn=(2602) bool __gnu_cxx::operator==<unsigned long*, std::vector<unsigned long, std::allocator<unsigned long> > >(__gnu_cxx::__normal_iterator<unsigned long*, std::vector<unsigned long, std::allocator<unsigned long> > > const&, __gnu_cxx::__normal_iterator<unsigned long*, std::vector<unsigned long, std::allocator<unsigned long> > > const&)
1225 714
+3 306
cfn=(2548)
calls=102 -66 
* 714
* 408
cfn=(2548)
calls=102 -66 
* 714
* 612

fn=(2654)
1241 200214
+3 85806
cfn=(1876)
calls=28602 -82 
* 200214
* 114408
cfn=(1876)
calls=28602 -82 
* 200214
* 171612

fn=(2766) __gnu_cxx::__normal_iterator<Location const*, std::vector<Location, std::allocator<Location> > >::operator-(long) const
1157 955467
+1 1592445
cfn=(1968)
calls=106163 -82 
* 1273956
* 636978

fl=(244)
fn=(2804)
70 400
+1 300

fn=(2110)
97 213312
+1 159984

fn=(2624) std::remove_reference<__gnu_cxx::__ops::_Iter_comp_iter<PIBT::solve<ManhattanExpander, ManhattanHeuristic, SafePlanner>(Environment const&, MAPFInstance&, ManhattanExpander const&, ManhattanHeuristic const&, SafePlanner&, SearchMetrics&)::{lambda(unsigned long, unsigned long)#1}>&>::type&& std::move<__gnu_cxx::__ops::_Iter_comp_iter<PIBT::solve<ManhattanExpander, ManhattanHeuristic, SafePlanner>(Environment const&, MAPFInstance&, ManhattanExpander const&, ManhattanHeuristic const&, SafePlanner&, SearchMetrics&)::{lambda(unsigned long, unsigned long)#1}>&>(__gnu_cxx::__ops::_Iter_comp_iter<PIBT::solve<ManhattanExpander, ManhattanHeuristic, SafePlanner>(Environment const&, MAPFInstance&, ManhattanExpander const&, ManhattanHeuristic const&, SafePlanner&, SearchMetrics&)::{lambda(unsigned long, unsigned long)#1}>&)
97 39180
+1 29385

fn=(2682)
70 18480
+1 13860

fn=(2486) int&& std::forward<int>(std::remove_reference<int>::type&)
70 1860
+1 1395

fn=(3136) std::__detail::_Hash_node<std::pair<Location const, unsigned long>, true>* std::__addressof<std::__detail::_Hash_node<std::pair<Location const, unsigned long>, true> >(std::__detail::_Hash_node<std::pair<Location const, unsigned long>, true>&)
51 34440
+1 25830

fn=(3168)
70 68080
+1 51060

fn=(1742)
51 432
+1 324

fn=(1884)
70 589160
+1 441870

fn=(2938)
70 17420
+1 13065

fn=(3170)
70 68080
+1 51060

fn=(3396) std::remove_reference<std::__cxx11::basic_string<char, std::char_traits<char>, std::allocator<char> >&>::type&& std::move<std::__cxx11::basic_string<char, std::char_traits<char>, std::allocator<char> >&>(std::__cxx11::basic_string<char, std::char_traits<char>, std::allocator<char> >&)
97 4
+1 3

fn=(2262)
51 1600
+1 1200

fn=(2588)
189 71280
+8 23760
cfn=(2590)
calls=7920 97 
* 55440
* 15840
+1 23760
cfn=(2590)
calls=7920 97 
* 55440
* 23760
+1 23760
cfn=(2590)
calls=7920 97 
* 55440
* 23760
+1 47520

fn=(2942)
97 17420
+1 13065

fn=(3110)
138 2990
+1 1794
cfn=(3112) std::__detail::_Hash_node_base** std::__addressof<std::__detail::_Hash_node_base*>(std::__detail::_Hash_node_base*&)
calls=598 -88 
* 4186
* 1196

fn=(3134)
138 43050
+1 25830
cfn=(3136)
calls=8610 -88 
* 60270
* 17220

fn=(3166)
70 68080
+1 51060

fn=(2158)
70 1664
+1 1248

fn=(2376)
97 1344
+1 1008

fn=(2460) int& std::forward<int&>(std::remove_reference<int&>::type&)
70 1600
+1 1200

fn=(2114)
70 4324
+1 3243

fn=(3060)
70 34840
+1 26130

fn=(3102)
70 47984
+1 35988

fn=(3112)
51 2392
+1 1794

fn=(2408) std::remove_reference<PIBT::solve<ManhattanExpander, ManhattanHeuristic, SafePlanner>(Environment const&, MAPFInstance&, ManhattanExpander const&, ManhattanHeuristic const&, SafePlanner&, SearchMetrics&)::{lambda(bool)#1}&>::type&& std::move<PIBT::solve<ManhattanExpander, ManhattanHeuristic, SafePlanner>(Environment const&, MAPFInstance&, ManhattanExpander const&, ManhattanHeuristic const&, SafePlanner&, SearchMetrics&)::{lambda(bool)#1}&>(PIBT::solve<ManhattanExpander, ManhattanHeuristic, SafePlanner>(Environment const&, MAPFInstance&, ManhattanExpander const&, ManhattanHeuristic const&, SafePlanner&, SearchMetrics&)::{lambda(bool)#1}&)
97 1648
+1 1236

fn=(2558) std::remove_reference<PIBT::solve<ManhattanExpander, ManhattanHeuristic, SafePlanner>(Environment const&, MAPFInstance&, ManhattanExpander const&, ManhattanHeuristic const&, SafePlanner&, SearchMetrics&)::{lambda(unsigned long, unsigned long)#1}&>::type&& std::move<PIBT::solve<ManhattanExpander, ManhattanHeuristic, SafePlanner>(Environment const&, MAPFInstance&, ManhattanExpander const&, ManhattanHeuristic const&, SafePlanner&, SearchMetrics&)::{lambda(unsigned long, unsigned long)#1}&>(PIBT::solve<ManhattanExpander, ManhattanHeuristic, SafePlanner>(Environment const&, MAPFInstance&, ManhattanExpander const&, ManhattanHeuristic const&, SafePlanner&, SearchMetrics&)::{lambda(unsigned long, unsigned long)#1}&)
97 39996
+1 29997

fn=(2590)
97 274100
+1 205575

fn=(2666) std::remove_reference<PIBT::solve_one_agent<ManhattanExpander, ManhattanHeuristic>(int, int, int, Environment const&, MAPFInstance const&, ManhattanExpander const&, ManhattanHeuristic const&)::{lambda(Location const&, Location const&)#1}&>::type&& std::move<PIBT::solve_one_agent<ManhattanExpander, ManhattanHeuristic>(int, int, int, Environment const&, MAPFInstance const&, ManhattanExpander const&, ManhattanHeuristic const&)::{lambda(Location const&, Location const&)#1}&>(PIBT::solve_one_agent<ManhattanExpander, ManhattanHeuristic>(int, int, int, Environment const&, MAPFInstance const&, ManhattanExpander const&, ManhattanHeuristic const&)::{lambda(Location const&, Location const&)#1}&)
97 74728
+1 56046

fn=(2684)
70 18480
+1 13860

fn=(2722) std::remove_reference<__gnu_cxx::__ops::_Iter_comp_iter<PIBT::solve_one_agent<ManhattanExpander, ManhattanHeuristic>(int, int, int, Environment const&, MAPFInstance const&, ManhattanExpander const&, ManhattanHeuristic const&)::{lambda(Location const&, Location const&)#1}>&>::type&& std::move<__gnu_cxx::__ops::_Iter_comp_iter<PIBT::solve_one_agent<ManhattanExpander, ManhattanHeuristic>(int, int, int, Environment const&, MAPFInstance const&, ManhattanExpander const&, ManhattanHeuristic const&)::{lambda(Location const&, Location const&)#1}>&>(__gnu_cxx::__ops::_Iter_comp_iter<PIBT::solve_one_agent<ManhattanExpander, ManhattanHeuristic>(int, int, int, Environment const&, MAPFInstance const&, ManhattanExpander const&, ManhattanHeuristic const&)::{lambda(Location const&, Location const&)#1}>&)
97 37768
+1 28326

fn=(2786)
51 4
+1 3

fn=(2948)
70 104520
+1 78390

fn=(2978)
70 17420
+1 13065

fn=(3058)
70 17420
+1 13065

fn=(3066)
97 34840
+1 26130

fn=(3070)
70 17420
+1 13065

fn=(2328)
70 1664
+1 1248

fl=(240)
fn=(1854)
893 377760
+1 283320
cfi=(247)
cfn=(1856)
calls=47220 1076 
* 566640
* 283320

fn=(1956) std::_Vector_base<Location, std::allocator<Location> >::_Vector_base(unsigned long, std::allocator<Location> const&)
333 808
+1 505
cfn=(1958) std::_Vector_base<Location, std::allocator<Location> >::_Vector_impl::_Vector_impl(std::allocator<Location> const&)
calls=101 146 
* 3535
+1 505
cfn=(1960) std::_Vector_base<Location, std::allocator<Location> >::_M_create_storage(unsigned long)
calls=101 +61 
* 24541
* 404

fn=(2122)
1233 2400
+3 900
cfn=(1854)
calls=300 893 
* 9600
* 1500
cfi=(247)
cfn=(2124)
calls=300 -79 
* 12600
* 1200
cfi=(247)
cfn=(2126)
calls=300 1099 
* 2400
+1 1500

fn=(2136)
1896 176
+2 48
cfn=(2138) std::vector<int, std::allocator<int> >::max_size() const
calls=16 998 
* 1024
* 64
cfn=(2144) std::vector<int, std::allocator<int> >::size() const
calls=16 992 
* 208
* 112
+3 48
cfn=(2144)
calls=16 992 
* 208
* 64
cfn=(2144)
calls=16 992 
* 208
* 96
cfi=(242)
cfn=(1732)
calls=16 257 
* 226
* 48
+1 48
cfn=(2144)
calls=16 992 
* 208
* 80
cfn=(2138)
calls=16 998 
* 1024
* 48
+1 96

fn=(2166)
504 256
+5 192
cfi=(249)
cfn=(2168) int* std::__relocate_a<int*, int*, std::allocator<int> >(int*, int*, int*, std::allocator<int>&)
calls=32 1141 
* 2692
+5 64

fn=(2232)
1013 6
+2 3
cfn=(2234)
calls=1 -23 
* 14
* 4
+1 3
cfn=(2234)
calls=1 -24 
* 14
* 6
cfi=(241)
cfn=(2236)
calls=1 634 
* 10419
+3 4

fn=(2234)
992 125268
+1 313170

fn=(2300) std::vector<float, std::allocator<float> >::end()
893 128
+1 96
cfi=(247)
cfn=(2302)
calls=16 1076 
* 192
* 96

fn=(2334)
301 136
+1 102

fn=(2750) std::_Vector_base<unsigned long, std::allocator<unsigned long> >::~_Vector_base()
367 510
+3 714
-1 714
cfn=(2752) std::_Vector_base<unsigned long, std::allocator<unsigned long> >::_M_deallocate(unsigned long*, unsigned long)
calls=102 +17 
* 13770
+2 306
cfn=(2756) std::_Vector_base<unsigned long, std::allocator<unsigned long> >::_Vector_impl::~_Vector_impl()
calls=102 133 
* 2142
* 306

fn=(2830)
873 16
+1 10
cfi=(247)
cfn=(2832)
calls=2 1076 
* 24
* 12

fn=(1860)
1896 372614
+2 101622
cfn=(1862) std::vector<Location, std::allocator<Location> >::max_size() const
calls=33874 998 
* 2167936
* 135496
cfn=(1870)
calls=33874 992 
* 474236
* 237118
+3 101622
cfn=(1870)
calls=33874 992 
* 474236
* 135496
cfn=(1870)
calls=33874 992 
* 474236
* 203244
cfi=(242)
cfn=(1732)
calls=33874 257 
* 483214
* 101622
+1 101622
cfn=(1870)
calls=33874 992 
* 474236
* 169370
cfn=(1862)
calls=33874 998 
* 2167936
* 101622
+1 203244

fn=(1866) std::vector<Location, std::allocator<Location> >::_S_max_size(std::allocator<Location> const&)
1916 541984
+5 541984
fi=(223)
233 67748
-50 67748
fi=(243)
574 67748
fe=(240)
1923 67748
+1 338740
cfi=(242)
cfn=(1868)
calls=67748 233 
* 948472
* 67748
+1 338740

fn=(2106) std::_Vector_base<int, std::allocator<int> >::_Vector_impl_data::_Vector_impl_data()
99 8
+1 12
+1 6

fn=(2224)
531 16
cfn=(2226) std::_Vector_base<float, std::allocator<float> >::_Vector_base()
calls=2 315 
* 82
* 6

fn=(2230) std::_Vector_base<float, std::allocator<float> >::_Vector_impl_data::_Vector_impl_data()
99 8
+1 12
+1 6

fn=(2274)
386 28
+3 8
+1 12
fi=(243)
517 12
cfi=(223)
cfn=(2870)
calls=2 156 
* 436
* 2
fe=(240)
391 12

fn=(2280)
1126 53325
+3 53325
+1 21330

fn=(2294)
1126 2436965
+3 3899144
+1 974786

fn=(2306)
1896 176
+2 48
cfn=(2308) std::vector<float, std::allocator<float> >::max_size() const
calls=16 998 
* 1024
* 64
cfn=(2314) std::vector<float, std::allocator<float> >::size() const
calls=16 992 
* 208
* 112
+3 48
cfn=(2314)
calls=16 992 
* 208
* 64
cfn=(2314)
calls=16 992 
* 208
* 96
cfi=(242)
cfn=(1732)
calls=16 257 
* 226
* 48
+1 48
cfn=(2314)
calls=16 992 
* 208
* 80
cfn=(2308)
calls=16 998 
* 1024
* 48
+1 96

fn=(2452)
1145 2218740
+3 3549984
+1 887496

fn=(2498) std::vector<unsigned long, std::allocator<unsigned long> >::_S_check_init_len(unsigned long, std::allocator<unsigned long> const&)
1907 1632
fi=(223)
92 102
fi=(222)
+76 102
fe=(240)
1909 306
cfn=(2500) std::vector<unsigned long, std::allocator<unsigned long> >::_S_max_size(std::allocator<unsigned long> const&)
calls=102 +7 
* 4590
* 204
fi=(222)
184 306
cfi=(223)
cfn=(1944)
calls=102 -80 
* 714
* 102
fe=(240)
1909 204
+3 102
+1 612

fn=(2512) std::_Vector_base<unsigned long, std::allocator<unsigned long> >::_M_allocate(unsigned long)
378 612
+3 612
fi=(243)
482 612
cfi=(223)
cfn=(1738)
calls=102 126 
* 9214
* 204
fe=(240)
382 204

fn=(2516) std::vector<unsigned long, std::allocator<unsigned long> >::_M_default_initialize(unsigned long)
1715 612
+4 306
cfn=(2518) std::_Vector_base<unsigned long, std::allocator<unsigned long> >::_M_get_Tp_allocator()
calls=102 301 
* 714
* 102
-1 612
cfi=(249)
cfn=(2520) unsigned long* std::__uninitialized_default_n_a<unsigned long*, unsigned long, unsigned long>(unsigned long*, unsigned long, std::allocator<unsigned long>&)
calls=102 777 
* 87618
-1 204
+3 306

fn=(2752)
386 714
+3 204
+1 612
fi=(243)
517 612
cfi=(223)
cfn=(2016)
calls=102 156 
* 11220
* 102
fe=(240)
391 306

fn=(2844)
733 10
+3 6
cfn=(2334)
calls=2 301 
* 14
-1 14
fi=(243)
948 10
cfi=(251)
cfn=(2846)
calls=2 182 
* 44
+1 2
fe=(240)
738 6
cfn=(2852) std::_Vector_base<float, std::allocator<float> >::~_Vector_base()
calls=2 367 
* 362
* 6

fn=(2874) std::_Vector_base<std::vector<Location, std::allocator<Location> >, std::allocator<std::vector<Location, std::allocator<Location> > > >::_Vector_impl::~_Vector_impl()
133 14
fi=(222)
+51 6
cfi=(223)
cfn=(2876)
calls=2 -80 
* 14
* 2
fe=(240)
-51 6

fn=(2890)
1088 800
+1 300
cfn=(1966)
calls=100 903 
* 3200
* 400
cfn=(1970)
calls=100 883 
* 3100
* 600
cfi=(247)
cfn=(2892)
calls=100 1225 
* 3400
* 500

fn=(1852)
1281 366471
+2 314118
+3 130053
fi=(243)
538 55737
cfi=(244)
cfn=(1884)
calls=18579 70 
* 130053
* 92895
fi=(223)
191 74316
cfi=(248)
cfn=(1888)
calls=18579 -16 
* 148632
* 74316
cfi=(244)
cfn=(1884)
calls=18579 70 
* 130053
* 92895
fi=(243)
542 18579
fe=(240)
1288 92895
+5 18579
-1 101322
cfn=(1854)
calls=33774 893 
* 1080768
* 202644
cfi=(241)
cfn=(1858)
calls=33774 445 
* 32346701
+1 209412

fn=(1894)
504 540640
+5 405480
cfi=(249)
cfn=(1896) Location* std::__relocate_a<Location*, Location*, std::allocator<Location> >(Location*, Location*, Location*, std::allocator<Location>&)
calls=67580 1141 
* 6039066
+5 135160

fn=(1902)
386 300671
+3 85906
+1 203850
fi=(243)
517 203850
cfi=(223)
cfn=(1906)
calls=33975 156 
* 3898804
* 33975
fe=(240)
391 128859

fn=(1958)
146 1414
fi=(223)
-54 101
fi=(222)
+76 101
fe=(240)
-21 303
cfn=(1690) std::_Vector_base<Location, std::allocator<Location> >::_Vector_impl_data::_Vector_impl_data()
calls=101 -48 
* 1313
+1 303

fn=(1960)
396 606
+2 505
cfn=(1878)
calls=101 -20 
* 21511
* 202
+1 404
+1 1010
+1 303

fn=(2104) std::_Vector_base<int, std::allocator<int> >::_Vector_impl::_Vector_impl()
137 18
fi=(223)
-49 2
fi=(222)
+75 2
fe=(240)
-21 6
cfn=(2106)
calls=2 -43 
* 26
+1 6

fn=(2130) std::vector<int, std::allocator<int> >::end()
893 128
+1 96
cfi=(247)
cfn=(2132)
calls=16 1076 
* 192
* 96

fn=(2138)
998 160
+1 96
cfn=(2140) std::_Vector_base<int, std::allocator<int> >::_M_get_Tp_allocator() const
calls=32 306 
* 224
* 64
cfn=(2142) std::vector<int, std::allocator<int> >::_S_max_size(std::allocator<int> const&)
calls=32 1916 
* 1440
* 64

fn=(2228) std::_Vector_base<float, std::allocator<float> >::_Vector_impl::_Vector_impl()
137 18
fi=(223)
-49 2
fi=(222)
+75 2
fe=(240)
-21 6
cfn=(2230)
calls=2 -43 
* 26
+1 6

fn=(2298)
1281 1400
+2 1200
+3 1288
fi=(243)
538 552
cfi=(244)
cfn=(2328)
calls=184 70 
* 1288
* 920
fi=(223)
191 736
cfi=(248)
cfn=(1888)
calls=184 -16 
* 1472
* 736
cfi=(244)
cfn=(2328)
calls=184 70 
* 1288
* 552
fi=(243)
542 184
fe=(240)
1288 920
+5 184
-1 48
cfn=(2300)
calls=16 893 
* 512
* 96
cfi=(241)
cfn=(2304)
calls=16 445 
* 15572
+1 800

fn=(2504) std::_Vector_base<unsigned long, std::allocator<unsigned long> >::_Vector_base(unsigned long, std::allocator<unsigned long> const&)
333 816
+1 510
cfn=(2506) std::_Vector_base<unsigned long, std::allocator<unsigned long> >::_Vector_impl::_Vector_impl(std::allocator<unsigned long> const&)
calls=102 146 
* 3570
+1 510
cfn=(2510) std::_Vector_base<unsigned long, std::allocator<unsigned long> >::_M_create_storage(unsigned long)
calls=102 +61 
* 14212
* 408

fn=(2538)
893 2448
+1 1836
cfi=(247)
cfn=(2540)
calls=306 1076 
* 3672
* 1836

fn=(2542)
873 2448
+1 1530
cfi=(247)
cfn=(2540)
calls=306 1076 
* 3672
* 1836

fn=(2790)
1078 4
+1 2
+1 8

fn=(2792)
1616 9
+3 5
cfn=(2246)
calls=1 378 
* 323
* 1
+4 3
cfn=(2254)
calls=1 301 
* 7
* 1
-1 5
cfi=(249)
cfn=(2794) std::vector<Location, std::allocator<Location> >* std::__uninitialized_copy_a<__gnu_cxx::__normal_iterator<std::vector<Location, std::allocator<Location> > const*, std::vector<std::vector<Location, std::allocator<Location> >, std::allocator<std::vector<Location, std::allocator<Location> > > > >, std::vector<Location, std::allocator<Location> >*, std::vector<Location, std::allocator<Location> > >(__gnu_cxx::__normal_iterator<std::vector<Location, std::allocator<Location> > const*, std::vector<std::vector<Location, std::allocator<Location> >, std::allocator<std::vector<Location, std::allocator<Location> > > > >, __gnu_cxx::__normal_iterator<std::vector<Location, std::allocator<Location> > const*, std::vector<std::vector<Location, std::allocator<Location> >, std::allocator<std::vector<Location, std::allocator<Location> > > > >, std::vector<Location, std::allocator<Location> >*, std::allocator<std::vector<Location, std::allocator<Location> > >&)
calls=1 366 
* 93258
+2 2
+7 3

fn=(1870)
992 7769408
+1 19423520

fn=(1872)
873 343720
+1 214825
cfi=(247)
cfn=(1856)
calls=42965 1076 
* 515580
* 257790

fn=(1878)
378 203850
+3 203850
fi=(243)
482 203850
cfi=(223)
cfn=(1880)
calls=33975 126 
* 3203378
* 67950
fe=(240)
382 67950

fn=(1966)
903 854632
+1 640974
cfi=(247)
cfn=(1968)
calls=106829 1076 
* 1281948
* 640974

fn=(2164)
301 136
+1 102

fn=(2192) std::_Vector_base<std::vector<Location, std::allocator<Location> >, std::allocator<std::vector<Location, std::allocator<Location> > > >::_Vector_base()
315 16
cfn=(2194) std::_Vector_base<std::vector<Location, std::allocator<Location> >, std::allocator<std::vector<Location, std::allocator<Location> > > >::_Vector_impl::_Vector_impl()
calls=2 137 
* 60
* 6

fn=(2194)
137 18
fi=(223)
-49 2
fi=(222)
+75 2
fe=(240)
-21 6
cfn=(2196) std::_Vector_base<std::vector<Location, std::allocator<Location> >, std::allocator<std::vector<Location, std::allocator<Location> > > >::_Vector_impl_data::_Vector_impl_data()
calls=2 -43 
* 26
+1 6

fn=(2246)
378 12
+3 12
fi=(243)
482 12
cfi=(223)
cfn=(2248)
calls=2 126 
* 718
* 4
fe=(240)
382 4

fn=(2308)
998 160
+1 96
cfn=(2310) std::_Vector_base<float, std::allocator<float> >::_M_get_Tp_allocator() const
calls=32 306 
* 224
* 64
cfn=(2312) std::vector<float, std::allocator<float> >::_S_max_size(std::allocator<float> const&)
calls=32 1916 
* 1440
* 64

fn=(2314)
992 256
+1 576

fn=(2316)
873 128
+1 80
cfi=(247)
cfn=(2302)
calls=16 1076 
* 192
* 96

fn=(2492)
1126 860665
+3 860665
+1 344266

fn=(2764)
1245 849304
+3 318489
cfn=(1966)
calls=106163 903 
* 3397216
* 530815
cfi=(247)
cfn=(2766)
calls=106163 -91 
* 4458846
* 424652
cfi=(247)
cfn=(2438)
calls=106163 1099 
* 849304
+1 530815

fn=(2862)
733 10
+3 6
cfn=(2254)
calls=2 301 
* 14
-1 14
fi=(243)
948 10
cfi=(251)
cfn=(2806)
calls=2 182 
* 66871
+1 2
fe=(240)
738 6
cfn=(2868) std::_Vector_base<std::vector<Location, std::allocator<Location> >, std::allocator<std::vector<Location, std::allocator<Location> > > >::~_Vector_base()
calls=2 367 
* 580
* 6

fn=(3516)
733 10
+3 6
cfn=(2164)
calls=2 301 
* 14
-1 14
fi=(243)
948 10
cfi=(251)
cfn=(3518)
calls=2 182 
* 44
+1 2
fe=(240)
738 6
cfn=(3524) std::_Vector_base<int, std::allocator<int> >::~_Vector_base()
calls=2 367 
* 362
* 6

fn=(1684)
531 71824
cfn=(1686) std::_Vector_base<Location, std::allocator<Location> >::_Vector_base()
calls=8978 315 
* 368098
* 26934

fn=(1970)
883 5328
+1 3330
cfi=(247)
cfn=(1968)
calls=666 1076 
* 7992
* 3996

fn=(2006) std::_Vector_base<Location, std::allocator<Location> >::~_Vector_base()
367 45395
+3 72632
-1 63553
cfn=(1902)
calls=9079 +17 
* 1275278
+2 27237
cfn=(2008) std::_Vector_base<Location, std::allocator<Location> >::_Vector_impl::~_Vector_impl()
calls=9079 133 
* 190659
* 27237

fn=(2226)
315 16
cfn=(2228)
calls=2 137 
* 60
* 6

fn=(2242) std::vector<std::vector<Location, std::allocator<Location> >, std::allocator<std::vector<Location, std::allocator<Location> > > >::_S_max_size(std::allocator<std::vector<Location, std::allocator<Location> > > const&)
1916 32
+5 32
fi=(223)
233 4
-50 4
fi=(243)
574 4
fe=(240)
1923 4
+1 20
cfi=(242)
cfn=(1868)
calls=4 233 
* 56
* 4
+1 20

fn=(2440)
883 52616
+1 32885
cfi=(247)
cfn=(2442)
calls=6577 1076 
* 78924
* 39462

fn=(2510)
396 612
+2 510
cfn=(2512)
calls=102 -20 
* 11458
* 204
+1 408
+1 714
+1 306

fn=(2888)
1145 283405
+3 453448
+1 113362

fn=(1688) std::_Vector_base<Location, std::allocator<Location> >::_Vector_impl::_Vector_impl()
137 80802
fi=(223)
-49 8978
fi=(222)
+75 8978
fe=(240)
-21 26934
cfn=(1690)
calls=8978 -43 
* 116714
+1 26934

fn=(1892)
301 308384
+1 231288

fn=(2100)
531 16
cfn=(2102) std::_Vector_base<int, std::allocator<int> >::_Vector_base()
calls=2 315 
* 82
* 6

fn=(2254)
301 24
+1 18

fn=(2266)
504 8
+5 6
cfi=(249)
cfn=(2268) std::vector<Location, std::allocator<Location> >* std::__relocate_a<std::vector<Location, std::allocator<Location> >*, std::vector<Location, std::allocator<Location> >*, std::allocator<std::vector<Location, std::allocator<Location> > > >(std::vector<Location, std::allocator<Location> >*, std::vector<Location, std::allocator<Location> >*, std::vector<Location, std::allocator<Location> >*, std::allocator<std::vector<Location, std::allocator<Location> > >&)
calls=1 1141 
* 72
+5 2

fn=(2278)
1126 9143915
+3 14630264
+1 3657566

fn=(2284)
1437 1100
+2 300
cfn=(2286) std::vector<Location, std::allocator<Location> >::cbegin() const
calls=100 954 
* 3100
* 600
cfi=(247)
cfn=(2288)
calls=100 1334 
* 3700
* 100
+1 300
cfn=(1872)
calls=100 873 
* 3100
* 600
cfi=(247)
cfn=(2290)
calls=100 1147 
* 4100
* 600
cfi=(241)
cfn=(2292)
calls=100 529 
* 132145
+1 300
cfn=(1872)
calls=100 873 
* 3100
* 600
cfi=(247)
cfn=(2290)
calls=100 1147 
* 4100
+1 500

fn=(2286)
954 800
+1 500
cfi=(247)
cfn=(1968)
calls=100 1076 
* 1200
* 600

fn=(2322)
378 96
+3 96
fi=(243)
482 96
cfi=(223)
cfn=(2324)
calls=16 126 
* 2004
* 32
fe=(240)
382 32

fn=(2444)
903 52616
+1 39462
cfi=(247)
cfn=(2442)
calls=6577 1076 
* 78924
* 39462

fn=(2496)
556 816
+1 612
cfn=(2498)
calls=102 1907 
* 8976
* 612
cfn=(2504)
calls=102 333 
* 20026
+1 510
cfn=(2516)
calls=102 1715 
* 90474
* 408

fn=(2508) std::_Vector_base<unsigned long, std::allocator<unsigned long> >::_Vector_impl_data::_Vector_impl_data()
99 408
+1 612
+1 306

fn=(2762)
1145 500
+3 500
+1 200

fn=(2852)
367 10
+3 14
-1 14
cfn=(2344)
calls=2 +17 
* 270
+2 6
cfn=(2854) std::_Vector_base<float, std::allocator<float> >::_Vector_impl::~_Vector_impl()
calls=2 133 
* 42
* 6

fn=(2880)
1088 24
+1 9
cfn=(2444)
calls=3 903 
* 96
* 12
cfn=(2440)
calls=3 883 
* 93
* 18
cfi=(247)
cfn=(2882)
calls=3 1225 
* 102
* 15

fn=(1864) std::_Vector_base<Location, std::allocator<Location> >::_M_get_Tp_allocator() const
306 271396
+1 203547

fn=(1998)
733 45395
+3 27237
cfn=(1892)
calls=9079 301 
* 63553
-1 63553
fi=(243)
948 45395
cfi=(251)
cfn=(2000)
calls=9079 182 
* 199738
+1 9079
fe=(240)
738 27237
cfn=(2006)
calls=9079 367 
* 1701991
* 27237

fn=(2140)
306 128
+1 96

fn=(2142)
1916 256
+5 256
fi=(223)
233 32
-50 32
fi=(243)
574 32
fe=(240)
1923 32
+1 160
cfi=(242)
cfn=(1868)
calls=32 233 
* 448
* 32
+1 160

fn=(2152)
378 96
+3 96
fi=(243)
482 96
cfi=(223)
cfn=(2154)
calls=16 126 
* 2971
* 32
fe=(240)
382 32

fn=(2174)
386 126
+3 36
+1 96
fi=(243)
517 96
cfi=(223)
cfn=(2176)
calls=16 156 
* 1760
* 16
fe=(240)
391 54

fn=(2238)
998 20
+1 12
cfn=(2240) std::_Vector_base<std::vector<Location, std::allocator<Location> >, std::allocator<std::vector<Location, std::allocator<Location> > > >::_M_get_Tp_allocator() const
calls=4 306 
* 28
* 8
cfn=(2242)
calls=4 1916 
* 180
* 8

fn=(2336)
504 256
+5 192
cfi=(249)
cfn=(2338) float* std::__relocate_a<float*, float*, std::allocator<float> >(float*, float*, float*, std::allocator<float>&)
calls=32 1141 
* 2692
+5 64

fn=(2344)
386 126
+3 36
+1 96
fi=(243)
517 96
cfi=(223)
cfn=(2346)
calls=16 156 
* 1760
* 16
fe=(240)
391 54

fn=(2834)
893 16
+1 12
cfi=(247)
cfn=(2832)
calls=2 1076 
* 24
* 12

fn=(3526) std::_Vector_base<int, std::allocator<int> >::_Vector_impl::~_Vector_impl()
133 14
fi=(222)
+51 6
cfi=(223)
cfn=(3528)
calls=2 -80 
* 14
* 2
fe=(240)
-51 6

fn=(1686)
315 71824
cfn=(1688)
calls=8978 137 
* 269340
* 26934

fn=(1862)
998 338740
+1 203244
cfn=(1864)
calls=67748 306 
* 474236
* 135496
cfn=(1866)
calls=67748 1916 
* 3048660
* 135496

fn=(2008)
133 63553
fi=(222)
+51 27237
cfi=(223)
cfn=(1964)
calls=9079 -80 
* 63553
* 9079
fe=(240)
-51 27237

fn=(2108) std::vector<Location, std::allocator<Location> >::push_back(Location&&)
1298 1200
+1 600
cfi=(244)
cfn=(2110)
calls=200 97 
* 1400
* 1000
cfi=(241)
cfn=(2112)
calls=200 111 
* 55670
* 600

fn=(2144)
992 256
+1 576

fn=(2146)
873 128
+1 80
cfi=(247)
cfn=(2132)
calls=16 1076 
* 192
* 96

fn=(2190)
531 16
cfn=(2192)
calls=2 315 
* 82
* 6

fn=(2240)
306 16
+1 12

fn=(2244)
1896 11
+2 3
cfn=(2238)
calls=1 998 
* 64
* 4
cfn=(2234)
calls=1 992 
* 14
* 7
+3 3
cfn=(2234)
calls=1 992 
* 14
* 4
cfn=(2234)
calls=1 992 
* 14
* 6
cfi=(242)
cfn=(1732)
calls=1 257 
* 15
* 3
+1 3
cfn=(2234)
calls=1 992 
* 14
* 5
cfn=(2238)
calls=1 998 
* 64
* 3
+1 6

fn=(2310)
306 128
+1 96

fn=(2312)
1916 256
+5 256
fi=(223)
233 32
-50 32
fi=(243)
574 32
fe=(240)
1923 32
+1 160
cfi=(242)
cfn=(1868)
calls=32 233 
* 448
* 32
+1 160

fn=(2500)
1916 816
+5 816
fi=(223)
233 102
-50 102
fi=(243)
574 102
fe=(240)
1923 102
+1 510
cfi=(242)
cfn=(1868)
calls=102 233 
* 1428
* 102
+1 510

fn=(2782)
1322 72
+3 90
+1 162
fi=(223)
198 18
fi=(243)
562 18
fe=(240)
1328 54

fn=(2868)
367 10
+3 16
-1 14
cfn=(2274)
calls=2 +17 
* 486
+2 6
cfn=(2874)
calls=2 133 
* 42
* 6

fn=(3524)
367 10
+3 14
-1 14
cfn=(2174)
calls=2 +17 
* 270
+2 6
cfn=(3526)
calls=2 133 
* 42
* 6

fn=(1690)
99 36316
+1 54474
+1 27237

fn=(1954)
601 1212
+2 404
cfn=(1864)
calls=101 306 
* 707
* 1111
fi=(223)
92 101
fi=(222)
+76 101
fi=(243)
588 101
fi=(271)
98 101
fe=(240)
603 303
cfn=(1870)
calls=101 992 
* 1414
* 606
cfn=(1956)
calls=101 333 
* 30298
fi=(222)
184 303
cfi=(223)
cfn=(1964)
calls=101 -80 
* 707
* 101
fe=(240)
608 303
cfn=(1892)
calls=101 301 
* 707
* 101
-2 505
cfn=(1966)
calls=101 903 
* 3232
* 404
cfn=(1970)
calls=101 883 
* 3131
* 505
cfi=(249)
cfn=(1972) Location* std::__uninitialized_copy_a<__gnu_cxx::__normal_iterator<Location const*, std::vector<Location, std::allocator<Location> > >, Location*, Location>(__gnu_cxx::__normal_iterator<Location const*, std::vector<Location, std::allocator<Location> > >, __gnu_cxx::__normal_iterator<Location const*, std::vector<Location, std::allocator<Location> > >, Location*, std::allocator<Location>&)
calls=101 366 
* 33572
-1 202
+4 1010

fn=(2102)
315 16
cfn=(2104)
calls=2 137 
* 60
* 6

fn=(2128) std::vector<int, std::allocator<int> >::push_back(int const&)
1281 1400
+2 1200
+3 1288
fi=(243)
538 552
cfi=(244)
cfn=(2158)
calls=184 70 
* 1288
* 920
fi=(223)
191 736
cfi=(248)
cfn=(1888)
calls=184 -16 
* 1472
* 736
cfi=(244)
cfn=(2158)
calls=184 70 
* 1288
* 552
fi=(243)
542 184
fe=(240)
1288 920
+5 184
-1 48
cfn=(2130)
calls=16 893 
* 512
* 96
cfi=(241)
cfn=(2134)
calls=16 445 
* 16539
+1 800

fn=(2196)
99 8
+1 12
+1 6

fn=(2506)
146 1428
fi=(223)
-54 102
fi=(222)
+76 102
fe=(240)
-21 306
cfn=(2508)
calls=102 -48 
* 1326
+1 306

fn=(2518)
301 816
+1 612

fn=(2742)
733 510
+3 306
cfn=(2518)
calls=102 301 
* 714
-1 714
fi=(243)
948 510
cfi=(251)
cfn=(2744)
calls=102 182 
* 2244
+1 102
fe=(240)
738 306
cfn=(2750)
calls=102 367 
* 18462
* 306

fn=(2756)
133 714
fi=(222)
+51 306
cfi=(223)
cfn=(1944)
calls=102 -80 
* 714
* 102
fe=(240)
-51 306

fn=(2854)
133 14
fi=(222)
+51 6
cfi=(223)
cfn=(2856)
calls=2 -80 
* 14
* 2
fe=(240)
-51 6

fl=(267)
fn=(2636)
9 106500
+1 26625
cfi=(240)
cfn=(1684)
calls=8875 531 
* 461500
+1 44375
cfi=(240)
cfn=(1852)
calls=8875 1281 
* 8005250
+1 53250
+1 53250
+1 53250
+1 17750
+1 1118250
+1 266250
cfi=(238)
cfn=(2638)
calls=53250 +6 
* 14267082
* 300120
cfi=(240)
cfn=(1852)
calls=38724 1281 
* 26865288
-2 177500
+5 8875
+1 62125

fl=(269) /usr/include/c++/13/bits/stl_tempbuf.h
fn=(2672) std::_Temporary_buffer<Location*, Location>::_Temporary_buffer(Location*, long)
263 36960
+2 32340
+3 18480
cfn=(2674) std::pair<Location*, long> std::get_temporary_buffer<Location>(long)
calls=4620 104 
* 716100
* 9240
+2 13860
+4 60060
cfn=(2686) void std::__uninitialized_construct_buf<Location*, Location*>(Location*, Location*, Location*)
calls=4620 -25 
* 115500
+2 13860
+1 13860
+8 23100

fn=(2738) void std::__detail::__return_temporary_buffer<Location>(Location*, unsigned long)
73 27720
+4 46200
cob=(4)
cfi=(175)
cfn=(1908)
calls=4620 -77 
* 438900
+4 13860

fn=(2690) std::_Temporary_buffer<Location*, Location>::requested_size() const
164 18480
+1 18480

fn=(2736) std::_Temporary_buffer<Location*, Location>::~_Temporary_buffer()
183 23100
+2 69300
cfi=(251)
cfn=(2000)
calls=4620 -3 
* 101640
+1 36960
cfn=(2738)
calls=4620 73 
* 526680
+1 13860

fn=(2688) void std::__uninitialized_construct_buf_dispatch<true>::__ucr<Location*, Location*>(Location*, Location*, Location*)
234 41580

fn=(2692) std::_Temporary_buffer<Location*, Location>::size() const
159 36960
+1 36960

fn=(2694) std::_Temporary_buffer<Location*, Location>::begin()
169 18480
+1 18480

fn=(2686)
249 32340
+8 27720
cfn=(2688)
calls=4620 -23 
* 41580
+1 13860

fn=(2674)
104 36960
+2 9240
+2 18480
+5 50820
cob=(4)
cfi=(175)
cfn=(2676)
calls=4620 0 
* 337260
* 4620
+2 13860
+1 27720
cfi=(270)
cfn=(2680)
calls=4620 687 
* 166320
* 13860
-5 13860
+9 23100

fl=(260)
fn=(2296)
9 571476
+1 952460
+1 857214
-1 95246
+2 952460
+1 190492

fl=(262)
fn=(2560) __gnu_cxx::__ops::_Iter_comp_iter<PIBT::solve<ManhattanExpander, ManhattanHeuristic, SafePlanner>(Environment const&, MAPFInstance&, ManhattanExpander const&, ManhattanHeuristic const&, SafePlanner&, SearchMetrics&)::{lambda(unsigned long, unsigned long)#1}>::_Iter_comp_iter(PIBT::solve<ManhattanExpander, ManhattanHeuristic, SafePlanner>(Environment const&, MAPFInstance&, ManhattanExpander const&, ManhattanHeuristic const&, SafePlanner&, SearchMetrics&)::{lambda(unsigned long, unsigned long)#1})
150 612
+1 306
cfi=(244)
cfn=(2558)
calls=102 -54 
* 714
* 306
+1 306

fn=(2582) bool __gnu_cxx::__ops::_Iter_comp_iter<PIBT::solve<ManhattanExpander, ManhattanHeuristic, SafePlanner>(Environment const&, MAPFInstance&, ManhattanExpander const&, ManhattanHeuristic const&, SafePlanner&, SearchMetrics&)::{lambda(unsigned long, unsigned long)#1}>::operator()<__gnu_cxx::__normal_iterator<unsigned long*, std::vector<unsigned long, std::allocator<unsigned long> > >, __gnu_cxx::__normal_iterator<unsigned long*, std::vector<unsigned long, std::allocator<unsigned long> > > >(__gnu_cxx::__normal_iterator<unsigned long*, std::vector<unsigned long, std::allocator<unsigned long> > >, __gnu_cxx::__normal_iterator<unsigned long*, std::vector<unsigned long, std::allocator<unsigned long> > >)
157 401193
+1 178308
cfi=(247)
cfn=(2550)
calls=44577 1099 
* 356616
* 178308
cfi=(247)
cfn=(2550)
calls=44577 1099 
* 356616
* 222885
cfi=(256)
cfn=(2584)
calls=44577 -12 
* 2273427
* 222885

fn=(2622) __gnu_cxx::__ops::_Val_comp_iter<PIBT::solve<ManhattanExpander, ManhattanHeuristic, SafePlanner>(Environment const&, MAPFInstance&, ManhattanExpander const&, ManhattanHeuristic const&, SafePlanner&, SearchMetrics&)::{lambda(unsigned long, unsigned long)#1}> __gnu_cxx::__ops::__val_comp_iter<PIBT::solve<ManhattanExpander, ManhattanHeuristic, SafePlanner>(Environment const&, MAPFInstance&, ManhattanExpander const&, ManhattanHeuristic const&, SafePlanner&, SearchMetrics&)::{lambda(unsigned long, unsigned long)#1}>(__gnu_cxx::__ops::_Iter_comp_iter<PIBT::solve<ManhattanExpander, ManhattanHeuristic, SafePlanner>(Environment const&, MAPFInstance&, ManhattanExpander const&, ManhattanHeuristic const&, SafePlanner&, SearchMetrics&)::{lambda(unsigned long, unsigned long)#1}>)
252 78360
+1 29385
cfi=(244)
cfn=(2624)
calls=9795 97 
* 68565
* 48975
cfn=(2626) __gnu_cxx::__ops::_Val_comp_iter<PIBT::solve<ManhattanExpander, ManhattanHeuristic, SafePlanner>(Environment const&, MAPFInstance&, ManhattanExpander const&, ManhattanHeuristic const&, SafePlanner&, SearchMetrics&)::{lambda(unsigned long, unsigned long)#1}>::_Val_comp_iter(__gnu_cxx::__ops::_Iter_comp_iter<PIBT::solve<ManhattanExpander, ManhattanHeuristic, SafePlanner>(Environment const&, MAPFInstance&, ManhattanExpander const&, ManhattanHeuristic const&, SafePlanner&, SearchMetrics&)::{lambda(unsigned long, unsigned long)#1}>&&)
calls=9795 -22 
* 215490
* 58770

fn=(2898) __gnu_cxx::__ops::_Iter_equals_val<Location const> __gnu_cxx::__ops::__iter_equals_val<Location const>(Location const&)
276 34040
+1 21275
cfn=(2900) __gnu_cxx::__ops::_Iter_equals_val<Location const>::_Iter_equals_val(Location const&)
calls=4255 -15 
* 46805
* 25530

fn=(2668) __gnu_cxx::__ops::_Iter_comp_iter<PIBT::solve_one_agent<ManhattanExpander, ManhattanHeuristic>(int, int, int, Environment const&, MAPFInstance const&, ManhattanExpander const&, ManhattanHeuristic const&)::{lambda(Location const&, Location const&)#1}>::_Iter_comp_iter(PIBT::solve_one_agent<ManhattanExpander, ManhattanHeuristic>(int, int, int, Environment const&, MAPFInstance const&, ManhattanExpander const&, ManhattanHeuristic const&)::{lambda(Location const&, Location const&)#1})
150 23100
+1 9240
cfi=(244)
cfn=(2666)
calls=4620 -54 
* 32340
* 36960
+1 13860

fn=(2704) bool __gnu_cxx::__ops::_Iter_comp_iter<PIBT::solve_one_agent<ManhattanExpander, ManhattanHeuristic>(int, int, int, Environment const&, MAPFInstance const&, ManhattanExpander const&, ManhattanHeuristic const&)::{lambda(Location const&, Location const&)#1}>::operator()<Location*, Location*>(Location*, Location*)
157 215999
+1 185142
cfi=(256)
cfn=(2706)
calls=30857 26 
* 4844549
* 61714

fn=(2720) __gnu_cxx::__ops::_Val_comp_iter<PIBT::solve_one_agent<ManhattanExpander, ManhattanHeuristic>(int, int, int, Environment const&, MAPFInstance const&, ManhattanExpander const&, ManhattanHeuristic const&)::{lambda(Location const&, Location const&)#1}> __gnu_cxx::__ops::__val_comp_iter<PIBT::solve_one_agent<ManhattanExpander, ManhattanHeuristic>(int, int, int, Environment const&, MAPFInstance const&, ManhattanExpander const&, ManhattanHeuristic const&)::{lambda(Location const&, Location const&)#1}>(__gnu_cxx::__ops::_Iter_comp_iter<PIBT::solve_one_agent<ManhattanExpander, ManhattanHeuristic>(int, int, int, Environment const&, MAPFInstance const&, ManhattanExpander const&, ManhattanHeuristic const&)::{lambda(Location const&, Location const&)#1}>)
252 47210
+1 18884
cfi=(244)
cfn=(2722)
calls=9442 97 
* 66094
* 47210
cfn=(2724) __gnu_cxx::__ops::_Val_comp_iter<PIBT::solve_one_agent<ManhattanExpander, ManhattanHeuristic>(int, int, int, Environment const&, MAPFInstance const&, ManhattanExpander const&, ManhattanHeuristic const&)::{lambda(Location const&, Location const&)#1}>::_Val_comp_iter(__gnu_cxx::__ops::_Iter_comp_iter<PIBT::solve_one_agent<ManhattanExpander, ManhattanHeuristic>(int, int, int, Environment const&, MAPFInstance const&, ManhattanExpander const&, ManhattanHeuristic const&)::{lambda(Location const&, Location const&)#1}>&&)
calls=9442 -22 
* 254934
* 28326

fn=(2724)
231 56652
+1 28326
cfi=(244)
cfn=(2666)
calls=9442 97 
* 66094
* 75536
+1 28326

fn=(2410) __gnu_cxx::__ops::_Iter_pred<PIBT::solve<ManhattanExpander, ManhattanHeuristic, SafePlanner>(Environment const&, MAPFInstance&, ManhattanExpander const&, ManhattanHeuristic const&, SafePlanner&, SearchMetrics&)::{lambda(bool)#1}>::_Iter_pred(PIBT::solve<ManhattanExpander, ManhattanHeuristic, SafePlanner>(Environment const&, MAPFInstance&, ManhattanExpander const&, ManhattanHeuristic const&, SafePlanner&, SearchMetrics&)::{lambda(bool)#1})
310 515
+1 309
cfi=(244)
cfn=(2408)
calls=103 97 
* 721
+1 309

fn=(2414) __gnu_cxx::__ops::_Iter_negate<PIBT::solve<ManhattanExpander, ManhattanHeuristic, SafePlanner>(Environment const&, MAPFInstance&, ManhattanExpander const&, ManhattanHeuristic const&, SafePlanner&, SearchMetrics&)::{lambda(bool)#1}> __gnu_cxx::__ops::__negate<PIBT::solve<ManhattanExpander, ManhattanHeuristic, SafePlanner>(Environment const&, MAPFInstance&, ManhattanExpander const&, ManhattanHeuristic const&, SafePlanner&, SearchMetrics&)::{lambda(bool)#1}>(__gnu_cxx::__ops::_Iter_pred<PIBT::solve<ManhattanExpander, ManhattanHeuristic, SafePlanner>(Environment const&, MAPFInstance&, ManhattanExpander const&, ManhattanHeuristic const&, SafePlanner&, SearchMetrics&)::{lambda(bool)#1}>)
401 721
+1 309
cfi=(244)
cfn=(2408)
calls=103 97 
* 721
* 309
cfn=(2416) __gnu_cxx::__ops::_Iter_negate<PIBT::solve<ManhattanExpander, ManhattanHeuristic, SafePlanner>(Environment const&, MAPFInstance&, ManhattanExpander const&, ManhattanHeuristic const&, SafePlanner&, SearchMetrics&)::{lambda(bool)#1}>::_Iter_negate(PIBT::solve<ManhattanExpander, ManhattanHeuristic, SafePlanner>(Environment const&, MAPFInstance&, ManhattanExpander const&, ManhattanHeuristic const&, SafePlanner&, SearchMetrics&)::{lambda(bool)#1})
calls=103 -15 
* 1854
* 618

fn=(2420)
394 57278
+1 17624
cfi=(239)
cfn=(2422) std::_Bit_iterator::operator*() const
calls=4406 -69 
* 211488
* 22030
cfi=(239)
cfn=(2426)
calls=4406 99 
* 61684
* 17624
cfi=(256)
cfn=(2428)
calls=4406 97 
* 39654
* 30842

fn=(2626)
231 58770
+1 29385
cfi=(244)
cfn=(2558)
calls=9795 97 
* 68565
* 29385
+1 29385

fn=(2664) __gnu_cxx::__ops::_Iter_comp_iter<PIBT::solve_one_agent<ManhattanExpander, ManhattanHeuristic>(int, int, int, Environment const&, MAPFInstance const&, ManhattanExpander const&, ManhattanHeuristic const&)::{lambda(Location const&, Location const&)#1}> __gnu_cxx::__ops::__iter_comp_iter<PIBT::solve_one_agent<ManhattanExpander, ManhattanHeuristic>(int, int, int, Environment const&, MAPFInstance const&, ManhattanExpander const&, ManhattanHeuristic const&)::{lambda(Location const&, Location const&)#1}>(PIBT::solve_one_agent<ManhattanExpander, ManhattanHeuristic>(int, int, int, Environment const&, MAPFInstance const&, ManhattanExpander const&, ManhattanHeuristic const&)::{lambda(Location const&, Location const&)#1})
164 23100
+1 9240
cfi=(244)
cfn=(2666)
calls=4620 -68 
* 32340
* 55440
cfn=(2668)
calls=4620 -15 
* 115500
* 18480

fn=(2906)
269 38234
+1 27310
cfi=(247)
cfn=(2126)
calls=5462 1099 
* 43696
* 16386
cfi=(255)
cfn=(2454)
calls=5462 7 
* 138167
* 16386

fn=(2556) __gnu_cxx::__ops::_Iter_comp_iter<PIBT::solve<ManhattanExpander, ManhattanHeuristic, SafePlanner>(Environment const&, MAPFInstance&, ManhattanExpander const&, ManhattanHeuristic const&, SafePlanner&, SearchMetrics&)::{lambda(unsigned long, unsigned long)#1}> __gnu_cxx::__ops::__iter_comp_iter<PIBT::solve<ManhattanExpander, ManhattanHeuristic, SafePlanner>(Environment const&, MAPFInstance&, ManhattanExpander const&, ManhattanHeuristic const&, SafePlanner&, SearchMetrics&)::{lambda(unsigned long, unsigned long)#1}>(PIBT::solve<ManhattanExpander, ManhattanHeuristic, SafePlanner>(Environment const&, MAPFInstance&, ManhattanExpander const&, ManhattanHeuristic const&, SafePlanner&, SearchMetrics&)::{lambda(unsigned long, unsigned long)#1})
164 816
+1 306
cfi=(244)
cfn=(2558)
calls=102 -68 
* 714
* 510
cfn=(2560)
calls=102 -15 
* 2244
* 612

fn=(2406) __gnu_cxx::__ops::_Iter_pred<PIBT::solve<ManhattanExpander, ManhattanHeuristic, SafePlanner>(Environment const&, MAPFInstance&, ManhattanExpander const&, ManhattanHeuristic const&, SafePlanner&, SearchMetrics&)::{lambda(bool)#1}> __gnu_cxx::__ops::__pred_iter<PIBT::solve<ManhattanExpander, ManhattanHeuristic, SafePlanner>(Environment const&, MAPFInstance&, ManhattanExpander const&, ManhattanHeuristic const&, SafePlanner&, SearchMetrics&)::{lambda(bool)#1}>(PIBT::solve<ManhattanExpander, ManhattanHeuristic, SafePlanner>(Environment const&, MAPFInstance&, ManhattanExpander const&, ManhattanHeuristic const&, SafePlanner&, SearchMetrics&)::{lambda(bool)#1})
324 721
+1 309
cfi=(244)
cfn=(2408)
calls=103 97 
* 721
* 309
cfn=(2410)
calls=103 -15 
* 1854
* 618

fn=(2416)
387 515
+1 309
cfi=(244)
cfn=(2408)
calls=103 97 
* 721
+1 309

fn=(2630) bool __gnu_cxx::__ops::_Val_comp_iter<PIBT::solve<ManhattanExpander, ManhattanHeuristic, SafePlanner>(Environment const&, MAPFInstance&, ManhattanExpander const&, ManhattanHeuristic const&, SafePlanner&, SearchMetrics&)::{lambda(unsigned long, unsigned long)#1}>::operator()<unsigned long, __gnu_cxx::__normal_iterator<unsigned long*, std::vector<unsigned long, std::allocator<unsigned long> > > >(unsigned long&, __gnu_cxx::__normal_iterator<unsigned long*, std::vector<unsigned long, std::allocator<unsigned long> > >)
239 274096
+1 137048
cfi=(247)
cfn=(2550)
calls=34262 1099 
* 274096
* 205572
cfi=(256)
cfn=(2584)
calls=34262 -94 
* 1747362
* 102786

fn=(2728) bool __gnu_cxx::__ops::_Val_comp_iter<PIBT::solve_one_agent<ManhattanExpander, ManhattanHeuristic>(int, int, int, Environment const&, MAPFInstance const&, ManhattanExpander const&, ManhattanHeuristic const&)::{lambda(Location const&, Location const&)#1}>::operator()<Location, Location*>(Location&, Location*)
239 81312
+1 69696
cfi=(256)
cfn=(2706)
calls=11616 26 
* 1823712
* 23232

fn=(2900)
262 21275
+1 12765
+1 12765

fl=(249)
fn=(1976) Location* std::__uninitialized_copy<true>::__uninit_copy<__gnu_cxx::__normal_iterator<Location const*, std::vector<Location, std::allocator<Location> > >, Location*>(__gnu_cxx::__normal_iterator<Location const*, std::vector<Location, std::allocator<Location> > >, __gnu_cxx::__normal_iterator<Location const*, std::vector<Location, std::allocator<Location> > >, Location*)
145 707
+2 606
cfi=(242)
cfn=(1978)
calls=101 624 
* 28724
* 202

fn=(2258) std::vector<Location, std::allocator<Location> >* std::__uninitialized_default_n<std::vector<Location, std::allocator<Location> >*, unsigned long>(std::vector<Location, std::allocator<Location> >*, unsigned long)
696 6
+11 1
+5 5
cfn=(2260) std::vector<Location, std::allocator<Location> >* std::__uninitialized_default_n_1<false>::__uninit_default_n<std::vector<Location, std::allocator<Location> >*, unsigned long>(std::vector<Location, std::allocator<Location> >*, unsigned long)
calls=1 -75 
* 9314
+1 2

fn=(1896)
1141 675800
+6 202740
cfi=(242)
cfn=(1898)
calls=67580 316 
* 473060
* 270320
cfi=(242)
cfn=(1898)
calls=67580 316 
* 473060
* 270320
cfi=(242)
cfn=(1898)
calls=67580 316 
* 473060
* 405480
cfn=(1900) std::enable_if<std::__is_bitwise_relocatable<Location, void>::value, Location*>::type std::__relocate_a_1<Location, Location>(Location*, Location*, Location*, std::allocator<Location>&)
calls=67580 -33 
* 2457326
+3 337900

fn=(2172) std::enable_if<std::__is_bitwise_relocatable<int, void>::value, int*>::type std::__relocate_a_1<int, int>(int*, int*, int*, std::allocator<int>&)
1114 256
+4 128
+1 64
+12 98
cob=(4)
cfi=(175)
cfn=(1904)
calls=14 0 
* 258
+2 128
+1 64

fn=(2370)
393 1512
+6 504
cfi=(247)
cfn=(2372)
calls=168 1832 
* 6888
* 672
cfi=(247)
cfn=(2372)
calls=168 1832 
* 6888
* 1176
cfn=(2378) Location* std::__uninitialized_copy_a<std::move_iterator<Location*>, Location*, Location>(std::move_iterator<Location*>, std::move_iterator<Location*>, Location*, std::allocator<Location>&)
calls=168 -33 
* 42000
+2 504

fn=(2378)
366 1344
+7 1008
cfn=(2380) Location* std::uninitialized_copy<std::move_iterator<Location*>, Location*>(std::move_iterator<Location*>, std::move_iterator<Location*>, Location*)
calls=168 163 
* 39312
+1 336

fn=(2520)
777 714
+2 510
cfn=(2522) unsigned long* std::__uninitialized_default_n<unsigned long*, unsigned long>(unsigned long*, unsigned long)
calls=102 -83 
* 86190
* 204

fn=(2800) std::vector<Location, std::allocator<Location> >* std::__do_uninit_copy<__gnu_cxx::__normal_iterator<std::vector<Location, std::allocator<Location> > const*, std::vector<std::vector<Location, std::allocator<Location> >, std::allocator<std::vector<Location, std::allocator<Location> > > > >, std::vector<Location, std::allocator<Location> >*>(__gnu_cxx::__normal_iterator<std::vector<Location, std::allocator<Location> > const*, std::vector<std::vector<Location, std::allocator<Location> >, std::allocator<std::vector<Location, std::allocator<Location> > > > >, __gnu_cxx::__normal_iterator<std::vector<Location, std::allocator<Location> > const*, std::vector<std::vector<Location, std::allocator<Location> >, std::allocator<std::vector<Location, std::allocator<Location> > > > >, std::vector<Location, std::allocator<Location> >*)
113 8
+3 2
+3 1
+1 300
cfi=(247)
cfn=(2450)
calls=100 1099 
* 800
* 400
cfi=(244)
cfn=(2262)
calls=100 -69 
* 700
* 300
cfi=(251)
cfn=(2802)
calls=100 -11 
* 84953
-1 300
cfi=(247)
cfn=(2456)
calls=100 1109 
* 1200
* 600
cfi=(247)
cfn=(2446)
calls=100 1241 
* 3400
* 5
cfi=(247)
cfn=(2446)
calls=1 1241 
* 34
* 202
+2 2
+7 3

fn=(2260)
637 6
+2 2
+3 1
+1 300
cfi=(244)
cfn=(2262)
calls=100 51 
* 700
* 200
cfi=(251)
cfn=(2264)
calls=100 109 
* 7700
-1 402
+2 1
+7 2

fn=(2272) std::vector<Location, std::allocator<Location> >* std::__relocate_a_1<std::vector<Location, std::allocator<Location> >*, std::vector<Location, std::allocator<Location> >*, std::allocator<std::vector<Location, std::allocator<Location> > > >(std::vector<Location, std::allocator<Location> >*, std::vector<Location, std::allocator<Location> >*, std::vector<Location, std::allocator<Location> >*, std::allocator<std::vector<Location, std::allocator<Location> > >&)
1091 9
+12 2
+1 4
+3 1
+1 3

fn=(2354)
465 672
+7 504
cfn=(2356) Location* std::uninitialized_fill_n<Location*, unsigned long, Location>(Location*, unsigned long, Location const&)
calls=84 312 
* 16296
+1 168

fn=(2356)
312 588
+7 84
+8 504
cfn=(2358) Location* std::__uninitialized_fill_n<true>::__uninit_fill_n<Location*, unsigned long, Location>(Location*, unsigned long, Location const&)
calls=84 -35 
* 14952
+1 168

fn=(1900)
1114 540640
+4 473060
+1 135160
+12 273856
cob=(4)
cfi=(175)
cfn=(1904)
calls=24896 0 
* 358810
+2 540640
+1 135160

fn=(1972)
366 808
+7 606
cfn=(1974) Location* std::uninitialized_copy<__gnu_cxx::__normal_iterator<Location const*, std::vector<Location, std::allocator<Location> > >, Location*>(__gnu_cxx::__normal_iterator<Location const*, std::vector<Location, std::allocator<Location> > >, __gnu_cxx::__normal_iterator<Location const*, std::vector<Location, std::allocator<Location> > >, Location*)
calls=101 163 
* 31956
+1 202

fn=(2168)
1141 320
+6 96
cfi=(242)
cfn=(2170)
calls=32 316 
* 224
* 128
cfi=(242)
cfn=(2170)
calls=32 316 
* 224
* 128
cfi=(242)
cfn=(2170)
calls=32 316 
* 224
* 192
cfn=(2172)
calls=32 -33 
* 996
+3 160

fn=(2256)
777 7
+2 5
cfn=(2258)
calls=1 -83 
* 9328
* 2

fn=(2358)
292 588
+2 504
cfi=(242)
cfn=(2360)
calls=84 1152 
* 13692
* 168

fn=(2380)
163 1176
+11 168
+7 168
+4 1008
cfn=(2382) Location* std::__uninitialized_copy<true>::__uninit_copy<std::move_iterator<Location*>, Location*>(std::move_iterator<Location*>, std::move_iterator<Location*>, Location*)
calls=168 -40 
* 36456
+1 336

fn=(2524) unsigned long* std::__uninitialized_default_n_1<true>::__uninit_default_n<unsigned long*, unsigned long>(unsigned long*, unsigned long)
660 612
+2 204
+3 306
cfi=(244)
cfn=(1742)
calls=102 51 
* 714
* 102
+1 306
cfi=(251)
cfn=(2526)
calls=102 109 
* 2142
+1 102
+1 714
cfi=(242)
cfn=(2528)
calls=102 1152 
* 79152
* 102
+2 102
+1 204

fn=(1974)
163 707
+11 101
+7 101
+4 606
cfn=(1976)
calls=101 -40 
* 30239
+1 202

fn=(2268)
1141 10
+6 3
cfi=(242)
cfn=(2270)
calls=1 316 
* 7
* 4
cfi=(242)
cfn=(2270)
calls=1 316 
* 7
* 4
cfi=(242)
cfn=(2270)
calls=1 316 
* 7
* 6
cfn=(2272)
calls=1 -56 
* 19
+3 5

fn=(2338)
1141 320
+6 96
cfi=(242)
cfn=(2340)
calls=32 316 
* 224
* 128
cfi=(242)
cfn=(2340)
calls=32 316 
* 224
* 128
cfi=(242)
cfn=(2340)
calls=32 316 
* 224
* 192
cfn=(2342) std::enable_if<std::__is_bitwise_relocatable<float, void>::value, float*>::type std::__relocate_a_1<float, float>(float*, float*, float*, std::allocator<float>&)
calls=32 -33 
* 996
+3 160

fn=(2382)
145 1176
+2 1008
cfi=(242)
cfn=(2384)
calls=168 624 
* 33936
* 336

fn=(2796) std::vector<Location, std::allocator<Location> >* std::uninitialized_copy<__gnu_cxx::__normal_iterator<std::vector<Location, std::allocator<Location> > const*, std::vector<std::vector<Location, std::allocator<Location> >, std::allocator<std::vector<Location, std::allocator<Location> > > > >, std::vector<Location, std::allocator<Location> >*>(__gnu_cxx::__normal_iterator<std::vector<Location, std::allocator<Location> > const*, std::vector<std::vector<Location, std::allocator<Location> >, std::allocator<std::vector<Location, std::allocator<Location> > > > >, __gnu_cxx::__normal_iterator<std::vector<Location, std::allocator<Location> > const*, std::vector<std::vector<Location, std::allocator<Location> >, std::allocator<std::vector<Location, std::allocator<Location> > > > >, std::vector<Location, std::allocator<Location> >*)
163 7
+11 1
+7 1
+4 6
cfn=(2798) std::vector<Location, std::allocator<Location> >* std::__uninitialized_copy<false>::__uninit_copy<__gnu_cxx::__normal_iterator<std::vector<Location, std::allocator<Location> > const*, std::vector<std::vector<Location, std::allocator<Location> >, std::allocator<std::vector<Location, std::allocator<Location> > > > >, std::vector<Location, std::allocator<Location> >*>(__gnu_cxx::__normal_iterator<std::vector<Location, std::allocator<Location> > const*, std::vector<std::vector<Location, std::allocator<Location> >, std::allocator<std::vector<Location, std::allocator<Location> > > > >, __gnu_cxx::__normal_iterator<std::vector<Location, std::allocator<Location> > const*, std::vector<std::vector<Location, std::allocator<Location> >, std::allocator<std::vector<Location, std::allocator<Location> > > > >, std::vector<Location, std::allocator<Location> >*)
calls=1 -50 
* 93225
+1 2

fn=(2342)
1114 256
+4 128
+1 64
+12 98
cob=(4)
cfi=(175)
cfn=(1904)
calls=14 0 
* 258
+2 128
+1 64

fn=(2522)
696 612
+11 102
+5 510
cfn=(2524)
calls=102 -52 
* 84762
+1 204

fn=(2798)
135 7
+2 6
cfn=(2800)
calls=1 -24 
* 93210
* 2

fn=(2794)
366 8
+7 6
cfn=(2796)
calls=1 163 
* 93242
+1 2

fl=(277)
fn=(2968)
116 131280
+1 78768
cfn=(2970) __gnu_cxx::__aligned_buffer<std::pair<Location const, unsigned long> >::_M_addr()
calls=26256 -13 
* 183792
* 52512

fn=(3096)
120 59980
+1 35988
cfn=(3098) __gnu_cxx::__aligned_buffer<std::pair<Location const, unsigned long> >::_M_addr() const
calls=11996 -11 
* 83972
* 23992

fn=(2970)
104 105024
+2 26256
+1 52512

fn=(3098)
110 47984
+2 11996
+1 23992

fl=(264)
fn=(2462) std::_Tuple_impl<0ul, Location, int>::_Tuple_impl<Location const&, int&, void>(Location const&, int&)
291 800
+2 400
cfi=(244)
cfn=(2460)
calls=100 70 
* 700
* 300
cfn=(2464) std::_Tuple_impl<1ul, int>::_Tuple_impl<int&>(int&)
calls=100 513 
* 4700
* 500
cfi=(244)
cfn=(1884)
calls=100 70 
* 700
* 300
cfn=(2468) std::_Head_base<0ul, Location, false>::_Head_base(Location const&)
calls=100 193 
* 1400
+1 400

fn=(2468)
193 2325
+1 4185

fn=(2482) std::_Tuple_impl<1ul, int>::_M_head(std::_Tuple_impl<1ul, int>&)
497 3720
cfn=(2484) std::_Head_base<1ul, int, false>::_M_head(std::_Head_base<1ul, int, false>&)
calls=465 234 
* 3255
* 930

fn=(3162) std::_Head_base<0ul, Location const&, false>::_Head_base(Location const&)
193 21275
+1 25530

fn=(2458)
1345 900
+2 400
cfi=(244)
cfn=(2460)
calls=100 70 
* 700
* 400
cfi=(244)
cfn=(1884)
calls=100 70 
* 700
* 400
cfn=(2462)
calls=100 291 
* 10200
* 600

fn=(3178)
903 46805
cfn=(3180) std::_Tuple_impl<0ul, Location const&>::_Tuple_impl(std::_Tuple_impl<0ul, Location const&>&&)
calls=4255 527 
* 51060
* 12765

fn=(2768)
1331 2555
+2 2190
cfn=(2770) std::_Tuple_impl<0ul, Location, int>::_Tuple_impl(Location const&, int const&)
calls=365 284 
* 22265
* 1095

fn=(2772) std::_Tuple_impl<1ul, int>::_Tuple_impl(int const&)
507 2190
+1 1825
cfn=(2774) std::_Head_base<1ul, int, false>::_Head_base(int const&)
calls=365 193 
* 4380
+1 1095

fn=(2774)
193 1825
+1 2555

fn=(3158)
874 25530
+2 21275
cfn=(3160) std::_Tuple_impl<0ul, Location const&>::_Tuple_impl(Location const&)
calls=4255 507 
* 106375
* 12765

fn=(3190) std::_Tuple_impl<0ul, Location const&>::_M_head(std::_Tuple_impl<0ul, Location const&>&)
497 34040
cfn=(3192) std::_Head_base<0ul, Location const&, false>::_M_head(std::_Head_base<0ul, Location const&, false>&)
calls=4255 234 
* 34040
* 8510

fn=(2474) std::_Tuple_impl<0ul, Location, int>::_M_head(std::_Tuple_impl<0ul, Location, int>&)
269 4185
cfn=(2476) std::_Head_base<0ul, Location, false>::_M_head(std::_Head_base<0ul, Location, false>&)
calls=465 -35 
* 3255
* 930

fn=(3160)
507 25530
+1 21275
cfn=(3162)
calls=4255 193 
* 46805
+1 12765

fn=(2478)
1815 2325
+3 1395
cfn=(2480) int& std::__get_helper<1ul, int>(std::_Tuple_impl<1ul, int>&)
calls=465 -31 
* 12555
* 930
cfi=(244)
cfn=(2486)
calls=465 70 
* 3255
+1 930

fn=(3180)
527 21275
+2 17020
+1 12765

fn=(3184) std::pair<Location const, unsigned long>::pair<Location const&, 0ul>(std::tuple<Location const&>&, std::tuple<>&, std::_Index_tuple<0ul>, std::_Index_tuple<>)
2264 29785
+3 12765
cfn=(3186) std::tuple_element<0ul, std::tuple<Location const&> >::type& std::get<0ul, Location const&>(std::tuple<Location const&>&)
calls=4255 1803 
* 161690
* 8510
cfi=(244)
cfn=(1884)
calls=4255 70 
* 29785
* 21275
+1 8510
+1 12765

fn=(3186)
1803 21275
+1 12765
cfn=(3188) Location const& std::__get_helper<0ul, Location const&>(std::_Tuple_impl<0ul, Location const&>&)
calls=4255 -17 
* 119140
* 8510

fn=(3192)
234 34040

fn=(2464)
513 700
+1 400
cfi=(244)
cfn=(2460)
calls=100 70 
* 700
* 300
cfn=(2466) std::_Head_base<1ul, int, false>::_Head_base<int&>(int&)
calls=100 200 
* 2200
+1 400

fn=(2466)
200 600
+1 300
cfi=(244)
cfn=(2460)
calls=100 70 
* 700
* 600

fn=(2470)
1815 2325
+3 1395
cfn=(2472) Location& std::__get_helper<0ul, Location, int>(std::_Tuple_impl<0ul, Location, int>&)
calls=465 -31 
* 13020
* 930
cfi=(244)
cfn=(2114)
calls=465 70 
* 3255
+1 930

fn=(2480)
1787 2325
+1 1395
cfn=(2482)
calls=465 497 
* 7905
* 930

fn=(3182)
2252 25530
+5 25530
cfn=(3184)
calls=4255 +7 
* 285085
+1 12765

fn=(3188)
1787 21275
+1 12765
cfn=(3190)
calls=4255 497 
* 76590
* 8510

fn=(2472)
1787 2325
+1 1395
cfn=(2474)
calls=465 269 
* 8370
* 930

fn=(2476)
234 3255

fn=(2770)
284 2555
+1 1825
cfn=(2772)
calls=365 507 
* 9490
* 2190
cfn=(2468)
calls=365 -92 
* 5110
+1 1095

fn=(2484)
234 3255

fl=(265)
fn=(2544)
88 816
+9 102
+2 51000
cfi=(247)
cfn=(2550)
calls=10200 1099 
* 81600
* 10200
+1 10200
-3 30600
cfi=(247)
cfn=(2552)
calls=10200 1109 
* 122400
* 51510
cfi=(247)
cfn=(2546)
calls=10302 1241 
* 350268
* 20604
+5 510

fl=(220)
fn=(1346)
541 126
+6 42
+4 84

fl=(261)
fn=(2562) void std::__sort<__gnu_cxx::__normal_iterator<unsigned long*, std::vector<unsigned long, std::allocator<unsigned long> > >, __gnu_cxx::__ops::_Iter_comp_iter<PIBT::solve<ManhattanExpander, ManhattanHeuristic, SafePlanner>(Environment const&, MAPFInstance&, ManhattanExpander const&, ManhattanHeuristic const&, SafePlanner&, SearchMetrics&)::{lambda(unsigned long, unsigned long)#1}> >(__gnu_cxx::__normal_iterator<unsigned long*, std::vector<unsigned long, std::allocator<unsigned long> > >, __gnu_cxx::__normal_iterator<unsigned long*, std::vector<unsigned long, std::allocator<unsigned long> > >, __gnu_cxx::__ops::_Iter_comp_iter<PIBT::solve<ManhattanExpander, ManhattanHeuristic, SafePlanner>(Environment const&, MAPFInstance&, ManhattanExpander const&, ManhattanHeuristic const&, SafePlanner&, SearchMetrics&)::{lambda(unsigned long, unsigned long)#1}>)
1942 714
+3 510
cfi=(247)
cfn=(2546)
calls=102 1241 
* 3468
* 204
+3 510
cfi=(247)
cfn=(2564)
calls=102 1334 
* 3672
* 204
cfi=(242)
cfn=(2566)
calls=102 1515 
* 4284
-1 816
cfn=(2572) void std::__introsort_loop<__gnu_cxx::__normal_iterator<unsigned long*, std::vector<unsigned long, std::allocator<unsigned long> > >, long, __gnu_cxx::__ops::_Iter_comp_iter<PIBT::solve<ManhattanExpander, ManhattanHeuristic, SafePlanner>(Environment const&, MAPFInstance&, ManhattanExpander const&, ManhattanHeuristic const&, SafePlanner&, SearchMetrics&)::{lambda(unsigned long, unsigned long)#1}> >(__gnu_cxx::__normal_iterator<unsigned long*, std::vector<unsigned long, std::allocator<unsigned long> > >, __gnu_cxx::__normal_iterator<unsigned long*, std::vector<unsigned long, std::allocator<unsigned long> > >, long, __gnu_cxx::__ops::_Iter_comp_iter<PIBT::solve<ManhattanExpander, ManhattanHeuristic, SafePlanner>(Environment const&, MAPFInstance&, ManhattanExpander const&, ManhattanHeuristic const&, SafePlanner&, SearchMetrics&)::{lambda(unsigned long, unsigned long)#1}>)
calls=102 -29 
* 6474729
+3 612
cfn=(2598) void std::__final_insertion_sort<__gnu_cxx::__normal_iterator<unsigned long*, std::vector<unsigned long, std::allocator<unsigned long> > >, __gnu_cxx::__ops::_Iter_comp_iter<PIBT::solve<ManhattanExpander, ManhattanHeuristic, SafePlanner>(Environment const&, MAPFInstance&, ManhattanExpander const&, ManhattanHeuristic const&, SafePlanner&, SearchMetrics&)::{lambda(unsigned long, unsigned long)#1}> >(__gnu_cxx::__normal_iterator<unsigned long*, std::vector<unsigned long, std::allocator<unsigned long> > >, __gnu_cxx::__normal_iterator<unsigned long*, std::vector<unsigned long, std::allocator<unsigned long> > >, __gnu_cxx::__ops::_Iter_comp_iter<PIBT::solve<ManhattanExpander, ManhattanHeuristic, SafePlanner>(Environment const&, MAPFInstance&, ManhattanExpander const&, ManhattanHeuristic const&, SafePlanner&, SearchMetrics&)::{lambda(unsigned long, unsigned long)#1}>)
calls=102 -96 
* 6472357
+2 306

fn=(2580) void std::__move_median_to_first<__gnu_cxx::__normal_iterator<unsigned long*, std::vector<unsigned long, std::allocator<unsigned long> > >, __gnu_cxx::__ops::_Iter_comp_iter<PIBT::solve<ManhattanExpander, ManhattanHeuristic, SafePlanner>(Environment const&, MAPFInstance&, ManhattanExpander const&, ManhattanHeuristic const&, SafePlanner&, SearchMetrics&)::{lambda(unsigned long, unsigned long)#1}> >(__gnu_cxx::__normal_iterator<unsigned long*, std::vector<unsigned long, std::allocator<unsigned long> > >, __gnu_cxx::__normal_iterator<unsigned long*, std::vector<unsigned long, std::allocator<unsigned long> > >, __gnu_cxx::__normal_iterator<unsigned long*, std::vector<unsigned long, std::allocator<unsigned long> > >, __gnu_cxx::__normal_iterator<unsigned long*, std::vector<unsigned long, std::allocator<unsigned long> > >, __gnu_cxx::__ops::_Iter_comp_iter<PIBT::solve<ManhattanExpander, ManhattanHeuristic, SafePlanner>(Environment const&, MAPFInstance&, ManhattanExpander const&, ManhattanHeuristic const&, SafePlanner&, SearchMetrics&)::{lambda(unsigned long, unsigned long)#1}>)
85 8640
+3 5760
cfi=(262)
cfn=(2582)
calls=960 +69 
* 90240
* 1920
+2 2922
cfi=(262)
cfn=(2582)
calls=487 +67 
* 45778
* 974
+1 1235
cfi=(242)
cfn=(2586)
calls=247 +64 
* 22230
+12 247
-11 1440
cfi=(262)
cfn=(2582)
calls=240 +65 
* 22560
* 480
+1 640
cfi=(242)
cfn=(2586)
calls=128 +62 
* 11520
+10 128
-8 560
cfi=(242)
cfn=(2586)
calls=112 +60 
* 10080
+8 112
-6 2838
cfi=(262)
cfn=(2582)
calls=473 +60 
* 44462
* 946
+1 985
cfi=(242)
cfn=(2586)
calls=197 +57 
* 17730
+5 197
-4 1656
cfi=(262)
cfn=(2582)
calls=276 +58 
* 25944
* 552
+1 810
cfi=(242)
cfn=(2586)
calls=162 +55 
* 14580
+3 162
-1 570
cfi=(242)
cfn=(2586)
calls=114 +53 
* 10260
+1 2880

fn=(2632) void std::__unguarded_insertion_sort<__gnu_cxx::__normal_iterator<unsigned long*, std::vector<unsigned long, std::allocator<unsigned long> > >, __gnu_cxx::__ops::_Iter_comp_iter<PIBT::solve<ManhattanExpander, ManhattanHeuristic, SafePlanner>(Environment const&, MAPFInstance&, ManhattanExpander const&, ManhattanHeuristic const&, SafePlanner&, SearchMetrics&)::{lambda(unsigned long, unsigned long)#1}> >(__gnu_cxx::__normal_iterator<unsigned long*, std::vector<unsigned long, std::allocator<unsigned long> > >, __gnu_cxx::__normal_iterator<unsigned long*, std::vector<unsigned long, std::allocator<unsigned long> > >, __gnu_cxx::__ops::_Iter_comp_iter<PIBT::solve<ManhattanExpander, ManhattanHeuristic, SafePlanner>(Environment const&, MAPFInstance&, ManhattanExpander const&, ManhattanHeuristic const&, SafePlanner&, SearchMetrics&)::{lambda(unsigned long, unsigned long)#1}>)
1836 1020
+3 306
+1 25704
cfi=(262)
cfn=(2622)
calls=8568 252 
* 436968
* 42840
cfn=(2628) void std::__unguarded_linear_insert<__gnu_cxx::__normal_iterator<unsigned long*, std::vector<unsigned long, std::allocator<unsigned long> > >, __gnu_cxx::__ops::_Val_comp_iter<PIBT::solve<ManhattanExpander, ManhattanHeuristic, SafePlanner>(Environment const&, MAPFInstance&, ManhattanExpander const&, ManhattanHeuristic const&, SafePlanner&, SearchMetrics&)::{lambda(unsigned long, unsigned long)#1}> >(__gnu_cxx::__normal_iterator<unsigned long*, std::vector<unsigned long, std::allocator<unsigned long> > >, __gnu_cxx::__ops::_Val_comp_iter<PIBT::solve<ManhattanExpander, ManhattanHeuristic, SafePlanner>(Environment const&, MAPFInstance&, ManhattanExpander const&, ManhattanHeuristic const&, SafePlanner&, SearchMetrics&)::{lambda(unsigned long, unsigned long)#1}>)
calls=8568 -48 
* 4369854
-1 25704
cfi=(247)
cfn=(2552)
calls=8568 1109 
* 102816
* 43350
cfi=(247)
cfn=(2546)
calls=8670 1241 
* 294780
* 17340
+3 612

fn=(2698) void std::__merge_sort_with_buffer<Location*, Location*, __gnu_cxx::__ops::_Iter_comp_iter<PIBT::solve_one_agent<ManhattanExpander, ManhattanHeuristic>(int, int, int, Environment const&, MAPFInstance const&, ManhattanExpander const&, ManhattanHeuristic const&)::{lambda(Location const&, Location const&)#1}> >(Location*, Location*, Location*, __gnu_cxx::__ops::_Iter_comp_iter<PIBT::solve_one_agent<ManhattanExpander, ManhattanHeuristic>(int, int, int, Environment const&, MAPFInstance const&, ManhattanExpander const&, ManhattanHeuristic const&)::{lambda(Location const&, Location const&)#1}>)
2716 64680
+7 64680
+1 83160
+2 9240
+1 129360
cfn=(2700) void std::__chunk_insertion_sort<Location*, long, __gnu_cxx::__ops::_Iter_comp_iter<PIBT::solve_one_agent<ManhattanExpander, ManhattanHeuristic>(int, int, int, Environment const&, MAPFInstance const&, ManhattanExpander const&, ManhattanHeuristic const&)::{lambda(Location const&, Location const&)#1}> >(Location*, Location*, long, __gnu_cxx::__ops::_Iter_comp_iter<PIBT::solve_one_agent<ManhattanExpander, ManhattanHeuristic>(int, int, int, Environment const&, MAPFInstance const&, ManhattanExpander const&, ManhattanHeuristic const&)::{lambda(Location const&, Location const&)#1}>)
calls=9240 -27 
* 7863664
* 9240
+2 36960
+9 36960

fn=(2730) void std::__merge_adaptive<Location*, long, Location*, __gnu_cxx::__ops::_Iter_comp_iter<PIBT::solve_one_agent<ManhattanExpander, ManhattanHeuristic>(int, int, int, Environment const&, MAPFInstance const&, ManhattanExpander const&, ManhattanHeuristic const&)::{lambda(Location const&, Location const&)#1}> >(Location*, Location*, Location*, long, long, Location*, __gnu_cxx::__ops::_Iter_comp_iter<PIBT::solve_one_agent<ManhattanExpander, ManhattanHeuristic>(int, int, int, Environment const&, MAPFInstance const&, ManhattanExpander const&, ManhattanHeuristic const&)::{lambda(Location const&, Location const&)#1}>)
2401 46200
+6 13860
+2 13152
cfi=(242)
cfn=(2732)
calls=2192 657 
* 407201
* 2192
+1 37264
cfn=(2740) void std::__move_merge_adaptive<Location*, Location*, Location*, __gnu_cxx::__ops::_Iter_comp_iter<PIBT::solve_one_agent<ManhattanExpander, ManhattanHeuristic>(int, int, int, Environment const&, MAPFInstance const&, ManhattanExpander const&, ManhattanHeuristic const&)::{lambda(Location const&, Location const&)#1}> >(Location*, Location*, Location*, Location*, Location*, __gnu_cxx::__ops::_Iter_comp_iter<PIBT::solve_one_agent<ManhattanExpander, ManhattanHeuristic>(int, int, int, Environment const&, MAPFInstance const&, ManhattanExpander const&, ManhattanHeuristic const&)::{lambda(Location const&, Location const&)#1}>)
calls=2192 2294 
* 1743787
* 2192
+9 2192
-4 14568
cfi=(242)
cfn=(2732)
calls=2428 657 
* 441371
* 2428
+1 41276
cfn=(2734) void std::__move_merge_adaptive_backward<Location*, Location*, Location*, __gnu_cxx::__ops::_Iter_comp_iter<PIBT::solve_one_agent<ManhattanExpander, ManhattanHeuristic>(int, int, int, Environment const&, MAPFInstance const&, ManhattanExpander const&, ManhattanHeuristic const&)::{lambda(Location const&, Location const&)#1}> >(Location*, Location*, Location*, Location*, Location*, __gnu_cxx::__ops::_Iter_comp_iter<PIBT::solve_one_agent<ManhattanExpander, ManhattanHeuristic>(int, int, int, Environment const&, MAPFInstance const&, ManhattanExpander const&, ManhattanHeuristic const&)::{lambda(Location const&, Location const&)#1}>)
calls=2428 -96 
* 1569869
* 2428
+3 13860

fn=(2896)
3889 29785
+8 12765
cfi=(262)
cfn=(2898)
calls=4255 276 
* 127650
* 25530
cfi=(242)
cfn=(2902)
calls=4255 2115 
* 653858
+2 8510

fn=(2554)
4882 714
+12 306
cfi=(262)
cfn=(2556)
calls=102 164 
* 5202
* 612
cfn=(2562)
calls=102 1942 
* 12962386
+1 306

fn=(2662)
5107 41580
+12 55440
cfi=(262)
cfn=(2664)
calls=4620 164 
* 254100
* 60060
cfn=(2670) void std::__stable_sort<Location*, __gnu_cxx::__ops::_Iter_comp_iter<PIBT::solve_one_agent<ManhattanExpander, ManhattanHeuristic>(int, int, int, Environment const&, MAPFInstance const&, ManhattanExpander const&, ManhattanHeuristic const&)::{lambda(Location const&, Location const&)#1}> >(Location*, Location*, __gnu_cxx::__ops::_Iter_comp_iter<PIBT::solve_one_agent<ManhattanExpander, ManhattanHeuristic>(int, int, int, Environment const&, MAPFInstance const&, ManhattanExpander const&, ManhattanHeuristic const&)::{lambda(Location const&, Location const&)#1}>)
calls=4620 -96 
* 15372964
* 4620
+2 27720

fn=(2404) std::_Bit_iterator std::find_if_not<std::_Bit_iterator, PIBT::solve<ManhattanExpander, ManhattanHeuristic, SafePlanner>(Environment const&, MAPFInstance&, ManhattanExpander const&, ManhattanHeuristic const&, SafePlanner&, SearchMetrics&)::{lambda(bool)#1}>(std::_Bit_iterator, std::_Bit_iterator, PIBT::solve<ManhattanExpander, ManhattanHeuristic, SafePlanner>(Environment const&, MAPFInstance&, ManhattanExpander const&, ManhattanHeuristic const&, SafePlanner&, SearchMetrics&)::{lambda(bool)#1})
511 1030
+8 103
cfi=(262)
cfn=(2406)
calls=103 324 
* 4532
* 721
cfn=(2412) std::_Bit_iterator std::__find_if_not<std::_Bit_iterator, __gnu_cxx::__ops::_Iter_pred<PIBT::solve<ManhattanExpander, ManhattanHeuristic, SafePlanner>(Environment const&, MAPFInstance&, ManhattanExpander const&, ManhattanHeuristic const&, SafePlanner&, SearchMetrics&)::{lambda(bool)#1}> >(std::_Bit_iterator, std::_Bit_iterator, __gnu_cxx::__ops::_Iter_pred<PIBT::solve<ManhattanExpander, ManhattanHeuristic, SafePlanner>(Environment const&, MAPFInstance&, ManhattanExpander const&, ManhattanHeuristic const&, SafePlanner&, SearchMetrics&)::{lambda(bool)#1}>)
calls=103 109 
* 669941
* 206
+1 206
+1 206

fn=(2592) __gnu_cxx::__normal_iterator<unsigned long*, std::vector<unsigned long, std::allocator<unsigned long> > > std::__unguarded_partition<__gnu_cxx::__normal_iterator<unsigned long*, std::vector<unsigned long, std::allocator<unsigned long> > >, __gnu_cxx::__ops::_Iter_comp_iter<PIBT::solve<ManhattanExpander, ManhattanHeuristic, SafePlanner>(Environment const&, MAPFInstance&, ManhattanExpander const&, ManhattanHeuristic const&, SafePlanner&, SearchMetrics&)::{lambda(unsigned long, unsigned long)#1}> >(__gnu_cxx::__normal_iterator<unsigned long*, std::vector<unsigned long, std::allocator<unsigned long> > >, __gnu_cxx::__normal_iterator<unsigned long*, std::vector<unsigned long, std::allocator<unsigned long> > >, __gnu_cxx::__normal_iterator<unsigned long*, std::vector<unsigned long, std::allocator<unsigned long> > >, __gnu_cxx::__ops::_Iter_comp_iter<PIBT::solve<ManhattanExpander, ManhattanHeuristic, SafePlanner>(Environment const&, MAPFInstance&, ManhattanExpander const&, ManhattanHeuristic const&, SafePlanner&, SearchMetrics&)::{lambda(unsigned long, unsigned long)#1}>)
1871 7680
+6 960
+1 37542
cfi=(247)
cfn=(2552)
calls=12514 1109 
* 150168
-1 122604
cfi=(262)
cfn=(2582)
calls=20434 157 
* 1920796
* 40868
+2 23760
cfi=(247)
cfn=(2594)
calls=7920 1123 
* 95040
+1 7920
+1 36771
cfi=(247)
cfn=(2594)
calls=12257 1123 
* 147084
-1 121062
cfi=(262)
cfn=(2582)
calls=20177 157 
* 1896638
* 40354
+2 39600
cfi=(247)
cfn=(2596)
calls=7920 1258 
* 269280
* 23760
+1 1920
+1 34800
cfi=(242)
cfn=(2586)
calls=6960 155 
* 626400
+1 20880
cfi=(247)
cfn=(2552)
calls=6960 1109 
* 83520
-8 6960
+10 1920

fn=(2740)
2294 19728
+4 2192
+2 41085
cfi=(262)
cfn=(2704)
calls=8217 157 
* 1413324
* 16434
+2 7455
cfi=(244)
cfn=(2110)
calls=2485 97 
* 17395
* 12425
+1 4970
+4 17196
cfi=(244)
cfn=(2110)
calls=5732 97 
* 40124
* 28660
+1 5732
+2 5732
-12 17196
+12 2485
-12 39291
+14 6576
+1 1218
cfi=(242)
cfn=(2732)
calls=203 657 
* 37993
+1 6576

fn=(2670)
5023 46200
+8 13860
+7 78540
cfi=(269)
cfn=(2672)
calls=4620 263 
* 1053360
+2 13860
cfi=(269)
cfn=(2690)
calls=4620 164 
* 36960
* 18480
cfi=(269)
cfn=(2692)
calls=4620 159 
* 36960
* 32340
+1 13860
cfi=(269)
cfn=(2694)
calls=4620 169 
* 36960
* 4620
+1 13860
cfi=(269)
cfn=(2692)
calls=4620 159 
* 36960
* 27720
-1 78540
cfn=(2696) void std::__stable_sort_adaptive<Location*, Location*, __gnu_cxx::__ops::_Iter_comp_iter<PIBT::solve_one_agent<ManhattanExpander, ManhattanHeuristic>(int, int, int, Environment const&, MAPFInstance const&, ManhattanExpander const&, ManhattanHeuristic const&)::{lambda(Location const&, Location const&)#1}> >(Location*, Location*, Location*, Location*, __gnu_cxx::__ops::_Iter_comp_iter<PIBT::solve_one_agent<ManhattanExpander, ManhattanHeuristic>(int, int, int, Environment const&, MAPFInstance const&, ManhattanExpander const&, ManhattanHeuristic const&)::{lambda(Location const&, Location const&)#1}>)
calls=4620 2742 
* 13002904
* 9240
+11 13860
cfi=(269)
cfn=(2736)
calls=4620 183 
* 771540
* 32340

fn=(2700)
2700 64680
+4 83160
+5 110880
cfn=(2702) void std::__insertion_sort<Location*, __gnu_cxx::__ops::_Iter_comp_iter<PIBT::solve_one_agent<ManhattanExpander, ManhattanHeuristic>(int, int, int, Environment const&, MAPFInstance const&, ManhattanExpander const&, ManhattanHeuristic const&)::{lambda(Location const&, Location const&)#1}> >(Location*, Location*, __gnu_cxx::__ops::_Iter_comp_iter<PIBT::solve_one_agent<ManhattanExpander, ManhattanHeuristic>(int, int, int, Environment const&, MAPFInstance const&, ManhattanExpander const&, ManhattanHeuristic const&)::{lambda(Location const&, Location const&)#1}>)
calls=9240 1812 
* 7567984
* 9240
+1 27720

fn=(2702)
1812 83160
+3 27720
+2 35500
+2 75535
cfi=(262)
cfn=(2704)
calls=15107 157 
* 2598404
* 30214
+3 16995
cfi=(244)
cfn=(2110)
calls=5665 97 
* 39655
* 22660
+1 39655
cfi=(242)
cfn=(2708)
calls=5665 892 
* 1095033
+1 16995
cfi=(244)
cfn=(2110)
calls=5665 97 
* 39655
* 33990
+3 113304
cfi=(262)
cfn=(2720)
calls=9442 252 
* 462658
* 122746
cfn=(2726) void std::__unguarded_linear_insert<Location*, __gnu_cxx::__ops::_Val_comp_iter<PIBT::solve_one_agent<ManhattanExpander, ManhattanHeuristic>(int, int, int, Environment const&, MAPFInstance const&, ManhattanExpander const&, ManhattanHeuristic const&)::{lambda(Location const&, Location const&)#1}> >(Location*, __gnu_cxx::__ops::_Val_comp_iter<PIBT::solve_one_agent<ManhattanExpander, ManhattanHeuristic>(int, int, int, Environment const&, MAPFInstance const&, ManhattanExpander const&, ManhattanHeuristic const&)::{lambda(Location const&, Location const&)#1}>)
calls=9442 -35 
* 2562170
* 9442
-10 95928
-2 365
+15 46200

fn=(2600) void std::__insertion_sort<__gnu_cxx::__normal_iterator<unsigned long*, std::vector<unsigned long, std::allocator<unsigned long> > >, __gnu_cxx::__ops::_Iter_comp_iter<PIBT::solve<ManhattanExpander, ManhattanHeuristic, SafePlanner>(Environment const&, MAPFInstance&, ManhattanExpander const&, ManhattanHeuristic const&, SafePlanner&, SearchMetrics&)::{lambda(unsigned long, unsigned long)#1}> >(__gnu_cxx::__normal_iterator<unsigned long*, std::vector<unsigned long, std::allocator<unsigned long> > >, __gnu_cxx::__normal_iterator<unsigned long*, std::vector<unsigned long, std::allocator<unsigned long> > >, __gnu_cxx::__ops::_Iter_comp_iter<PIBT::solve<ManhattanExpander, ManhattanHeuristic, SafePlanner>(Environment const&, MAPFInstance&, ManhattanExpander const&, ManhattanHeuristic const&, SafePlanner&, SearchMetrics&)::{lambda(unsigned long, unsigned long)#1}>)
1812 1122
+3 510
cfi=(247)
cfn=(2602)
calls=102 1225 
* 3468
* 204
+2 408
cfi=(247)
cfn=(2576)
calls=102 1147 
* 3876
* 204
+2 9180
cfi=(262)
cfn=(2582)
calls=1530 157 
* 143820
* 3060
+3 909
cfi=(247)
cfn=(2550)
calls=303 1099 
* 2424
* 606
cfi=(244)
cfn=(2590)
calls=303 97 
* 2121
* 606
+1 1212
cfi=(247)
cfn=(2576)
calls=303 1147 
* 11514
* 1818
cfi=(242)
cfn=(2604)
calls=303 892 
* 86104
+1 909
cfi=(244)
cfn=(2590)
calls=303 97 
* 2121
* 1212
cfi=(247)
cfn=(2550)
calls=303 1099 
* 2424
* 606
+3 3681
cfi=(262)
cfn=(2622)
calls=1227 252 
* 62577
* 6135
cfn=(2628)
calls=1227 -35 
* 652152
-10 4590
cfi=(247)
cfn=(2552)
calls=1530 1109 
* 18360
* 8160
cfi=(247)
cfn=(2546)
calls=1632 1241 
* 55488
* 3366
+13 612

fn=(2696)
2742 41580
+5 64680
cfn=(2698)
calls=4620 -31 
* 4693752
* 4620
+1 64680
cfn=(2698)
calls=4620 -32 
* 3604192
* 4620
+3 9240
-1 23100
+1 9240
-1 106260
cfn=(2730)
calls=4620 2401 
* 4353840
* 4620
+3 18480

fn=(2402)
458 1339
+1 721
cfn=(2404)
calls=103 +52 
* 676945
* 721
cfi=(239)
cfn=(2430) std::operator==(std::_Bit_iterator_base const&, std::_Bit_iterator_base const&)
calls=103 240 
* 3107
* 515

fn=(2572)
1918 1122
+4 102
+2 598
+5 299
+2 1794
cfn=(2574) __gnu_cxx::__normal_iterator<unsigned long*, std::vector<unsigned long, std::allocator<unsigned long> > > std::__unguarded_partition_pivot<__gnu_cxx::__normal_iterator<unsigned long*, std::vector<unsigned long, std::allocator<unsigned long> > >, __gnu_cxx::__ops::_Iter_comp_iter<PIBT::solve<ManhattanExpander, ManhattanHeuristic, SafePlanner>(Environment const&, MAPFInstance&, ManhattanExpander const&, ManhattanHeuristic const&, SafePlanner&, SearchMetrics&)::{lambda(unsigned long, unsigned long)#1}> >(__gnu_cxx::__normal_iterator<unsigned long*, std::vector<unsigned long, std::allocator<unsigned long> > >, __gnu_cxx::__normal_iterator<unsigned long*, std::vector<unsigned long, std::allocator<unsigned long> > >, __gnu_cxx::__ops::_Iter_comp_iter<PIBT::solve<ManhattanExpander, ManhattanHeuristic, SafePlanner>(Environment const&, MAPFInstance&, ManhattanExpander const&, ManhattanHeuristic const&, SafePlanner&, SearchMetrics&)::{lambda(unsigned long, unsigned long)#1}>)
calls=299 -38 
* 2892117
* 299
+1 1794
cfn=(2573) void std::__introsort_loop<__gnu_cxx::__normal_iterator<unsigned long*, std::vector<unsigned long, std::allocator<unsigned long> > >, long, __gnu_cxx::__ops::_Iter_comp_iter<PIBT::solve<ManhattanExpander, ManhattanHeuristic, SafePlanner>(Environment const&, MAPFInstance&, ManhattanExpander const&, ManhattanHeuristic const&, SafePlanner&, SearchMetrics&)::{lambda(unsigned long, unsigned long)#1}> >(__gnu_cxx::__normal_iterator<unsigned long*, std::vector<unsigned long, std::allocator<unsigned long> > >, __gnu_cxx::__normal_iterator<unsigned long*, std::vector<unsigned long, std::allocator<unsigned long> > >, long, __gnu_cxx::__ops::_Iter_comp_iter<PIBT::solve<ManhattanExpander, ManhattanHeuristic, SafePlanner>(Environment const&, MAPFInstance&, ManhattanExpander const&, ManhattanHeuristic const&, SafePlanner&, SearchMetrics&)::{lambda(unsigned long, unsigned long)#1}>)'2
calls=299 -14 
* 3557451
+1 598
-11 1495
cfi=(247)
cfn=(2564)
calls=299 1334 
* 10764
* 510
cfi=(247)
cfn=(2564)
calls=102 1334 
* 3672
* 1604
+13 510

fn=(2573)
1918 10560
+4 960
+2 1322
+5 661
+2 3966
cfn=(2574)
calls=661 -38 
* 3456288
* 661
+1 3966
cfn=(2573)
calls=661 -14 
* 1855771
+1 1322
-11 3305
cfi=(247)
cfn=(2564)
calls=661 1334 
* 23796
* 4800
cfi=(247)
cfn=(2564)
calls=960 1334 
* 34560
* 6484
+13 4800

fn=(2574)
1893 10560
+3 4800
cfi=(247)
cfn=(2564)
calls=960 1334 
* 34560
* 8640
cfi=(247)
cfn=(2576)
calls=960 1147 
* 36480
* 960
+1 3840
cfi=(247)
cfn=(2578)
calls=960 1157 
* 37440
* 4800
cfi=(247)
cfn=(2576)
calls=960 1147 
* 36480
* 7680
cfn=(2580)
calls=960 85 
* 352038
+2 3840
cfi=(247)
cfn=(2576)
calls=960 1147 
* 36480
* 5760
cfn=(2592)
calls=960 -28 
* 5758287
+1 5760

fn=(2734)
2320 21852
+7 7284
+5 7284
+3 2063
+1 2063
+3 10315
cfi=(262)
cfn=(2704)
calls=2063 157 
* 354836
* 27350
cfi=(262)
cfn=(2704)
calls=5470 157 
* 940840
* 15066
+2 8751
cfi=(244)
cfn=(2110)
calls=2917 97 
* 20419
* 17502
+1 8751
+2 672
cfi=(242)
cfn=(2708)
calls=96 892 
* 18528
+1 96
+2 5642
+4 13848
cfi=(244)
cfn=(2110)
calls=4616 97 
* 32312
* 27696
+1 13848
+2 2649
-15 2649
-6 730
+20 1967
+4 4856

fn=(2412)
109 1030
fi=(332)
240 103
fe=(261)
112 103
cfi=(262)
cfn=(2414)
calls=103 401 
* 4532
* 721
cfi=(242)
cfn=(2418)
calls=103 2064 
* 662834
* 206
+2 206
+1 206

fn=(2598)
1854 714
+3 510
cfi=(247)
cfn=(2564)
calls=102 1334 
* 3672
* 408
+2 408
cfi=(247)
cfn=(2576)
calls=102 1147 
* 3876
* 612
cfn=(2600)
calls=102 -47 
* 1095559
+1 408
cfi=(247)
cfn=(2576)
calls=102 1147 
* 3876
* 612
cfn=(2632)
calls=102 -24 
* 5361294
+5 408

fn=(2628)
1792 97950
+4 29385
cfi=(247)
cfn=(2550)
calls=9795 1099 
* 78360
* 19590
cfi=(244)
cfn=(2590)
calls=9795 97 
* 68565
* 19590
+1 19590
+1 29385
cfi=(247)
cfn=(2594)
calls=9795 1123 
* 117540
+1 9795
+2 73401
cfi=(247)
cfn=(2550)
calls=24467 1099 
* 195736
* 48934
cfi=(244)
cfn=(2590)
calls=24467 97 
* 171269
* 97868
cfi=(247)
cfn=(2550)
calls=24467 1099 
* 195736
* 24467
+1 48934
+1 73401
cfi=(247)
cfn=(2594)
calls=24467 1123 
* 293604
-4 205572
cfi=(262)
cfn=(2630)
calls=34262 239 
* 2740960
* 68524
+6 29385
cfi=(244)
cfn=(2590)
calls=9795 97 
* 68565
* 39180
cfi=(247)
cfn=(2550)
calls=9795 1099 
* 78360
* 9795
+1 68565

fn=(2726)
1792 75536
+4 28326
cfi=(244)
cfn=(2110)
calls=9442 97 
* 66094
* 37768
+1 18884
+1 9442
+1 9442
+2 6522
cfi=(244)
cfn=(2110)
calls=2174 97 
* 15218
* 10870
+1 4348
+1 2174
-4 10870
cfi=(262)
cfn=(2728)
calls=2174 239 
* 373928
* 47210
cfi=(262)
cfn=(2728)
calls=9442 239 
* 1624024
* 23232
+6 28326
cfi=(244)
cfn=(2110)
calls=9442 97 
* 66094
* 47210
+1 56652

fl=(274)
fn=(2988) std::_Hashtable<Location, std::pair<Location const, unsigned long>, std::allocator<std::pair<Location const, unsigned long> >, std::__detail::_Select1st, std::equal_to<Location>, LocationHasher, std::__detail::_Mod_range_hashing, std::__detail::_Default_ranged_hash, std::__detail::_Prime_rehash_policy, std::__detail::_Hashtable_traits<true, false, true> >::_M_begin() const
464 3624
+1 3624

fn=(3124) std::_Hashtable<Location, std::pair<Location const, unsigned long>, std::allocator<std::pair<Location const, unsigned long> >, std::__detail::_Select1st, std::equal_to<Location>, LocationHasher, std::__detail::_Mod_range_hashing, std::__detail::_Default_ranged_hash, std::__detail::_Prime_rehash_policy, std::__detail::_Hashtable_traits<true, false, true> >::clear()
2520 1025
+4 615
cfn=(2988)
calls=205 464 
* 1640
* 1025
cfi=(275)
cfn=(3126)
calls=205 2027 
* 2530666
+2 410
-1 1230
cob=(4)
cfi=(175)
cfn=(1796)
calls=205 0 
* 9977
+2 410
+1 410
+1 615

fn=(3198)
1664 6370
+5 1911
cfn=(2980) std::_Hashtable<Location, std::pair<Location const, unsigned long>, std::allocator<std::pair<Location const, unsigned long> >, std::__detail::_Select1st, std::equal_to<Location>, LocationHasher, std::__detail::_Mod_range_hashing, std::__detail::_Default_ranged_hash, std::__detail::_Prime_rehash_policy, std::__detail::_Hashtable_traits<true, false, true> >::size() const
calls=637 647 
* 5096
* 1274
cfn=(2982) std::_Hashtable<Location, std::pair<Location const, unsigned long>, std::allocator<std::pair<Location const, unsigned long> >, std::__detail::_Select1st, std::equal_to<Location>, LocationHasher, std::__detail::_Mod_range_hashing, std::__detail::_Default_ranged_hash, std::__detail::_Prime_rehash_policy, std::__detail::_Hashtable_traits<true, false, true> >::__small_size_threshold()
calls=637 424 
* 7644
* 2548
+8 3185
cfi=(275)
cfn=(2998)
calls=637 1306 
* 64337
* 637
+1 3185
cfn=(3008)
calls=637 796 
* 30576
* 637
+1 3822
cfn=(3076)
calls=637 812 
* 351353
* 3185
cfi=(275)
cfn=(2990)
calls=637 436 
* 15925
* 637
+1 3822

fn=(3078) std::_Hashtable<Location, std::pair<Location const, unsigned long>, std::allocator<std::pair<Location const, unsigned long> >, std::__detail::_Select1st, std::equal_to<Location>, LocationHasher, std::__detail::_Mod_range_hashing, std::__detail::_Default_ranged_hash, std::__detail::_Prime_rehash_policy, std::__detail::_Hashtable_traits<true, false, true> >::_M_find_before_node(unsigned long, Location const&, unsigned long) const
1948 73152
+6 64008
+1 18288
+1 5330
+2 19437
+3 45353
cfi=(275)
cfn=(3086)
calls=6479 1732 
* 1025362
* 39396
cfi=(275)
cfn=(3086)
calls=5628 1732 
* 902508
* 24214
+1 852
+2 80192
cfi=(275)
cfn=(3080)
calls=11156 380 
* 89248
* 55780
cfn=(3082) std::_Hashtable<Location, std::pair<Location const, unsigned long>, std::allocator<std::pair<Location const, unsigned long> >, std::__detail::_Select1st, std::equal_to<Location>, LocationHasher, std::__detail::_Mod_range_hashing, std::__detail::_Default_ranged_hash, std::__detail::_Prime_rehash_policy, std::__detail::_Hashtable_traits<true, false, true> >::_M_bucket_index(std::__detail::_Hash_node_value<std::pair<Location const, unsigned long>, true> const&) const
calls=11156 792 
* 546644
* 63408
+2 11256
-7 16884
cfi=(275)
cfn=(3080)
calls=5628 380 
* 45024
* 5628
+2 5628
+4 6053
+4 6053
+1 18288

fn=(2982)
424 28041
+3 9347
cfi=(275)
cfn=(2984)
calls=9347 297 
* 56082
+1 18694

fn=(2986) std::_Hashtable<Location, std::pair<Location const, unsigned long>, std::allocator<std::pair<Location const, unsigned long> >, std::__detail::_Select1st, std::equal_to<Location>, LocationHasher, std::__detail::_Mod_range_hashing, std::__detail::_Default_ranged_hash, std::__detail::_Prime_rehash_policy, std::__detail::_Hashtable_traits<true, false, true> >::begin()
623 824
+1 309
cfn=(2988)
calls=103 464 
* 824
* 515
cfi=(275)
cfn=(2990)
calls=103 436 
* 2575
* 618

fn=(3048) std::_Hashtable<Location, std::pair<Location const, unsigned long>, std::allocator<std::pair<Location const, unsigned long> >, std::__detail::_Select1st, std::equal_to<Location>, LocationHasher, std::__detail::_Mod_range_hashing, std::__detail::_Default_ranged_hash, std::__detail::_Prime_rehash_policy, std::__detail::_Hashtable_traits<true, false, true> >::_M_deallocate_buckets(std::__detail::_Hash_node_base**, unsigned long)
446 5621
+2 4015
cfn=(3050) std::_Hashtable<Location, std::pair<Location const, unsigned long>, std::allocator<std::pair<Location const, unsigned long> >, std::__detail::_Select1st, std::equal_to<Location>, LocationHasher, std::__detail::_Mod_range_hashing, std::__detail::_Default_ranged_hash, std::__detail::_Prime_rehash_policy, std::__detail::_Hashtable_traits<true, false, true> >::_M_uses_single_bucket(std::__detail::_Hash_node_base**) const
calls=803 -32 
* 11242
* 1606
+3 3588
cfi=(275)
cfn=(3106)
calls=598 2052 
* 121992
* 598
-2 205
+3 1606

fn=(3054) std::_Hashtable<Location, std::pair<Location const, unsigned long>, std::allocator<std::pair<Location const, unsigned long> >, std::__detail::_Select1st, std::equal_to<Location>, LocationHasher, std::__detail::_Mod_range_hashing, std::__detail::_Default_ranged_hash, std::__detail::_Prime_rehash_policy, std::__detail::_Hashtable_traits<true, false, true> >::_M_insert_bucket_begin(unsigned long, std::__detail::_Hash_node<std::pair<Location const, unsigned long>, true>*)
2007 77490
+4 68880
+4 52677
+1 46824
+17 5853
-10 11028
+1 8271
+2 11028
+3 15312
cfi=(275)
cfn=(3080)
calls=2552 380 
* 20416
* 12760
cfn=(3082)
calls=2552 792 
* 125048
* 7656
+2 20416
+2 15312
-2 1640
+2 36348

fn=(3082)
792 82248
+1 95956
cfi=(275)
cfn=(3084)
calls=13708 1346 
* 466072
* 27416

fn=(2918)
530 1640
cfi=(275)
cfn=(2920)
calls=205 1701 
* 7995
* 615
cfi=(275)
cfn=(2928)
calls=205 1940 
* 4920
* 2050
cfi=(275)
cfn=(2932)
calls=205 313 
* 1845
* 1640
cfi=(275)
cfn=(2934)
calls=205 +14 
* 2665
* 1025

fn=(2950)
2081 52260
+6 13065
cfi=(244)
cfn=(2948)
calls=4355 70 
* 30485
* 26130
cfn=(2952) std::_Hashtable<Location, std::pair<Location const, unsigned long>, std::allocator<std::pair<Location const, unsigned long> >, std::__detail::_Select1st, std::equal_to<Location>, LocationHasher, std::__detail::_Mod_range_hashing, std::__detail::_Default_ranged_hash, std::__detail::_Prime_rehash_policy, std::__detail::_Hashtable_traits<true, false, true> >::_Scoped_node::_Scoped_node<std::pair<Location const, unsigned long> >(std::__detail::_Hashtable_alloc<std::allocator<std::__detail::_Hash_node<std::pair<Location const, unsigned long>, true> > >*, std::pair<Location const, unsigned long>&&)
calls=4355 305 
* 1517390
+1 21775
fi=(275)
333 13065
cfi=(277)
cfn=(2968)
calls=4355 116 
* 74035
* 8710
+10 4355
fe=(274)
2088 17420
cfi=(275)
cfn=(2976)
calls=4355 112 
* 78390
* 4355
+1 13065
cfn=(2980)
calls=4355 647 
* 34840
* 8710
cfn=(2982)
calls=4355 424 
* 52260
* 17420
+2 309
cfn=(2986)
calls=103 623 
* 5665
* 515
cfn=(2994)
calls=103 631 
* 4429
* 618
cfi=(275)
cfn=(2996)
calls=103 407 
* 1339
* 206
+6 21775
cfi=(275)
cfn=(2998)
calls=4355 1306 
* 439855
* 4355
+1 21775
cfn=(3008)
calls=4355 796 
* 209040
* 4355
+1 13065
cfn=(2980)
calls=4355 647 
* 34840
* 8710
cfn=(2982)
calls=4355 424 
* 52260
* 17420
+1 25512
cfn=(3076)
calls=4252 812 
* 1525192
* 12756
+5 30485
cfn=(3014)
calls=4355 +61 
* 1486678
* 4355
+1 4355
+1 30485
cfi=(270)
cfn=(3056)
calls=4355 687 
* 156780
* 8710
+1 13065
cfn=(3062)
calls=4355 311 
* 52260
* 47905

fn=(2994)
631 5920
+1 2960
cfi=(275)
cfn=(2990)
calls=740 436 
* 18500
* 4440

fn=(3032) std::_Hashtable<Location, std::pair<Location const, unsigned long>, std::allocator<std::pair<Location const, unsigned long> >, std::__detail::_Select1st, std::equal_to<Location>, LocationHasher, std::__detail::_Mod_range_hashing, std::__detail::_Default_ranged_hash, std::__detail::_Prime_rehash_policy, std::__detail::_Hashtable_traits<true, false, true> >::_M_allocate_buckets(unsigned long)
434 3588
+2 2990
+6 2990
cfi=(275)
cfn=(3034)
calls=598 2039 
* 125701
* 598
+1 1196

fn=(3046) std::_Hashtable<Location, std::pair<Location const, unsigned long>, std::allocator<std::pair<Location const, unsigned long> >, std::__detail::_Select1st, std::equal_to<Location>, LocationHasher, std::__detail::_Mod_range_hashing, std::__detail::_Default_ranged_hash, std::__detail::_Prime_rehash_policy, std::__detail::_Hashtable_traits<true, false, true> >::_M_deallocate_buckets()
455 4015
+1 6424
cfn=(3048)
calls=803 -10 
* 150473
* 2409

fn=(3062)
311 103320

fn=(3076)
812 73152
+3 54864
cfn=(3078)
calls=9144 1948 
* 3167986
* 9144
+1 18288
+1 1278
+1 8718
+1 18288

fn=(3164)
305 51060
+1 12765
+1 17020
cfi=(244)
cfn=(3166)
calls=4255 70 
* 29785
* 17020
cfi=(244)
cfn=(3168)
calls=4255 70 
* 29785
* 17020
cfi=(244)
cfn=(3170)
calls=4255 70 
* 29785
* 21275
cfi=(275)
cfn=(3172)
calls=4255 1987 
* 2146937
* 8510
+1 29785

fn=(2980)
647 37388
+1 37388

fn=(3030) std::_Hashtable<Location, std::pair<Location const, unsigned long>, std::allocator<std::pair<Location const, unsigned long> >, std::__detail::_Select1st, std::equal_to<Location>, LocationHasher, std::__detail::_Mod_range_hashing, std::__detail::_Default_ranged_hash, std::__detail::_Prime_rehash_policy, std::__detail::_Hashtable_traits<true, false, true> >::_M_rehash_aux(unsigned long, std::integral_constant<bool, true>)
2582 3588
+4 2990
cfn=(3032)
calls=598 434 
* 137063
* 598
+1 1794
cfn=(2988)
calls=598 464 
* 4784
* 598
+1 1196
+1 598
+1 598
+2 31989
cfi=(275)
cfn=(3080)
calls=10663 380 
* 85304
* 10663
+2 74641
cfi=(275)
cfn=(3084)
calls=10663 1346 
* 362542
* 10663
+1 74641
+2 19080
+1 14310
+1 33390
+1 19080
+1 26262
+1 14310
+4 47144
+1 41251
+3 11786
-20 11786
+20 9540
-20 10736
+23 1794
cfn=(3046)
calls=598 455 
* 110636
+1 1794
+1 1794
+1 1794

fn=(2952)
305 34840
+1 13065
+1 17420
cfi=(244)
cfn=(2948)
calls=4355 70 
* 30485
* 13065
cfi=(275)
cfn=(2954)
calls=4355 1987 
* 1382385
* 8710
+1 17420

fn=(3008)
796 59070
+1 68915
cfi=(275)
cfn=(3010)
calls=9845 1331 
* 324885
* 19690

fn=(3014)
2166 103320
+6 34440
cfi=(275)
cfn=(3016)
calls=8610 571 
* 68880
* 25830
+2 77490
cob=(4)
cfi=(175)
cfn=(3018)
calls=8610 0 
* 237291
* 34440
+3 25830
+2 3588
cfn=(3028) std::_Hashtable<Location, std::pair<Location const, unsigned long>, std::allocator<std::pair<Location const, unsigned long> >, std::__detail::_Select1st, std::equal_to<Location>, LocationHasher, std::__detail::_Mod_range_hashing, std::__detail::_Default_ranged_hash, std::__detail::_Prime_rehash_policy, std::__detail::_Hashtable_traits<true, false, true> >::_M_rehash(unsigned long, unsigned long const&)
calls=598 2559 
* 1190903
+1 2990
cfn=(3008)
calls=598 796 
* 28704
* 598
+3 4186
cfi=(275)
cfn=(3052)
calls=598 1362 
* 7176
* 56084
cfi=(275)
cfn=(3052)
calls=8012 1362 
* 96144
+3 51660
cfn=(3054)
calls=8610 2007 
* 536959
+1 43050
+1 43050
cfi=(275)
cfn=(2990)
calls=8610 436 
* 215250
* 8610
+1 43050

fn=(3028)
2559 4784
+6 2990
cfn=(3030)
calls=598 +17 
* 1180737
+9 2392

fn=(3050)
416 4015
+1 7227

fn=(3122)
1595 1025
+13 615
cfn=(3124)
calls=205 2520 
* 2548023
+1 615
cfn=(3046)
calls=205 455 
* 52685
+1 615
cfi=(275)
cfn=(3142)
calls=205 1912 
* 6560
* 615

fl=(218)
fn=(1334)
641 112
+1 56
cob=(4)
cfi=(175)
cfn=(1336)
calls=14 0 
* 70
* 84
cob=(4)
cfi=(175)
cfn=(1340)
calls=14 0 
* 70
+3 28
+3 42
cfi=(219)
cfn=(1344)
calls=14 393 
* 504
* 42
+1 84
cfi=(221)
cfn=(1350)
calls=14 221 
* 2671
+1 56

fn=(3362)
3607 12
+7 5
cob=(4)
cfi=(175)
cfn=(3364)
calls=1 0 
* 5
* 3
cfi=(219)
cfn=(1344)
calls=1 393 
* 36
* 4
cob=(4)
cfi=(175)
cfn=(1382)
calls=1 0 
* 5
* 4
cob=(4)
cfi=(175)
cfn=(3368)
calls=1 0 
* 5
* 10
cfn=(3372) std::__cxx11::basic_string<char, std::char_traits<char>, std::allocator<char> > std::__str_concat<std::__cxx11::basic_string<char, std::char_traits<char>, std::allocator<char> > >(std::__cxx11::basic_string<char, std::char_traits<char>, std::allocator<char> >::value_type const*, std::__cxx11::basic_string<char, std::char_traits<char>, std::allocator<char> >::size_type, std::__cxx11::basic_string<char, std::char_traits<char>, std::allocator<char> >::value_type const*, std::__cxx11::basic_string<char, std::char_traits<char>, std::allocator<char> >::size_type, std::__cxx11::basic_string<char, std::char_traits<char>, std::allocator<char> >::allocator_type const&)
calls=1 -86 
* 207
fi=(222)
184 3
cfi=(223)
cfn=(1370)
calls=1 -80 
* 7
* 1
fe=(218)
3614 1
+1 9

fn=(3390)
3637 7
+2 5
cob=(4)
cfi=(175)
cfn=(3392)
calls=1 0 
* 61
* 2
cfi=(244)
cfn=(3396)
calls=1 97 
* 7
* 5
cob=(4)
cfi=(175)
cfn=(3398)
calls=1 0 
* 34
* 3

fn=(1380)
3727 133
+3 57
cob=(4)
cfi=(175)
cfn=(1382)
calls=19 0 
* 95
* 76
cfi=(219)
cfn=(1344)
calls=19 393 
* 684
+1 62
cob=(4)
cfi=(175)
cfn=(1382)
calls=8 0 
* 40
* 32
cob=(4)
cfi=(175)
cfn=(1386)
calls=8 0 
* 40
* 48
cfi=(219)
cfn=(1390)
calls=8 374 
* 390
* 41
+1 57

fn=(3372)
3528 26
fi=(223)
92 1
fi=(222)
+76 1
fi=(243)
588 1
fi=(271)
98 1
fe=(218)
3536 5
cob=(4)
cfi=(175)
cfn=(3374)
calls=1 0 
* 8
fi=(222)
184 3
cfi=(223)
cfn=(1370)
calls=1 -80 
* 7
* 1
fe=(218)
3537 7
cob=(4)
cfi=(175)
cfn=(3380)
calls=1 0 
* 24
+1 6
cob=(4)
cfi=(175)
cfn=(3384)
calls=1 0 
* 59
+1 6
cob=(4)
cfi=(175)
cfn=(3384)
calls=1 0 
* 43
+1 1
+1 7

fl=(226)
fn=(1434)
12 12
+1 6
cob=(4)
cfi=(175)
cfn=(1436)
calls=1 -13 
* 8689
+1 3
cob=(4)
cfi=(175)
cfn=(1524)
calls=1 -14 
* 11
* 3
+2 3
cob=(4)
cfi=(175)
cfn=(1528)
calls=1 -16 
* 8
+1 3
+1 1
+2 1
+2 1
+2 60
cob=(4)
cfi=(175)
cfn=(1430)
calls=20 -24 
* 120
* 120
cob=(4)
cfi=(175)
cfn=(1602)
calls=20 -24 
* 120
* 123
+2 51
cfi=(237)
cfn=(1606)
calls=17 131 
* 153
* 102
cob=(4)
cfi=(175)
cfn=(1608)
calls=17 -26 
* 16786
+1 68
+1 5
cob=(4)
cfi=(175)
cfn=(1624)
calls=1 -28 
* 1708
* 5
cob=(4)
cfi=(175)
cfn=(1624)
calls=1 -28 
* 415
* 5
cob=(4)
cfi=(175)
cfn=(1624)
calls=1 -28 
* 451
+1 2
cob=(4)
cfi=(175)
cfn=(1668)
calls=1 -29 
* 210
* 8
cfi=(238)
cfn=(1670)
calls=1 -26 
* 4122
* 1
+1 2
+4 80
cob=(4)
cfi=(175)
cfn=(1836)
calls=16 -34 
* 1440
* 80
cob=(4)
cfi=(175)
cfn=(1624)
calls=16 -34 
* 6940
* 80
cob=(4)
cfi=(175)
cfn=(1624)
calls=16 -34 
* 6940
* 80
cob=(4)
cfi=(175)
cfn=(1624)
calls=16 -34 
* 7712
+2 48
+2 48
+1 176
cfi=(238)
cfn=(1850)
calls=16 -11 
* 8334
+3 51
cob=(4)
cfi=(175)
cfn=(1814)
calls=17 -42 
* 4611
* 17
-18 3
-2 15
cob=(4)
cfi=(175)
cfn=(1532)
calls=3 -22 
* 704
* 90
cob=(4)
cfi=(175)
cfn=(1532)
calls=18 -22 
* 13846
* 126
cob=(4)
cfi=(175)
cfn=(1598)
calls=21 -22 
* 126
* 42
+22 2
+2 5
cfi=(250)
cfn=(1934)
calls=1 -41 
* 2361
+1 5
cfi=(250)
cfn=(1996)
calls=1 -42 
* 586
* 3
cob=(4)
cfi=(175)
cfn=(1908)
calls=1 -47 
* 95
+1 1
+1 3
cob=(4)
cfi=(175)
cfn=(1426)
calls=1 -49 
* 100
* 3
cob=(4)
cfi=(175)
cfn=(2026)
calls=1 -49 
* 6079
-1 1
+1 10

fn=(2096)
51 12
+1 6
cob=(4)
cfi=(175)
cfn=(1436)
calls=1 -52 
* 1408
+1 3
cob=(4)
cfi=(175)
cfn=(1524)
calls=1 -53 
* 11
* 3
+2 3
cfi=(255)
cfn=(2098)
calls=1 -37 
* 231
+1 3
cob=(4)
cfi=(175)
cfn=(1528)
calls=1 -56 
* 8
+1 1
+1 1
+2 1
+1 303
cob=(4)
cfi=(175)
cfn=(1430)
calls=101 -61 
* 606
* 606
cob=(4)
cfi=(175)
cfn=(1602)
calls=101 -61 
* 606
* 607
+2 300
cfi=(237)
cfn=(1606)
calls=100 +68 
* 900
* 600
cob=(4)
cfi=(175)
cfn=(1608)
calls=100 -63 
* 94500
+2 100
+1 500
cob=(4)
cfi=(175)
cfn=(1624)
calls=100 -66 
* 48400
* 500
cob=(4)
cfi=(175)
cfn=(1624)
calls=100 -66 
* 49700
* 500
cob=(4)
cfi=(175)
cfn=(1624)
calls=100 -66 
* 49700
* 500
cob=(4)
cfi=(175)
cfn=(1624)
calls=100 -66 
* 41500
* 500
cob=(4)
cfi=(175)
cfn=(1624)
calls=100 -66 
* 41500
* 500
cob=(4)
cfi=(175)
cfn=(1624)
calls=100 -66 
* 41500
* 500
cob=(4)
cfi=(175)
cfn=(1624)
calls=100 -66 
* 49000
* 500
cob=(4)
cfi=(175)
cfn=(1624)
calls=100 -66 
* 43918
+2 1100
cfi=(240)
cfn=(2108)
calls=100 1298 
* 30019
+1 1200
cfi=(240)
cfn=(2108)
calls=100 1298 
* 30451
+1 600
cfi=(240)
cfn=(2128)
calls=100 1281 
* 15285
+1 600
cfi=(240)
cfn=(2128)
calls=100 1281 
* 15430
+1 100
+1 300
cob=(4)
cfi=(175)
cfn=(1814)
calls=100 -73 
* 22200
* 100
-12 1
-1 5
cob=(4)
cfi=(175)
cfn=(1532)
calls=1 -60 
* 232
* 505
cob=(4)
cfi=(175)
cfn=(1532)
calls=101 -60 
* 23885
* 612
cob=(4)
cfi=(175)
cfn=(1598)
calls=102 -60 
* 612
* 914
+14 1
+1 3
cob=(4)
cfi=(175)
cfn=(1426)
calls=1 -75 
* 100
* 3
cob=(4)
cfi=(175)
cfn=(2026)
calls=1 -75 
* 890
-1 1
+1 9

fl=(239)
fn=(1714) std::vector<bool, std::allocator<bool> >::cbegin() const
1036 16
+1 14
cfn=(1700) std::_Bit_const_iterator::_Bit_const_iterator(unsigned long*, unsigned int)
calls=2 426 
* 62
* 22

fn=(1716) std::_Bit_const_iterator::_M_const_cast() const
435 16
+1 16
cfn=(1718)
calls=2 316 
* 62
* 22

fn=(1718)
316 140595
+1 120510
cfn=(1682) std::_Bit_iterator_base::_Bit_iterator_base(unsigned long*, unsigned int)
calls=20085 195 
* 301275
* 60255

fn=(1938) std::_Bvector_base<std::allocator<bool> >::_Bvector_base(std::allocator<bool> const&)
656 9
+1 5
fi=(223)
88 1
fi=(222)
+90 1
fe=(239)
657 4
cfn=(1940) std::_Bvector_base<std::allocator<bool> >::_Bvector_impl::_Bvector_impl(std::allocator<unsigned long> const&)
calls=1 -54 
* 95
fi=(222)
184 3
cfi=(223)
cfn=(1944)
calls=1 -80 
* 7
* 1
fe=(239)
657 6

fn=(2424) std::_Bit_reference::_Bit_reference(unsigned long*, unsigned long)
88 379194
+1 568791

fn=(2646) std::_Bit_const_iterator::operator[](long) const
498 349416
+1 194120
cfn=(2648) std::operator+(std::_Bit_const_iterator const&, long)
calls=38824 +4 
* 3494160
* 194120
cfn=(2652) std::_Bit_const_iterator::operator*() const
calls=38824 -59 
* 2445912
* 194120

fn=(1672)
777 16
cfn=(1674) std::_Bvector_base<std::allocator<bool> >::_Bvector_base()
calls=2 650 
* 202
* 6

fn=(1680) std::_Bit_iterator::_Bit_iterator()
313 120
cfn=(1682)
calls=12 195 
* 180
* 36

fn=(1702) std::vector<bool, std::allocator<bool> >::end() const
1010 128
+1 96
cfn=(1704)
calls=16 430 
* 512
* 176

fn=(1724) std::_Bvector_base<std::allocator<bool> >::_Bvector_impl::_M_end_addr() const
623 25
+2 20
+1 15
cfi=(244)
cfn=(1742)
calls=3 51 
* 21
* 6
+1 2
+1 10

fn=(1728) std::vector<bool, std::allocator<bool> >::max_size() const
1062 20
+2 8
+4 12
cfn=(1730) std::_Bvector_base<std::allocator<bool> >::_M_get_Bit_allocator() const
calls=4 641 
* 28
* 20
fi=(223)
233 4
-50 4
fi=(243)
574 4
fe=(239)
1068 4
+2 16
+1 8

fn=(1782)
389 179784
+2 99880
+1 99880
cfn=(1784) std::_Bit_iterator::operator+=(long)
calls=19976 -24 
* 1198560
+1 119856
+1 99880

fn=(1812)
693 25
+2 20
+2 9
cfn=(1724)
calls=3 -74 
* 75
* 21
+2 15
-1 18
fi=(243)
517 18
cfi=(223)
cfn=(2016)
calls=3 156 
* 368
* 3
fe=(239)
701 9
cfn=(2020) std::_Bvector_base<std::allocator<bool> >::_Bvector_impl_data::_M_reset()
calls=3 577 
* 312
+2 15

fn=(2012)
890 24
cfn=(2014) std::_Bvector_base<std::allocator<bool> >::~_Bvector_base()
calls=3 669 
* 989
* 9

fn=(2488)
1086 179721
+1 59907
cfn=(1744)
calls=19969 -92 
* 1138233
* 139783
cfn=(2490) std::_Bit_iterator::operator[](long) const
calls=19969 384 
* 3234978
* 99845

fn=(2652)
440 310592
+2 77648
189 116472
+1 38824
+2 38824
443 427064
cfn=(2424)
calls=38824 88 
* 582360
* 116472
cfn=(2426)
calls=38824 99 
* 543536
+1 194120

fn=(1698) std::vector<bool, std::allocator<bool> >::begin() const
1000 310736
+1 271894
cfn=(1700)
calls=38842 426 
* 1204102
* 427262

fn=(1710)
1005 428
+1 963

fn=(1744)
995 160616
+1 140539
cfn=(1718)
calls=20077 316 
* 622387
* 220847

fn=(1722)
1075 16
+2 6
cfn=(1698)
calls=2 -77 
* 114
* 4
-1 6
cfn=(1724)
calls=2 623 
* 24
* 12
cfn=(1700)
calls=2 426 
* 62
+1 10
cfn=(1706)
calls=2 292 
* 72
* 10

fn=(1746)
1339 45
+3 18
cfi=(242)
cfn=(1748)
calls=3 624 
* 482
* 3
+1 18
cfn=(1718)
calls=3 316 
* 93
* 18
cfn=(1700)
calls=3 426 
* 93
* 33
cfi=(242)
cfn=(1764)
calls=3 624 
* 1023
* 6
+1 6
+1 18

fn=(1940)
603 14
fi=(223)
92 1
fi=(222)
+76 1
fe=(239)
604 3
cfn=(1678) std::_Bvector_base<std::allocator<bool> >::_Bvector_impl_data::_Bvector_impl_data()
calls=1 -53 
* 73
+1 3

fn=(2022) std::_Bvector_base<std::allocator<bool> >::_Bvector_impl::~_Bvector_impl()
590 21
fi=(222)
184 9
cfi=(223)
cfn=(1944)
calls=3 -80 
* 21
* 3
fe=(239)
590 9

fn=(2644)
1091 349416
+1 116472
cfn=(1698)
calls=38824 -92 
* 2212968
* 271768
cfn=(2646)
calls=38824 498 
* 6871848
* 194120

fn=(2760)
104 600
+2 200
+1 1000
+3 100
+1 200

fn=(1674)
650 16
cfn=(1676) std::_Bvector_base<std::allocator<bool> >::_Bvector_impl::_Bvector_impl()
calls=2 -56 
* 180
* 6

fn=(1682)
195 353808
+1 530712

fn=(1696)
1057 120
+1 45
cfn=(1698)
calls=15 -58 
* 855
* 75
cfn=(1702)
calls=15 -48 
* 855
* 105
cfn=(1706)
calls=15 292 
* 540
* 75

fn=(1704)
430 132
+1 176
cfn=(1682)
calls=22 195 
* 330
* 66

fn=(1708) std::vector<bool, std::allocator<bool> >::_M_initialize_value(bool)
1363 16
+2 10
+2 8

fn=(1794) std::__fill_bvector_n(unsigned long*, unsigned long, bool)
1588 16
+9 18
cob=(4)
cfi=(175)
cfn=(1796)
calls=2 0 
* 30
+1 6

fn=(1950) std::vector<bool, std::allocator<bool> >::_M_initialize(unsigned long)
1349 9
+2 2
+2 5
cfn=(1734)
calls=1 677 
* 118
* 1
+1 3
cfn=(1736)
calls=1 714 
* 9
* 5
+1 3
cfi=(244)
cfn=(1742)
calls=1 51 
* 7
* 6
cfn=(1718)
calls=1 316 
* 31
+1 5
+1 5
cfn=(1782)
calls=1 389 
* 90
* 7
+2 6

fn=(2014)
669 15
+1 9
cfn=(1812)
calls=3 +23 
* 884
* 9
cfn=(2022)
calls=3 -80 
* 63
* 9

fn=(2276) std::__fill_bvector(unsigned long*, unsigned int, unsigned int, bool)
1572 8
+1 6
+1 7
+1 3
+2 2
+3 7
+1 3

fn=(2648)
503 349416
+2 194120
+1 194120
cfn=(2650) std::_Bit_const_iterator::operator+=(long)
calls=38824 -24 
* 2329440
+1 232944
+1 194120

fn=(1678)
551 30
+1 18
cfn=(1680)
calls=6 313 
* 168
* 24
cfn=(1680)
calls=6 313 
* 168
* 12
+1 18

fn=(1726)
1530 22
+2 6
cfn=(1728)
calls=2 1062 
* 64
* 8
cfn=(1696)
calls=2 1057 
* 356
* 14
+3 6
cfn=(1696)
calls=2 1057 
* 356
* 8
cfn=(1696)
calls=2 1057 
* 356
* 12
cfi=(242)
cfn=(1732)
calls=2 257 
* 30
* 6
+1 6
cfn=(1696)
calls=2 1057 
* 356
* 10
cfn=(1728)
calls=2 1062 
* 64
* 6
+1 12

fn=(1730)
641 20
+1 15

fn=(1734)
677 18
+2 9
cfn=(1736)
calls=3 +35 
* 27
* 9
fi=(243)
482 18
cfi=(223)
cfn=(1738)
calls=3 126 
* 403
* 3
fe=(239)
679 3
+9 3
+1 6

fn=(1786) std::_Bit_iterator_base::_M_incr(long)
224 411600
-35 176400
+1 58800
+2 58800
+35 352800
+1 646800
+1 470400
+1 117600
+5 235200
+1 176400

fn=(2020)
577 27
+1 9
cfn=(1678)
calls=3 -27 
* 219
* 57

fn=(2426)
99 252396
+1 630990

fn=(2650)
482 232944
+2 194120
cfn=(1786)
calls=38824 224 
* 1785904
+1 38824
+1 77648

fn=(1692)
965 14
+1 16
cfn=(1694) std::vector<bool, std::allocator<bool> >::_M_fill_assign(unsigned long, bool)
calls=2 1436 
* 7682
* 6

fn=(1700)
426 271943
+1 233094
cfn=(1682)
calls=38849 195 
* 582735
* 116547

fn=(2422)
326 195000
+2 48750
189 73125
+1 24375
+2 24375
329 268125
cfn=(2424)
calls=24375 88 
* 365625
* 48750
+1 121875

fn=(1676)
594 18
fi=(223)
88 2
fi=(222)
+75 2
fe=(239)
599 6
cfn=(1678)
calls=2 -48 
* 146
+1 6

fn=(1736)
714 24
+1 30

fn=(1784)
368 119856
+2 99880
cfn=(1786)
calls=19976 224 
* 918896
+1 19976
+1 39952

fn=(1936)
809 10
+1 4
cfn=(1730)
calls=1 641 
* 7
* 11
fi=(223)
92 1
fi=(222)
+76 1
fi=(243)
588 1
fi=(271)
98 3
fi=(223)
-10 1
fi=(222)
+90 1
fe=(239)
810 4
cfn=(1938)
calls=1 656 
* 132
fi=(222)
184 3
cfi=(223)
cfn=(1948)
calls=1 -80 
* 7
* 4
cfi=(223)
cfn=(1944)
calls=1 -80 
* 7
* 1
fe=(239)
812 3
cfn=(1698)
calls=1 1000 
* 57
* 5
cfn=(1702)
calls=1 1010 
* 57
* 2
+1 3
cfn=(1696)
calls=1 1057 
* 178
* 5
cfn=(1950)
calls=1 1349 
* 312
+1 3
cfn=(1744)
calls=1 995 
* 57
* 15
cfn=(1746)
calls=1 1339 
* 630
* 3
+1 7

fn=(2430)
240 721
-51 309
+1 103
+2 309
-3 309
+1 103
+2 103
+52 944
+1 206

fn=(2490)
384 179721
+1 99845
cfn=(1782)
calls=19969 +4 
* 1797210
* 99845
cfn=(2422)
calls=19969 -59 
* 958512
* 99845

fn=(2778) std::_Bit_iterator_base::_M_bump_up()
200 25824
-11 12912
+1 4304
+2 4304
+11 38736
+2 74
+1 185
+2 12912

fn=(1694)
1436 24
+2 6
cfn=(1696)
calls=2 1057 
* 356
* 8
+2 12
cfn=(1708)
calls=2 -77 
* 34
+1 6
cfn=(1696)
calls=2 1057 
* 356
* 12
cfn=(1710)
calls=2 1005 
* 26
* 14
cfn=(1704)
calls=2 430 
* 64
* 16
cfn=(1712) std::vector<bool, std::allocator<bool> >::insert(std::_Bit_const_iterator, unsigned long, bool const&)
calls=2 1239 
* 6728
* 4
+7 16

fn=(1706)
292 896
189 384
+1 128
+2 384
-3 384
+1 128
+2 128
296 640
+1 1280
+1 256

fn=(1712)
1239 28
+2 6
cfn=(1714)
calls=2 1036 
* 114
* 14
cfn=(1706)
calls=2 292 
* 72
* 2
+1 12
cfn=(1716)
calls=2 435 
* 116
* 18
cfi=(241)
cfn=(1720)
calls=2 861 
* 6012
+1 6
cfn=(1744)
calls=2 995 
* 114
* 14
cfn=(1782)
calls=2 389 
* 180
* 8
+1 12

fn=(1792)
1605 22
+1 8
+2 4
+1 6
+3 22
cfn=(1794)
calls=2 -24 
* 70
+2 6
+1 8
cfn=(2276)
calls=1 -43 
* 36
+4 7

fn=(2776)
334 21520
+2 12912
cfn=(2778)
calls=4304 200 
* 99251
+1 4304
+1 8608

fl=(279)
fn=(3104)
377 83972
+1 59980
cfi=(255)
cfn=(2454)
calls=11996 7 
* 196690
* 23992

ob=(7)
fl=(185)
fn=(736)
0 14
cob=(4)
cfi=(175)
cfn=(684)
calls=1 0 
0 25
0 5

fn=(754)
0 115

fn=(930)
0 14
cob=(4)
cfi=(175)
cfn=(684)
calls=1 0 
0 25
0 2
cob=(4)
cfi=(175)
cfn=(672)
calls=1 0 
0 5
0 5

fn=(1030)
0 7680
cob=(4)
cfi=(175)
cfn=(650)
calls=128 0 
0 4096

fn=(1202)
0 5
cob=(4)
cfi=(175)
cfn=(1076)
calls=1 0 
0 78

fn=(1396)
0 45
cob=(4)
cfi=(175)
cfn=(1398)
calls=5 0 
0 887
0 45
cob=(4)
cfi=(175)
cfn=(1402)
calls=5 0 
0 4891

fn=(1522)
0 154

fn=(1642) 0x0000000000147b90
0 46492
cfn=(1666) std::__cxx11::basic_stringbuf<char, std::char_traits<char>, std::allocator<char> >::underflow()
calls=16 0 
0 256
0 96

fn=(670)
0 142
cob=(4)
cfi=(175)
cfn=(672)
calls=1 0 
0 822
0 7
cob=(4)
cfi=(175)
cfn=(678)
calls=1 0 
0 4636
0 4
cob=(4)
cfi=(175)
cfn=(720)
calls=1 0 
0 2066
0 4
cob=(4)
cfi=(175)
cfn=(732)
calls=1 0 
0 833
0 4
cob=(4)
cfi=(175)
cfn=(720)
calls=1 0 
0 400
0 24
cob=(4)
cfi=(175)
cfn=(738)
calls=1 0 
0 1426
0 4
cob=(4)
cfi=(175)
cfn=(720)
calls=1 0 
0 400
0 8
cob=(4)
cfi=(175)
cfn=(720)
calls=1 0 
0 400
0 8
cob=(4)
cfi=(175)
cfn=(720)
calls=1 0 
0 400
0 5
cob=(4)
cfi=(175)
cfn=(684)
calls=1 0 
0 25
0 5
cob=(4)
cfi=(175)
cfn=(720)
calls=1 0 
0 400
0 29
cob=(4)
cfi=(175)
cfn=(744)
calls=1 0 
0 1187
0 4
cob=(4)
cfi=(175)
cfn=(720)
calls=1 0 
0 400
0 29
cob=(4)
cfi=(175)
cfn=(750)
calls=1 0 
0 1188
0 4
cob=(4)
cfi=(175)
cfn=(720)
calls=1 0 
0 400
0 8
cob=(4)
cfi=(175)
cfn=(720)
calls=1 0 
0 400
0 8
cob=(4)
cfi=(175)
cfn=(720)
calls=1 0 
0 400
0 35
cob=(4)
cfi=(175)
cfn=(756)
calls=1 0 
0 2039
0 4
cob=(4)
cfi=(175)
cfn=(720)
calls=1 0 
0 400
0 8
cob=(4)
cfi=(175)
cfn=(720)
calls=1 0 
0 400
0 8
cob=(4)
cfi=(175)
cfn=(720)
calls=1 0 
0 400
0 4
cob=(4)
cfi=(175)
cfn=(768)
calls=1 0 
0 803
0 4
cob=(4)
cfi=(175)
cfn=(720)
calls=1 0 
0 400
0 4
cob=(4)
cfi=(175)
cfn=(774)
calls=1 0 
0 26868
0 4
cob=(4)
cfi=(175)
cfn=(720)
calls=1 0 
0 400
0 4
cob=(4)
cfi=(175)
cfn=(828)
calls=1 0 
0 833
0 4
cob=(4)
cfi=(175)
cfn=(720)
calls=1 0 
0 400
0 23
cob=(4)
cfi=(175)
cfn=(834)
calls=1 0 
0 1338
0 4
cob=(4)
cfi=(175)
cfn=(720)
calls=1 0 
0 400
0 8
cob=(4)
cfi=(175)
cfn=(720)
calls=1 0 
0 400
0 8
cob=(4)
cfi=(175)
cfn=(720)
calls=1 0 
0 400
0 5
cob=(4)
cfi=(175)
cfn=(684)
calls=1 0 
0 25
0 18
cob=(4)
cfi=(175)
cfn=(720)
calls=1 0 
0 400
0 28
cob=(4)
cfi=(175)
cfn=(840)
calls=1 0 
0 1198
0 4
cob=(4)
cfi=(175)
cfn=(720)
calls=1 0 
0 400
0 27
cob=(4)
cfi=(175)
cfn=(846)
calls=1 0 
0 1166
0 4
cob=(4)
cfi=(175)
cfn=(720)
calls=1 0 
0 400
0 8
cob=(4)
cfi=(175)
cfn=(720)
calls=1 0 
0 400
0 8
cob=(4)
cfi=(175)
cfn=(720)
calls=1 0 
0 400
0 35
cob=(4)
cfi=(175)
cfn=(852)
calls=1 0 
0 2128
0 4
cob=(4)
cfi=(175)
cfn=(720)
calls=1 0 
0 400
0 8
cob=(4)
cfi=(175)
cfn=(720)
calls=1 0 
0 400
0 8
cob=(4)
cfi=(175)
cfn=(720)
calls=1 0 
0 400
0 4
cob=(4)
cfi=(175)
cfn=(864)
calls=1 0 
0 803
0 4
cob=(4)
cfi=(175)
cfn=(720)
calls=1 0 
0 400
0 8
cob=(4)
cfi=(175)
cfn=(720)
calls=1 0 
0 400
0 8
cob=(4)
cfi=(175)
cfn=(720)
calls=1 0 
0 400
0 8
cob=(4)
cfi=(175)
cfn=(720)
calls=1 0 
0 400
0 8
cob=(4)
cfi=(175)
cfn=(720)
calls=1 0 
0 400
0 9
cfn=(870) 0x00000000000ed260
calls=1 0 
0 9401
0 3
cob=(4)
cfi=(175)
cfn=(726)
calls=1 0 
0 8
0 5
cob=(4)
cfi=(175)
cfn=(726)
calls=1 0 
0 8
0 4
cob=(4)
cfi=(175)
cfn=(726)
calls=1 0 
0 8
0 5
cob=(4)
cfi=(175)
cfn=(726)
calls=1 0 
0 8
0 5
cob=(4)
cfi=(175)
cfn=(726)
calls=1 0 
0 8
0 4
cob=(4)
cfi=(175)
cfn=(726)
calls=1 0 
0 8
0 5
cob=(4)
cfi=(175)
cfn=(726)
calls=1 0 
0 8
0 4
cob=(4)
cfi=(175)
cfn=(726)
calls=1 0 
0 8
0 13

fn=(3262)
0 16
cob=(4)
cfi=(175)
cfn=(1026)
calls=1 0 
0 94
0 12
cob=(4)
cfi=(175)
cfn=(1032)
calls=1 0 
0 185
0 8
cob=(4)
cfi=(175)
cfn=(1440)
calls=1 0 
0 98
0 3
cob=(4)
cfi=(175)
cfn=(1032)
calls=1 0 
0 185
0 5
cob=(4)
cfi=(175)
cfn=(1452)
calls=1 0 
0 939
0 7
cob=(4)
cfi=(175)
cfn=(1518)
calls=1 0 
0 9
0 8

fn=(3278) std::basic_filebuf<char, std::char_traits<char> >::overflow(int)
0 43
cob=(4)
cfi=(175)
cfn=(3340)
calls=1 0 
0 2688
0 63

fn=(3312)
0 272969
cob=(4)
cfi=(175)
cfn=(3226)
calls=16057 0 
0 385368
0 337186
cfn=(3314) std::num_put<char, std::ostreambuf_iterator<char, std::char_traits<char> > >::do_put(std::ostreambuf_iterator<char, std::char_traits<char> >, std::ios_base&, char, long) const
calls=16056 0 
0 4175815
0 10
cfn=(3314)
calls=1 0 
0 331
0 321155

fn=(3344)
0 19
cfn=(1560) std::codecvt<char, char, __mbstate_t>::do_always_noconv() const
calls=1 0 
0 3
0 6
cob=(4)
cfi=(175)
cfn=(3346)
calls=1 0 
0 1647
0 13

fn=(3432) std::num_put<char, std::ostreambuf_iterator<char, std::char_traits<char> > >::do_put(std::ostreambuf_iterator<char, std::char_traits<char> >, std::ios_base&, char, double) const
0 4
cob=(4)
cfi=(175)
cfn=(3434)
calls=1 0 
0 5725

fn=(3438)
0 20
cfn=(1636) 0x0000000000142070
calls=1 0 
0 30
0 11
cob=(4)
cfi=(175)
cfn=(3440)
calls=1 0 
0 923
0 13
cob=(4)
cfi=(175)
cfn=(684)
calls=1 0 
0 25
0 11
cfn=(3446) 0x000000000010d1d0
calls=1 0 
0 3204
0 5
cob=(4)
cfi=(175)
cfn=(726)
calls=1 0 
0 8
0 33
cob=(4)
cfi=(175)
cfn=(1586)
calls=1 0 
0 21
0 26
cfn=(3232) __gnu_cxx::stdio_sync_filebuf<char, std::char_traits<char> >::xsputn(char const*, long)
calls=1 0 
0 144
0 24
cob=(4)
cfi=(175)
cfn=(1372)
calls=1 0 
0 15
0 4

fn=(3610)
0 2

fn=(760)
0 16
cob=(4)
cfi=(175)
cfn=(672)
calls=1 0 
0 5
0 4
cob=(4)
cfi=(175)
cfn=(762)
calls=1 0 
0 1126
0 4

fn=(942)
0 353

fn=(1022)
0 3

fn=(1072)
0 36
cob=(4)
cfi=(175)
cfn=(726)
calls=4 0 
0 32
0 28
cob=(4)
cfi=(175)
cfn=(726)
calls=4 0 
0 32
0 28
cob=(4)
cfi=(175)
cfn=(726)
calls=4 0 
0 32
0 36

fn=(1200)
0 5
cob=(4)
cfi=(175)
cfn=(1076)
calls=1 0 
0 78

fn=(1360)
0 98
cob=(4)
cfi=(175)
cfn=(1372)
calls=8 0 
0 1154

fn=(1432)
0 496

fn=(1438)
0 32
cob=(4)
cfi=(175)
cfn=(1026)
calls=2 0 
0 188
0 26
cob=(4)
cfi=(175)
cfn=(1032)
calls=2 0 
0 370
0 16
cob=(4)
cfi=(175)
cfn=(1440)
calls=2 0 
0 1925
0 6
cob=(4)
cfi=(175)
cfn=(1032)
calls=2 0 
0 370
0 10
cob=(4)
cfi=(175)
cfn=(1452)
calls=2 0 
0 6164
0 14
cob=(4)
cfi=(175)
cfn=(1518)
calls=2 0 
0 956
0 16

fn=(1444)
0 51
cob=(4)
cfi=(175)
cfn=(650)
calls=3 0 
0 96
0 30
cob=(4)
cfi=(175)
cfn=(1446)
calls=3 0 
0 877
0 45
cob=(4)
cfi=(175)
cfn=(726)
calls=3 0 
0 24
0 24

fn=(1462)
0 88

fn=(1558) std::basic_filebuf<char, std::char_traits<char> >::underflow()
0 132
cfn=(1560)
calls=4 0 
0 12
0 74
cob=(4)
cfi=(175)
cfn=(1562)
calls=4 0 
0 3257
0 60

fn=(1572)
0 51
cob=(4)
cfi=(175)
cfn=(1574)
calls=17 0 
0 926

fn=(1628) std::num_get<char, std::istreambuf_iterator<char, std::char_traits<char> > >::do_get(std::istreambuf_iterator<char, std::char_traits<char> >, std::istreambuf_iterator<char, std::char_traits<char> >, std::ios_base&, std::_Ios_Iostate&, long&) const
0 1702
cob=(4)
cfi=(175)
cfn=(1630)
calls=851 0 
0 281514

fn=(1816)
0 2674
cob=(4)
cfi=(175)
cfn=(1912)
calls=100 0 
0 9100
0 585
cob=(4)
cfi=(175)
cfn=(1050)
calls=117 0 
0 1638
0 1404
cob=(4)
cfi=(175)
cfn=(1818)
calls=117 0 
0 11176

fn=(648)
0 40
cob=(4)
cfi=(175)
cfn=(650)
calls=1 0 
0 74107
0 16
cob=(4)
cfi=(175)
cfn=(650)
calls=1 0 
0 32
0 14
cob=(4)
cfi=(175)
cfn=(650)
calls=1 0 
0 32
0 7
cob=(4)
cfi=(175)
cfn=(1026)
calls=1 0 
0 777
0 11
cob=(4)
cfi=(175)
cfn=(1032)
calls=1 0 
0 4342
0 4
cob=(4)
cfi=(175)
cfn=(1026)
calls=1 0 
0 94
0 15
cob=(4)
cfi=(175)
cfn=(1032)
calls=1 0 
0 185
0 4
cob=(4)
cfi=(175)
cfn=(1026)
calls=1 0 
0 94
0 11
cob=(4)
cfi=(175)
cfn=(1032)
calls=1 0 
0 185
0 4
cob=(4)
cfi=(175)
cfn=(1026)
calls=1 0 
0 94
0 11
cob=(4)
cfi=(175)
cfn=(1032)
calls=1 0 
0 185
0 23
cob=(4)
cfi=(175)
cfn=(650)
calls=1 0 
0 32
0 16
cob=(4)
cfi=(175)
cfn=(650)
calls=1 0 
0 32
0 14
cob=(4)
cfi=(175)
cfn=(650)
calls=1 0 
0 32
0 7
cob=(4)
cfi=(175)
cfn=(1026)
calls=1 0 
0 94
0 11
cob=(4)
cfi=(175)
cfn=(1062)
calls=1 0 
0 2165
0 4
cob=(4)
cfi=(175)
cfn=(1026)
calls=1 0 
0 94
0 15
cob=(4)
cfi=(175)
cfn=(1062)
calls=1 0 
0 185
0 4
cob=(4)
cfi=(175)
cfn=(1026)
calls=1 0 
0 94
0 11
cob=(4)
cfi=(175)
cfn=(1062)
calls=1 0 
0 185
0 4
cob=(4)
cfi=(175)
cfn=(1026)
calls=1 0 
0 94
0 11
cob=(4)
cfi=(175)
cfn=(1062)
calls=1 0 
0 185
0 15

fn=(654)
0 6190
cfn=(656) 0x00000000000e98b0
calls=619 0 
0 78348
0 7428

fn=(708)
0 8
cob=(4)
cfi=(175)
cfn=(710)
calls=1 0 
0 818
0 6

fn=(3268)
0 3
cob=(4)
cfi=(175)
cfn=(1458)
calls=1 0 
0 6

fn=(3288)
0 1700
cob=(4)
cfi=(175)
cfn=(3226)
calls=100 0 
0 2400
0 2089
cfn=(3290) std::num_put<char, std::ostreambuf_iterator<char, std::char_traits<char> > >::do_put(std::ostreambuf_iterator<char, std::char_traits<char> >, std::ios_base&, char, unsigned long) const
calls=99 0 
0 26388
0 10
cfn=(3290)
calls=1 0 
0 1450
0 2015

fn=(3298) 0x0000000000146900
0 437624

fn=(3446)
0 28
cob=(4)
cfi=(175)
cfn=(786)
calls=1 0 
0 24
0 12
cob=(4)
cfi=(175)
cfn=(3452)
calls=1 0 
0 3102
0 3
cob=(4)
cfi=(175)
cfn=(786)
calls=1 0 
0 24
0 11

fn=(3606)
0 2

fn=(742)
0 417

fn=(778)
0 14
cob=(4)
cfi=(175)
cfn=(684)
calls=1 0 
0 25
0 7
cob=(4)
cfi=(175)
cfn=(780)
calls=1 0 
0 26129

fn=(862)
0 12
cob=(4)
cfi=(175)
cfn=(684)
calls=1 0 
0 25
0 117

fn=(876)
0 417

fn=(894)
0 114

fn=(972)
0 109

fn=(996)
0 14
cob=(4)
cfi=(175)
cfn=(684)
calls=1 0 
0 25
0 2
cob=(4)
cfi=(175)
cfn=(672)
calls=1 0 
0 5
0 5

fn=(1048)
0 8395

fn=(1060)
0 3249
cob=(4)
cfi=(175)
cfn=(726)
calls=361 0 
0 2888
0 2527
cob=(4)
cfi=(175)
cfn=(726)
calls=361 0 
0 2888
0 2527
cob=(4)
cfi=(175)
cfn=(726)
calls=361 0 
0 2888
0 3249

fn=(1066)
0 32
cob=(4)
cfi=(175)
cfn=(1038)
calls=4 0 
0 404
0 12
cob=(4)
cfi=(175)
cfn=(1068)
calls=4 0 
0 1222
0 52

fn=(1244)
0 50

fn=(1424)
0 528572
cob=(4)
cfi=(175)
cfn=(1136)
calls=48052 0 
0 2589083
0 240260

fn=(1550)
0 2337
cob=(4)
cfi=(175)
cfn=(1552)
calls=123 0 
0 4519
0 256
cob=(4)
cfi=(175)
cfn=(1518)
calls=2 0 
0 18
0 6227
cob=(4)
cfi=(175)
cfn=(1586)
calls=121 0 
0 3338
0 1815
cob=(4)
cfi=(175)
cfn=(1592)
calls=121 0 
0 7247
0 2198
cfn=(1558)
calls=4 0 
0 3535
0 4

fn=(1610)
0 3042
cob=(4)
cfi=(175)
cfn=(1026)
calls=117 0 
0 10998
0 1521
cob=(4)
cfi=(175)
cfn=(1032)
calls=117 0 
0 21645
0 819
cob=(4)
cfi=(175)
cfn=(1032)
calls=117 0 
0 21645
0 1989
cob=(4)
cfi=(175)
cfn=(650)
calls=117 0 
0 3744
0 2959
cob=(4)
cfi=(175)
cfn=(1612)
calls=117 0 
0 8165
0 351
cob=(4)
cfi=(175)
cfn=(1032)
calls=117 0 
0 21645
0 1838
cob=(4)
cfi=(175)
cfn=(1414)
calls=100 0 
0 7900
0 800
cob=(4)
cfi=(175)
cfn=(1372)
calls=100 0 
0 1300
0 51
cob=(4)
cfi=(175)
cfn=(1372)
calls=17 0 
0 289
0 351

fn=(1616)
0 3961
cob=(4)
cfi=(175)
cfn=(1618)
calls=117 0 
0 2878
0 34

fn=(2046)
0 36
cob=(4)
cfi=(175)
cfn=(2048)
calls=3 0 
0 561
0 36

fn=(3208)
0 3

fn=(3212)
0 3

fn=(3232)
0 150
cob=(4)
cfi=(175)
cfn=(3234)
calls=25 0 
0 11945

fn=(3276)
0 1468176
cob=(4)
cfi=(175)
cfn=(1372)
calls=48939 0 
0 902496
0 587275
cfn=(3278)
calls=1 0 
0 53
0 5

fn=(3290)
0 300
cob=(4)
cfi=(175)
cfn=(3292)
calls=100 0 
0 27538

fn=(3602)
0 2

fn=(3622)
0 4

fn=(844)
0 109

fn=(1054)
0 7260

fn=(1226)
0 34

fn=(1270)
0 50

fn=(1412)
0 155
cob=(4)
cfi=(175)
cfn=(1414)
calls=5 0 
0 2789
0 65
cob=(4)
cfi=(175)
cfn=(1372)
calls=5 0 
0 66
0 115

fn=(1560)
0 146871

fn=(1622)
0 1638

fn=(1828)
0 1920

fn=(1834)
0 2160

fn=(1910)
0 95886
cob=(4)
cfi=(175)
cfn=(1912)
calls=47943 0 
0 4548964

fn=(1916)
0 96104
cob=(4)
cfi=(175)
cfn=(1918)
calls=48052 0 
0 4366401

fn=(2060)
0 42
cob=(4)
cfi=(175)
cfn=(1458)
calls=6 0 
0 36
0 36
cob=(4)
cfi=(175)
cfn=(2062)
calls=3 0 
0 2016
0 21

fn=(2216)
0 18
cob=(4)
cfi=(175)
cfn=(2218)
calls=2 0 
0 852
0 14

fn=(3230)
0 685712
cob=(4)
cfi=(175)
cfn=(3629)
calls=1 0 
0 138
0 391835

fn=(3231)
0 22

fn=(3282)
0 200
cob=(4)
cfi=(175)
cfn=(3284)
calls=100 0 
0 36994

fn=(3296)
0 1900
cfn=(1636)
calls=100 0 
0 3000
0 2700
cfn=(3298)
calls=100 0 
0 3960
0 2400
cfn=(3270) std::basic_filebuf<char, std::char_traits<char> >::xsputn(char const*, long)
calls=100 0 
0 10580
0 1600

fn=(3320)
0 305102
cfn=(1636)
calls=16058 0 
0 481740
0 399269
cfn=(3298)
calls=5641 0 
0 152307
0 83336
cfn=(3298)
calls=10417 0 
0 281357
0 431714
cfn=(3232)
calls=8 0 
0 1179
cfn=(3270)
calls=16050 0 
0 1675170
0 283793

fn=(3366)
0 3

fn=(3400)
0 32

fn=(3404)
0 12
cob=(4)
cfi=(175)
cfn=(3220)
calls=3 0 
0 677

fn=(838)
0 353

fn=(850)
0 109

fn=(870)
0 25
cob=(4)
cfi=(175)
cfn=(872)
calls=1 0 
0 1354
0 8
cob=(4)
cfi=(175)
cfn=(726)
calls=1 0 
0 17
0 7
cob=(4)
cfi=(175)
cfn=(684)
calls=1 0 
0 25
0 7
cob=(4)
cfi=(175)
cfn=(726)
calls=1 0 
0 17
0 13
cob=(4)
cfi=(175)
cfn=(890)
calls=1 0 
0 1123
0 7
cob=(4)
cfi=(175)
cfn=(726)
calls=1 0 
0 17
0 13
cob=(4)
cfi=(175)
cfn=(902)
calls=1 0 
0 1140
0 7
cob=(4)
cfi=(175)
cfn=(726)
calls=1 0 
0 17
0 12
cob=(4)
cfi=(175)
cfn=(726)
calls=1 0 
0 17
0 12
cob=(4)
cfi=(175)
cfn=(726)
calls=1 0 
0 17
0 12
cob=(4)
cfi=(175)
cfn=(726)
calls=1 0 
0 17
0 6
cob=(4)
cfi=(175)
cfn=(926)
calls=1 0 
0 771
0 7
cob=(4)
cfi=(175)
cfn=(726)
calls=1 0 
0 17
0 16
cob=(4)
cfi=(175)
cfn=(938)
calls=1 0 
0 1298
0 7
cob=(4)
cfi=(175)
cfn=(726)
calls=1 0 
0 17
0 7
cob=(4)
cfi=(175)
cfn=(684)
calls=1 0 
0 25
0 7
cob=(4)
cfi=(175)
cfn=(726)
calls=1 0 
0 17
0 13
cob=(4)
cfi=(175)
cfn=(956)
calls=1 0 
0 1150
0 7
cob=(4)
cfi=(175)
cfn=(726)
calls=1 0 
0 17
0 13
cob=(4)
cfi=(175)
cfn=(968)
calls=1 0 
0 1126
0 7
cob=(4)
cfi=(175)
cfn=(726)
calls=1 0 
0 17
0 12
cob=(4)
cfi=(175)
cfn=(726)
calls=1 0 
0 17
0 12
cob=(4)
cfi=(175)
cfn=(726)
calls=1 0 
0 17
0 12
cob=(4)
cfi=(175)
cfn=(726)
calls=1 0 
0 17
0 6
cob=(4)
cfi=(175)
cfn=(992)
calls=1 0 
0 771
0 6
cob=(4)
cfi=(175)
cfn=(726)
calls=1 0 
0 17
0 4
cob=(4)
cfi=(175)
cfn=(726)
calls=1 0 
0 8
0 4
cob=(4)
cfi=(175)
cfn=(726)
calls=1 0 
0 8
0 5
cob=(4)
cfi=(175)
cfn=(726)
calls=1 0 
0 8
0 5
cob=(4)
cfi=(175)
cfn=(726)
calls=1 0 
0 8
0 4
cob=(4)
cfi=(175)
cfn=(726)
calls=1 0 
0 8
0 5
cob=(4)
cfi=(175)
cfn=(726)
calls=1 0 
0 8
0 10

fn=(1106)
0 4
cob=(4)
cfi=(175)
cfn=(1108)
calls=1 0 
0 750
0 4

fn=(1112)
0 3

fn=(1204)
0 10
cob=(4)
cfi=(175)
cfn=(1076)
calls=1 0 
0 78
0 7
cob=(4)
cfi=(175)
cfn=(1076)
calls=1 0 
0 78

fn=(1208)
0 34

fn=(1296)
0 10
cob=(4)
cfi=(175)
cfn=(1076)
calls=1 0 
0 78
0 4
cob=(4)
cfi=(175)
cfn=(1076)
calls=1 0 
0 78
0 7
cob=(4)
cfi=(175)
cfn=(1076)
calls=1 0 
0 78

fn=(1364)
0 70

fn=(1384)
0 84

fn=(1450)
0 12

fn=(1456)
0 39
cob=(4)
cfi=(175)
cfn=(1458)
calls=3 0 
0 845
0 21
cob=(4)
cfi=(175)
cfn=(1464)
calls=3 0 
0 3323
0 6
cob=(4)
cfi=(175)
cfn=(1458)
calls=3 0 
0 18
0 12
cob=(4)
cfi=(175)
cfn=(1508)
calls=3 0 
0 1778
0 69

fn=(1512)
0 45
cob=(4)
cfi=(175)
cfn=(1514)
calls=3 0 
0 712
0 9

fn=(1526)
0 6
cob=(4)
cfi=(175)
cfn=(1458)
calls=2 0 
0 12

fn=(1600)
0 492

fn=(1822)
0 1320
cob=(4)
cfi=(175)
cfn=(1824)
calls=120 0 
0 3045
0 240
cob=(4)
cfi=(175)
cfn=(1830)
calls=120 0 
0 3225
0 960
cob=(4)
cfi=(175)
cfn=(1050)
calls=120 0 
0 1680

fn=(1838)
0 224
cob=(4)
cfi=(175)
cfn=(1552)
calls=16 0 
0 832
0 352

fn=(2040)
0 52
cfn=(3278)
calls=1 0 
0 2741
0 13
cfn=(1560)
calls=1 0 
0 3
0 39

fn=(2094)
0 12
cob=(4)
cfi=(175)
cfn=(2056)
calls=3 0 
0 63
0 6

fn=(688)
0 120
cob=(4)
cfi=(175)
cfn=(690)
calls=15 0 
0 3010
0 105

fn=(3218)
0 360954
cob=(4)
cfi=(175)
cfn=(1398)
calls=32814 0 
0 525024
0 131256
cob=(4)
cfi=(175)
cfn=(3220)
calls=32814 0 
0 6165465
0 164070

fn=(3376)
0 6

fn=(3382)
0 22

fn=(3386)
0 12
cob=(4)
cfi=(175)
cfn=(1592)
calls=2 0 
0 86

fn=(3394)
0 8
cob=(4)
cfi=(175)
cfn=(1592)
calls=1 0 
0 51

fn=(3412)
0 3
cob=(4)
cfi=(175)
cfn=(3414)
calls=1 0 
0 1166

fn=(3430)
0 17
cob=(4)
cfi=(175)
cfn=(3226)
calls=1 0 
0 24
0 21
cfn=(3432)
calls=1 0 
0 5729
0 20

fn=(3444)
0 30

fn=(3612)
0 2

fn=(3624)
0 4
cob=(4)
cfi=(175)
cfn=(3618)
calls=1 0 
0 4

fn=(3634) __gnu_cxx::stdio_sync_filebuf<char, std::char_traits<char> >::sync()
0 15
cob=(4)
cfi=(175)
cfn=(3636)
calls=5 0 
0 1241

fn=(3654)
0 8
cob=(4)
cfi=(175)
cfn=(3656)
calls=2 0 
0 1659
0 10

fn=(1338)
0 42

fn=(812)
0 88
cob=(4)
cfi=(175)
cfn=(814)
calls=1 0 
0 505
0 24
cob=(4)
cfi=(175)
cfn=(814)
calls=1 0 
0 395
0 3
cob=(4)
cfi=(175)
cfn=(814)
calls=1 0 
0 560
0 9
cob=(4)
cfi=(175)
cfn=(814)
calls=1 0 
0 205
0 3
cob=(4)
cfi=(175)
cfn=(814)
calls=1 0 
0 150
0 3
cob=(4)
cfi=(175)
cfn=(814)
calls=1 0 
0 847
0 3
cob=(4)
cfi=(175)
cfn=(814)
calls=1 0 
0 260
0 7
cob=(4)
cfi=(175)
cfn=(814)
calls=1 0 
0 340
0 3
cob=(4)
cfi=(175)
cfn=(814)
calls=1 0 
0 195
0 3
cob=(4)
cfi=(175)
cfn=(814)
calls=1 0 
0 615

fn=(1090)
0 10
cob=(4)
cfi=(175)
cfn=(1092)
calls=1 0 
0 756
0 7
cob=(4)
cfi=(175)
cfn=(1076)
calls=1 0 
0 78
0 3
cob=(4)
cfi=(175)
cfn=(1092)
calls=1 0 
0 7
0 9
cob=(4)
cfi=(175)
cfn=(1076)
calls=1 0 
0 78

fn=(1342)
0 42

fn=(1470) 0x00000000000f8e30
0 27

fn=(1530)
0 12

fn=(1534)
0 3066
cob=(4)
cfi=(175)
cfn=(1546)
calls=122 0 
0 25552
0 8
cob=(4)
cfi=(175)
cfn=(1546)
calls=1 0 
0 7415
0 2
cob=(4)
cfi=(175)
cfn=(1536)
calls=1 0 
0 2373
0 5

fn=(1566)
0 52
cob=(4)
cfi=(175)
cfn=(1568)
calls=4 0 
0 1584
0 16
cob=(4)
cfi=(175)
cfn=(1580)
calls=4 0 
0 774
0 40

fn=(1636)
0 153090
cob=(4)
cfi=(175)
cfn=(726)
calls=17010 0 
0 136080
0 221130

fn=(2050)
0 6
cob=(4)
cfi=(175)
cfn=(1912)
calls=3 0 
0 549

fn=(682)
0 18
cob=(4)
cfi=(175)
cfn=(684)
calls=1 0 
0 3746
0 103

fn=(3026)
0 55915

fn=(3306)
0 176627
cob=(4)
cfi=(175)
cfn=(3308)
calls=16057 0 
0 5525666

fn=(3328)
0 228
cob=(4)
cfi=(175)
cfn=(1568)
calls=12 0 
0 168
0 168
cob=(4)
cfi=(175)
cfn=(3330)
calls=12 0 
0 847
0 192

fn=(3608)
0 2

fn=(3632)
0 51
cob=(4)
cfi=(175)
cfn=(3226)
calls=3 0 
0 219
0 21
cfn=(3634)
calls=3 0 
0 1114
0 52
cob=(4)
cfi=(175)
cfn=(3650)
calls=1 0 
0 2373
0 7
cfn=(3634)
calls=1 0 
0 71
0 2

fn=(3633)
0 17
cob=(4)
cfi=(175)
cfn=(3227)
calls=1 0 
0 24
0 7
cfn=(3634)
calls=1 0 
0 71
0 17

fn=(3678)
0 48
cob=(4)
cfi=(175)
cfn=(3669)
calls=1 0 
0 138
0 27

fn=(3679)
0 22

fn=(748)
0 114

fn=(1036)
0 2888
cob=(4)
cfi=(175)
cfn=(1038)
calls=361 0 
0 38598
0 1083
cob=(4)
cfi=(175)
cfn=(1056)
calls=361 0 
0 21928
0 4693

fn=(1104)
0 3

fn=(1172)
0 78

fn=(1302)
0 5
cob=(4)
cfi=(175)
cfn=(1076)
calls=1 0 
0 78

fn=(1406)
0 157
cob=(4)
cfi=(175)
cfn=(1372)
calls=2 0 
0 34
0 70
cob=(4)
cfi=(175)
cfn=(1408)
calls=3 0 
0 3601
0 13

fn=(1634)
0 19573
cfn=(1636)
calls=851 0 
0 25530
0 12765
cfn=(1642)
calls=851 0 
0 30636
0 7659
cfn=(1652) 0x00000000001164e0
calls=851 0 
0 16169
0 10010
cfn=(1840) 0x000000000013e850
calls=300 0 
0 1800
0 1200
cfn=(1642)
calls=300 0 
0 10800
0 2700
cfn=(1652)
calls=300 0 
0 5700
0 75351
cfn=(1840)
calls=140 0 
0 840
0 1260
cfn=(1642)
calls=140 0 
0 5408
0 1212
cfn=(1652)
calls=124 0 
0 2356
0 9425
cfn=(1660) 0x000000000013eae0
calls=17 0 
0 221
0 4170
cfn=(1660)
calls=834 0 
0 10842
0 22179
cfn=(1666)
calls=1 0 
0 16
0 684

fn=(676)
0 21

fn=(2678)
0 18480
cob=(4)
cfi=(175)
cfn=(1420)
calls=4620 0 
0 300300
0 9240

fn=(3270)
0 832167
cfn=(1560)
calls=48951 0 
0 146853
0 636451
cob=(4)
cfi=(175)
cfn=(3324)
calls=12 0 
0 2450
0 440619
cob=(4)
cfi=(175)
cfn=(3272)
calls=48939 0 
0 3056797
0 204

fn=(3314)
0 48171
cob=(4)
cfi=(175)
cfn=(3316)
calls=16057 0 
0 4127975

fn=(3350)
0 11
cob=(4)
cfi=(175)
cfn=(1568)
calls=1 0 
0 14
0 5
cob=(4)
cfi=(175)
cfn=(3352)
calls=1 0 
0 809
0 11

fn=(3370)
0 3

fn=(3420) std::num_put<char, std::ostreambuf_iterator<char, std::char_traits<char> > >::do_put(std::ostreambuf_iterator<char, std::char_traits<char> >, std::ios_base&, char, bool) const
0 21
cob=(4)
cfi=(175)
cfn=(3316)
calls=1 0 
0 298
0 21

fn=(3424)
0 2
cob=(4)
cfi=(175)
cfn=(3426)
calls=1 0 
0 6539

fn=(3590)
0 9
cob=(4)
cfi=(175)
cfn=(3596)
calls=1 0 
0 8293
0 1
cfn=(3684) 0x00000000000b7a30
calls=1 0 
0 5
0 3

fn=(3598)
0 5

fn=(3604)
0 2

fn=(3616)
0 4
cob=(4)
cfi=(175)
cfn=(3618)
calls=1 0 
0 769

fn=(3684)
0 5

fn=(730)
0 109458

fn=(832)
0 14
cob=(4)
cfi=(175)
cfn=(684)
calls=1 0 
0 25
0 5

fn=(1084)
0 12

fn=(1116)
0 23
cob=(4)
cfi=(175)
cfn=(1118)
calls=1 0 
0 1379
0 27
cob=(4)
cfi=(175)
cfn=(1136)
calls=1 0 
0 2676
0 8

fn=(1418)
0 1276
cob=(4)
cfi=(175)
cfn=(1420)
calls=102 0 
0 6775
0 12
cob=(4)
cfi=(175)
cfn=(1420)
calls=4 0 
0 1507

fn=(1428)
0 102
cob=(4)
cfi=(175)
cfn=(1912)
calls=6 0 
0 607
0 12

fn=(1516)
0 6
cob=(4)
cfi=(175)
cfn=(1420)
calls=3 0 
0 700

fn=(1556)
0 56667

fn=(1596)
0 2831
cob=(4)
cfi=(175)
cfn=(1372)
calls=121 0 
0 1649
0 999
cob=(4)
cfi=(175)
cfn=(1408)
calls=2 0 
0 617
0 18

fn=(1604)
0 484

fn=(1626)
0 11914
cob=(4)
cfi=(175)
cfn=(1552)
calls=851 0 
0 54002
0 21275
cfn=(1628)
calls=851 0 
0 283216
0 5191
cob=(4)
cfi=(175)
cfn=(1518)
calls=17 0 
0 153
0 11931

fn=(1666)
0 272

fn=(634)
0 8
cob=(4)
cfi=(175)
cfn=(636)
calls=1 0 
0 84316
0 7
cob=(4)
cfi=(175)
cfn=(1076)
calls=1 0 
0 981

fn=(3224)
0 623523
cob=(4)
cfi=(175)
cfn=(3226)
calls=32817 0 
0 788322
0 1082961
cfn=(3270)
calls=32801 0 
0 3429791
cfn=(3232)
calls=16 0 
0 10772
0 164085

fn=(3338)
0 8
cob=(4)
cfi=(175)
cfn=(2030)
calls=1 0 
0 3522
0 5

fn=(3360)
0 18
cob=(4)
cfi=(175)
cfn=(2030)
calls=1 0 
0 35
0 2
cob=(4)
cfi=(175)
cfn=(2090)
calls=1 0 
0 29
0 5
cob=(4)
cfi=(175)
cfn=(1050)
calls=1 0 
0 14
0 9
cob=(4)
cfi=(175)
cfn=(1818)
calls=1 0 
0 75

fn=(3418)
0 17
cob=(4)
cfi=(175)
cfn=(3226)
calls=1 0 
0 24
0 21
cfn=(3420)
calls=1 0 
0 340
0 20

fn=(3626)
0 14
cob=(4)
cfi=(175)
cfn=(3628)
calls=1 0 
0 1725
0 2
cob=(4)
cfi=(175)
cfn=(3628)
calls=1 0 
0 2739
0 2
cob=(4)
cfi=(175)
cfn=(3628)
calls=1 0 
0 138
0 2
cob=(4)
cfi=(175)
cfn=(3668)
calls=1 0 
0 1938
0 2
cob=(4)
cfi=(175)
cfn=(3668)
calls=1 0 
0 401
0 2
cob=(4)
cfi=(175)
cfn=(3668)
calls=1 0 
0 138
0 2

fn=(3660)
0 10
cob=(4)
cfi=(175)
cfn=(3662)
calls=2 0 
0 944
0 6

fn=(3672)
0 51
cob=(4)
cfi=(175)
cfn=(3674)
calls=3 0 
0 1141
0 21
cfn=(3680) __gnu_cxx::stdio_sync_filebuf<wchar_t, std::char_traits<wchar_t> >::sync()
calls=3 0 
0 213
0 52
cob=(4)
cfi=(175)
cfn=(3650)
calls=1 0 
0 35
0 7
cfn=(3680)
calls=1 0 
0 71
0 2

fn=(3673)
0 17
cob=(4)
cfi=(175)
cfn=(3675)
calls=1 0 
0 24
0 7
cfn=(3680)
calls=1 0 
0 71
0 17

fn=(3680)
0 15
cob=(4)
cfi=(175)
cfn=(3636)
calls=5 0 
0 340

fn=(724)
0 480
cob=(4)
cfi=(175)
cfn=(726)
calls=32 0 
0 1263
0 11712

fn=(766)
0 13
cob=(4)
cfi=(175)
cfn=(684)
calls=1 0 
0 25
0 119

fn=(772)
0 14
cob=(4)
cfi=(175)
cfn=(684)
calls=1 0 
0 25
0 2
cob=(4)
cfi=(175)
cfn=(672)
calls=1 0 
0 5
0 5

fn=(784)
0 11
cob=(4)
cfi=(175)
cfn=(786)
calls=1 0 
0 800
0 770
cob=(4)
cfi=(175)
cfn=(792)
calls=128 0 
0 4320
0 262
cob=(4)
cfi=(175)
cfn=(798)
calls=1 0 
0 769
0 510
cob=(4)
cfi=(175)
cfn=(798)
calls=255 0 
0 11618
0 1086
cob=(4)
cfi=(175)
cfn=(808)
calls=8 0 
0 3316
0 72
cob=(4)
cfi=(175)
cfn=(808)
calls=4 0 
0 1745
0 23
cob=(4)
cfi=(175)
cfn=(786)
calls=1 0 
0 24
0 2

fn=(856)
0 16
cob=(4)
cfi=(175)
cfn=(672)
calls=1 0 
0 5
0 4
cob=(4)
cfi=(175)
cfn=(858)
calls=1 0 
0 1147
0 4

fn=(868)
0 14
cob=(4)
cfi=(175)
cfn=(684)
calls=1 0 
0 25
0 2
cob=(4)
cfi=(175)
cfn=(672)
calls=1 0 
0 5
0 5

fn=(906)
0 115

fn=(960)
0 109

fn=(1042)
0 5475
cob=(4)
cfi=(175)
cfn=(650)
calls=365 0 
0 11680
0 1095
cob=(4)
cfi=(175)
cfn=(1044)
calls=365 0 
0 9824
0 730
cob=(4)
cfi=(175)
cfn=(1050)
calls=365 0 
0 5821
0 2920

fn=(1096)
0 10

fn=(1198)
0 48

fn=(1356)
0 42

fn=(1388)
0 24

fn=(1468)
0 30
cfn=(1470)
calls=3 0 
0 27
0 18
cob=(4)
cfi=(175)
cfn=(1458)
calls=3 0 
0 18
0 15
cob=(4)
cfi=(175)
cfn=(1476)
calls=3 0 
0 2297
0 33

fn=(1540)
0 741
cob=(4)
cfi=(175)
cfn=(1542)
calls=1 0 
0 812
0 13

fn=(1652)
0 24225

fn=(1660)
0 11063

fn=(1840)
0 2640

fn=(2028)
0 32
cob=(4)
cfi=(175)
cfn=(2030)
calls=2 0 
0 5932
0 4
cob=(4)
cfi=(175)
cfn=(2090)
calls=2 0 
0 789
0 10
cob=(4)
cfi=(175)
cfn=(1050)
calls=2 0 
0 28
0 20
cob=(4)
cfi=(175)
cfn=(1818)
calls=2 0 
0 150

fn=(2034)
0 52
cob=(4)
cfi=(175)
cfn=(1458)
calls=4 0 
0 24
0 17
cob=(4)
cfi=(175)
cfn=(2036)
calls=3 0 
0 3820
0 15
cob=(4)
cfi=(175)
cfn=(2042)
calls=3 0 
0 1665
0 45
cob=(4)
cfi=(175)
cfn=(2056)
calls=3 0 
0 2871
0 54

fn=(656)
0 12
cob=(4)
cfi=(175)
cfn=(666)
calls=1 0 
0 72631
0 9
cob=(4)
cfi=(175)
cfn=(1018)
calls=1 0 
0 744
0 4952

fn=(700)
0 7
cob=(4)
cfi=(175)
cfn=(704)
calls=1 0 
0 1809

fn=(3020)
0 157289
cob=(4)
cfi=(175)
cfn=(3022)
calls=598 0 
0 57998
0 4784

fn=(3614)
0 2

totals: 309298185
