# callgrind format
version: 1
creator: callgrind-3.22.0
pid: 33550
cmd:  ./build/mapf_solver -m data/gen_map.txt -s data/gen_scen.txt --out data/output_paths.json --hl pibt --ll astar
part: 1


desc: I1 cache: 
desc: D1 cache: 
desc: LL cache: 

desc: Timerange: Basic block 0 - 513470129
desc: Trigger: Program termination

positions: line
events: Ir
summary: 3595532203


ob=(1) /usr/lib/x86_64-linux-gnu/ld-linux-x86-64.so.2
fl=(48) ./elf/./elf/dl-audit.c
fn=(3606) _dl_audit_objclose
97 7
+1 28

fn=(1322) _dl_audit_preinit
118 1
+1 4

fn=(198) _dl_audit_objopen
77 5
+1 20

fn=(570) _dl_audit_activity_nsid
41 3
+4 12
+1 3
+1 15

fn=(152) _dl_audit_activity_map
29 2
+2 1
-2 5
+1 1
+1 2
+6 6

fl=(71) ./malloc/./malloc/scratch_buffer_set_array_size.c
fn=(228) __libc_scratch_buffer_set_array_size
30 65
+4 5
+1 10
+10 10
+18 5
-17 5
+17 25

fl=(44) ./string/./string/strdup.c
fn=(138) strdup
40 36
+1 6
cfi=(22) ./string/../sysdeps/x86_64/multiarch/../multiarch/strlen-sse2.S
cfn=(62) strlen
calls=6 +16 
* 192
* 6
fi=(318) ./string/../include/rtld-malloc.h
+15 12
cfi=(27) ./elf/./elf/dl-minimal-malloc.c
cfn=(78) __minimal_malloc
calls=6 -20 
* 180
fe=(44)
-12 12
+3 18
+1 18
-1 6
cfi=(29) ./string/../sysdeps/x86_64/multiarch/memmove-vec-unaligned-erms.S
cfn=(82) memcpy
calls=6 210 
* 90

fl=(50) ./elf/./elf/dl-catch.c
fn=(236) _dl_receive_error
186 2
58 1
186 4
+2 1
-2 1
58 1
+1 1
+11 1
192 1
+2 1
cfi=(2) ./elf/./elf/rtld.c
cfn=(238) version_check_doit
calls=1 674 
* 25323
69 2
+1 1
198 1
-1 1
+1 3

fn=(160) _dl_catch_exception
204 78
58 13
204 26
+3 26
+22 13
-1 13
+1 13
58 26
235 39
cfi=(51) ./setjmp/../sysdeps/x86_64/setjmp.S
cfn=(162) __sigsetjmp
calls=13 31 
* 312
* 39
+2 39
cfi=(64) ./elf/./elf/dl-deps.c
cfn=(206) openaux
calls=12 61 
* 23888
cfi=(2)
cfn=(164) map_doit
calls=1 641 
* 2662
69 13
+1 13
-1 13
+1 13
239 52
-25 13
+34 39
59 26
+11 39

fn=(158) _dl_catch_error
254 6
+2 1
-2 6
+2 1
cfn=(160)
calls=1 -52 
* 2728
+1 2
+1 1
+1 1
-1 1
+1 1
+2 6

fl=(2)
fn=(2) _dl_start
517 16
85 1
547 4
85 1
543 1
fi=(6) ./elf/../sysdeps/x86_64/dl-machine.h
55 1
fe=(2)
+30 1
546 1
85 1
fi=(3) ./elf/./get-dynamic-info.h
-40 1
fe=(2)
546 1
fi=(3)
45 2
+23 18
-23 72
+4 36
+3 5
-1 10
+3 20
+1 16
+1 5
fi=(4) ./elf/../sysdeps/generic/ldsodefs.h
+23 1
fi=(3)
+31 1
-38 3
+12 4
+1 3
+1 4
+1 4
+1 5
+1 3
+1 4
+1 4
+12 7
+7 2
-51 4
+64 3
+6 3
+1 3
+3 2
+1 3
+5 5
+3 5
fe=(2)
563 154
fi=(4)
79 1
fe=(2)
563 1
fi=(4)
79 2
fe=(2)
563 27
fi=(6)
287 3
fi=(5) ./elf/./elf/do-rel.h
49 1
fe=(2)
563 1
fi=(5)
50 1
-1 2
+4 1
-3 1
+3 4
+3 2
-7 1
fe=(2)
563 1
fi=(5)
50 1
-1 2
+4 1
-3 1
+3 4
+3 2
+7 3
+2 3
-2 6
fi=(6)
278 3
fi=(5)
64 6
fi=(6)
278 6
+9 24
+3 6
+1 6
+26 8
+6 2
fi=(5)
61 13
fe=(2)
563 6
fi=(5)
51 1
fi=(4)
+28 2
fi=(3)
-17 4
+2 4
fe=(2)
565 1
+13 1
cfi=(7) ./elf/./elf/dl-minimal.c
cfn=(12) __rtld_malloc_init_stubs
calls=1 42 
* 10
458 2
85 1
476 2
85 3
476 1
cfi=(8) ./elf/./elf/dl-setup_hash.c
cfn=(14) _dl_setup_hash
calls=1 25 
* 27
+2 1
+16 2
-17 1
+11 1
-10 1
+16 1
cfi=(9) ./elf/../sysdeps/unix/sysv/linux/dl-sysdep.c
cfn=(16) _dl_sysdep_start
calls=1 102 
* 1847068
* 1
+2 2
+89 9
fi=(3)
103 3
fe=(2)

fn=(246) init_tls
734 1
+6 1
-6 3
+2 2
+4 2
+11 1
fi=(28) ./elf/../include/rtld-malloc.h
44 1
fe=(2)
746 1
+4 1
fi=(28)
44 1
cfi=(27)
cfn=(74) __minimal_calloc
calls=1 +36 
* 41
fe=(2)
761 1
-12 1
+6 1
-9 1
+11 1
+4 1
+2 3
-1 2
+3 14
+4 3
+2 3
-2 6
-5 3
-1 6
+10 3
+3 2
cfi=(46) ./elf/../elf/dl-tls.c
cfn=(248) _dl_tls_static_surplus_init
calls=1 97 
* 86
+3 1
cfi=(46)
cfn=(250) _dl_determine_tlsoffset
calls=1 216 
* 147
+7 1
cfi=(46)
cfn=(252) _dl_allocate_tls_storage
calls=1 417 
* 470
* 1
+1 2
+6 1
fi=(74) ./elf/../sysdeps/generic/dl-call_tls_init_tp.h
31 2
fe=(2)
793 1
fi=(74)
31 6
+2 1
cfi=(24) ./elf/../sysdeps/nptl/dl-tls_init_tp.c
cfn=(256) __tls_init_tp
calls=1 +35 
* 79
fe=(2)
800 1
-3 1
+3 4
-36 4
-1 9

fn=(154) handle_preload_list
869 11
+5 1
-5 2
+5 2
-4 3
+7 3
cfi=(49) ./string/../string/strcspn.c
cfn=(156) strcspn
calls=1 32 
* 240
* 1
+1 3
+9 1
183 1
889 2
183 2
891 2
-80 1
+5 1
-6 1
-4 1
+10 2
-6 1
+4 1
+2 2
-5 1
+1 1
+4 1
cfi=(50)
cfn=(158)
calls=1 254 
* 2754
+1 3
+8 3
+67 1
-18 2
+21 9
-15 4
cfi=(29)
cfn=(82)
calls=1 210 
* 19
+1 2

fn=(238)
674 2
+2 1
-2 4
+2 3
cfi=(73) ./elf/./elf/dl-version.c
cfn=(240) _dl_check_all_versions
calls=1 392 
* 25308
* 2
+4 3

fn=(66) dl_main
1346 2
197 1
1346 11
199 1
302 1
+1 1
197 1
+99 3
1357 1
cfi=(24)
cfn=(68) __tls_pre_init_tp
calls=1 53 
* 17
2749 1
2538 1
2749 2
2598 1
+2 2
+15 1
-13 2
cfi=(25) ./elf/./elf/dl-environ.c
cfn=(70) _dl_next_ld_env_entry
calls=1 28 
* 47
* 4
cfi=(25)
cfn=(70)
calls=2 28 
* 275
* 9
+4 6
-2 2
+2 6
+1 2
-1 6
+1 17
-1 89
+9 12
2727 3
1373 1
+1 2
-1 2
+1 2
2687 3
-47 2
+10 2
1637 9
cfi=(26) ./elf/./elf/dl-object.c
cfn=(72) _dl_new_object
calls=1 59 
* 210
* 1
+2 2
+1 3
+6 1
-5 2
+1 3
+4 1
cfi=(26)
cfn=(84) _dl_add_to_namespace_list
calls=1 31 
* 42
+1 2
1116 1
-1 1
1351 1
1143 1
-21 2
+21 2
-19 1
+1 1
-3 1
+21 2
+57 1
-82 1
+25 1
-3 1
+4 1
+19 1
+37 4
-56 102
+56 4
-1 4
+1 8
-1 4
+2 8
+1 1
+2 12
+1 14
+4 8
+1 8
+1 4
+4 12
-72 27
1253 2
+1 22
+6 4
cfi=(30) ./elf/./elf/dl-load.c
cfn=(88) _dl_process_pt_gnu_property
calls=1 868 
* 90
-7 26
+1 13
+6 13
-6 26
fi=(31) ./elf/../sysdeps/x86/dl-prop.h
235 4
+1 2
-87 4
fe=(2)
1148 1
-5 1
+5 2
-5 2
+30 1
-9 2
+2 1
-3 1
+10 2
+18 2
-38 2
-10 1
+10 1
+1 9
-11 2
+1 14
1247 1
1143 1
1247 2
1143 3
1266 4
+3 3
+2 3
1672 3
+2 2
-1 1
+1 1
+1 3
-2 2
cfi=(32) ./string/../sysdeps/x86_64/multiarch/../multiarch/strcmp-sse2.S
cfn=(94) strcmp
calls=1 98 
* 25
* 2
+7 1
+3 1
-5 1
+3 1
+2 1
+1 2
+4 2
+2 2
fi=(3)
39 4
+4 1
+2 1
+9 1
+1 1
-10 2
+23 28
-23 112
+4 56
+3 6
-1 12
+3 24
+1 20
fe=(2)
1243 1
1143 1
1243 1
1143 2
fi=(3)
72 4
+43 2
+7 3
+1 4
+6 3
+18 4
+5 2
+2 2
+2 2
+2 2
+1 2
+3 4
+2 3
+1 2
+9 2
+6 2
+1 3
+3 3
fe=(2)
1698 4
+7 2
cfi=(8)
cfn=(14)
calls=1 25 
* 27
+3 2
fi=(33) ./elf/./setup-vdso.h
24 2
fi=(36) ./elf/./dl-main.h
+85 2
fi=(35) ./elf/../sysdeps/unix/sysv/linux/dl-vdso-setup.h
-64 1
fi=(36)
+64 3
cfi=(30)
cfn=(106) _dl_init_paths
calls=1 706 
* 2322
fe=(2)
1733 3
cfi=(45) ./elf/./elf/dl-debug.c
cfn=(144) _dl_debug_initialize
calls=1 56 
* 34
+7 1
-5 1
-2 1
+7 1
+4 1
+1 1
+2 1
-3 3
+1 2
+3 1
+11 1
-13 1
+13 1
+1 2
+5 1
-3 2
+2 1
+1 2
+5 3
+1 5
-1 2
224 1
+1 1
-1 1
+1 3
+1 2
1788 2
+5 1
-1 1
1352 1
1793 1
+24 1
cfi=(46)
cfn=(146) _dl_count_modids
calls=1 192 
* 6
* 1
fi=(47) ./elf/../sysdeps/generic/dl-debug.h
29 4
+1 1
fe=(2)
1823 1
+1 1
cfi=(45)
cfn=(150) _dl_debug_state
calls=1 116 
* 2
+1 1
+4 3
cfi=(48)
cfn=(152)
calls=1 29 
* 17
+5 3
+2 1
+2 2
+9 2
+16 4
cfi=(63) ./io/../sysdeps/unix/sysv/linux/access.c
cfn=(200) access
calls=1 25 
* 9
* 2
+76 4
+16 3
85 1
1965 1
85 2
1965 1
85 1
1965 5
85 1
1965 2
cfi=(64)
cfn=(202) _dl_map_object_deps
calls=1 143 
* 28695
92 1
+9 1
1971 1
92 2
+9 2
1971 2
+1 6
-1 4
+1 12
-1 24
+4 3
+1 2
+1 1
+2 26
+1 12
+46 1
-42 2
+8 3
+1 2
+2 1
+2 3
+2 1
-4 1
+5 1
-1 2
+14 2
+1 2
+1 3
-25 1
+36 2
+2 1
-2 1
+2 2
-2 1
+1 2
+1 1
-1 2
+1 1
cfi=(50)
cfn=(236)
calls=1 186 
* 25345
+10 1
+1 1
-1 1
+1 1
+3 2
837 1
fi=(319) ./elf/../sysdeps/unix/sysv/linux/dl-osinfo.h
39 2
fe=(2)
839 1
fi=(319)
52 1
fe=(2)
848 1
+7 1
-5 1
2047 3
2246 2
+4 1
-4 1
+10 1
-6 1
+6 1
-6 1
+9 2
+8 2
fi=(31)
36 2
+1 3
+3 3
+13 9
-13 6
+9 12
-9 1
+9 28
+4 24
-16 21
+34 1
fe=(2)
2279 1
fi=(31)
71 1
cfi=(76) ./elf/../sysdeps/x86_64/dl-cet.c
cfn=(260) _dl_cet_check
calls=1 361 
* 55
fe=(2)
2282 1
-3 2
+5 1
-2 2
+2 2
+1 6
cfi=(77) ./elf/./elf/dl-reloc.c
cfn=(262) _dl_relocate_object
calls=1 207 
* 76590
85 2
2292 1
85 2
2292 1
+1 20
+2 14
+5 14
+2 14
+6 7
+2 14
+1 48
cfi=(77)
cfn=(262)
calls=6 207 
* 1662430
+4 20
+1 6
-23 3
+23 3
cfi=(46)
cfn=(438) _dl_add_to_slotinfo
calls=3 1017 
* 84
-23 7
92 3
+1 1
2325 1
93 1
2325 1
+4 4
+2 1
+7 4
cfi=(46)
cfn=(528) _dl_allocate_tls_init
calls=1 523 
* 306
+3 2
+4 3
+2 2
+33 3
cfi=(169) ./elf/./elf/dl-call-libc-early-init.c
cfn=(552) _dl_call_libc_early_init
calls=1 27 
* 603
+7 1
cfi=(9)
cfn=(568) _dl_sysdep_start_cleanup
calls=1 147 
* 2
+3 3
cfi=(48)
cfn=(570)
calls=1 41 
* 11
+4 2
cfi=(45)
cfn=(196) _dl_debug_update
calls=1 38 
* 7
+1 1
-1 1
+2 1
cfi=(45)
cfn=(150)
calls=1 116 
* 2
+1 1
+4 1
cfi=(67) ./elf/./elf/dl-cache.c
cfn=(572) _dl_unload_cache
calls=1 525 
* 19
+5 8
2304 1
+1 1
-3 2
226 2
-2 1
+1 1
1773 1
+6 1
-6 2
+6 1
fi=(3)
56 5
+3 4
fi=(34) ./elf/../sysdeps/unix/sysv/linux/dl-vdso.h
-19 2
+1 5
fi=(35)
-11 1
+3 1
+3 1
+3 1
fi=(34)
+16 2
fi=(3)
+17 3
+12 3
+1 5
+1 5
+1 5
+1 4
+1 5
+1 5
+1 5
+12 2
+7 1
-7 7
+7 2
fe=(2)
1743 4
2357 1
cfi=(163) ./elf/./elf/dl-find_object.c
cfn=(530) _dl_find_object_init
calls=1 561 
* 1041
+5 3
cfi=(7)
cfn=(538) __rtld_malloc_init_real
calls=1 76 
* 3003
+3 1
cfi=(167) ./elf/../sysdeps/nptl/dl-mutex.c
cfn=(546) __rtld_mutex_init
calls=1 30 
* 503
85 1
2371 1
+1 3
85 3
2372 2
cfi=(77)
cfn=(262)
calls=1 207 
* 1871
92 3
+9 3
2687 2
+2 1
+1 1
-1 1
+1 1
+1 1
2040 2
cfn=(246)
calls=1 734 
* 923
* 2
2650 2
+2 2
+1 1
fi=(3)
62 4
+2 4
fe=(2)
1943 10
85 1
1842 2
85 3
1842 2
cfn=(154)
calls=1 869 
* 3084
* 1
92 3
+9 3
1943 6
+1 1
-1 1
+4 3
+1 1
+1 2
+1 2
-7 2

fn=(164)
641 2
+2 1
-2 4
+2 1
+1 2
-1 2
+1 3
cfi=(30)
cfn=(166) _dl_map_object
calls=1 1967 
* 2643
* 1
+2 3

fl=(43) ./string/../sysdeps/x86_64/multiarch/../multiarch/memset-vec-unaligned-erms.S
fn=(130) memset
132 12
+1 60
+5 12
+1 12
+3 5
+1 5
+2 1
+1 1
+1 1
+97 4
+1 4
+12 4
+3 4
+1 4
+12 4
+1 4
+13 4
+1 4
+2 4
+3 3
+3 6
+3 3
+1 3
+1 3
+1 3
+1 3
+1 3
+1 3
-6 90
+1 90
+1 90
+1 90
+1 90
+1 90
+1 90
+3 4
+1 4
+1 4
+1 4
+5 4
+34 7
+2 7
+1 7
+39 7
+1 7
+2 7

fl=(67)
fn=(572)
525 1
+1 4
-1 1
+3 1
-3 1
+3 1
cfi=(140) ./misc/../sysdeps/unix/syscall-template.S
cfn=(574) munmap
calls=1 117 
* 6
+7 1
-6 1
+4 1
+2 1

fn=(214) _dl_load_cache_lookup
403 40
+2 8
+3 12
+69 9
+5 4
205 4
482 8
+3 12
fi=(69) ./elf/../sysdeps/x86/dl-procinfo.h
39 8
+3 12
cfi=(32)
cfn=(94)
calls=4 +56 
* 100
* 16
fe=(67)
208 24
cfi=(11) ./elf/./elf/dl-tunables.c
cfn=(28) __tunable_get_val
calls=4 387 
* 92
* 4
+12 4
-10 4
-2 4
+12 8
-7 20
+9 20
+1 4
-32 8
+36 4
-4 4
+4 8
-5 150
+1 30
-32 60
+36 30
-4 30
+4 60
+4 102
cfn=(222) _dl_cache_libcmp
calls=34 357 
* 2690
+1 68
346 30
+3 16
220 32
347 14
220 36
+2 40
+20 8
+3 8
+2 16
cfn=(222)
calls=4 357 
* 320
* 8
-7 8
-30 12
+1 4
fi=(320) ./elf/../sysdeps/x86/dl-isa-level.h
28 8
fe=(67)
210 8
fi=(320)
28 4
fe=(67)
210 4
+1 4
-1 12
+76 12
fi=(320)
28 12
fe=(67)
259 8
+10 12
+1 16
+16 4
fi=(68) ./elf/../sysdeps/generic/dl-cache.h
125 4
fe=(67)
286 12
+9 8
+3 8
+3 4
+1 12
+28 8
500 8
+12 8
cfi=(22)
cfn=(62)
calls=4 57 
* 140
+1 4
-1 4
+1 48
+1 4
-1 4
+1 4
-1 4
+1 4
cfi=(29)
cfn=(82)
calls=4 210 
* 60
* 4
+1 4
cfi=(44)
cfn=(138)
calls=4 40 
* 396
+1 32
411 4
cfi=(52) ./elf/./elf/dl-misc.c
cfn=(216) _dl_sysdep_read_whole_file
calls=1 36 
* 103
* 1
+8 5
+1 8
+3 3
+1 1
-1 3
fi=(68)
194 1
+1 5
fe=(67)
431 1
+1 2

fn=(222)
357 38
+1 38
+32 38
-33 38
+1 84
+2 202
+2 202
-2 404
+20 396
+2 396
-12 164
+2 164
+14 164
+1 164
-29 328
+32 12
-28 8
+6 4
+2 4
-2 4
+1 4
-1 4
+1 4
-1 4
+2 12
+2 4
-3 4
+3 12
+2 8
+9 102

fl=(8)
fn=(14)
25 7
+3 7
-3 7
+3 14
+3 21
+1 14
+2 7
-1 7
+3 21
+1 7
+1 14
+7 7
-5 7
-2 7
+3 14
+2 7
+2 14
+5 7

fl=(29)
fn=(82)
210 37
+1 37
+6 37
+1 37
+2 26
+1 26
+1 26
+2 12
+1 12
+1 12
+2 12
+80 11
+1 11
+2 3
+4 3
+1 3
+1 3
+1 3
+1 3
+4 3
+2 3
+39 8
+1 8
+1 8
+1 8
+1 8
+7 12
+1 12
+1 12
+1 12
+1 12
+1 12
+1 12
+11 14
+1 14
+2 12
+1 12
+1 12
+20 2
+1 2
+4 2
+2 2
+16 2
+3 2
+2 2
+2 2
+4 2
+1 2
+9 2
+1 2
+2 2
+2 2
+1 2
+1 2
+3 2
+2 2
+2 2
+2 2
+6 2
+1 2
+1 2
+1 2
+1 2
+1 2
+1 2
+1 2
+1 2
+1 2
+1 2
+1 2
-11 4
+1 4
+1 4
+1 4
+1 4
+1 4
+1 4
+1 4
+1 4
+1 4
+1 4
+1 4
+2 2
+1 2
+1 2
+1 2
+2 2
+4 2

fn=(126) mempcpy
197 27
+1 27
+1 27
+1 27
+17 27
+1 27
+2 8
+1 8
+1 8
+2 5
+1 5
+1 5
+2 5
+80 19
+1 19
+2 6
+4 6
+1 6
+1 6
+8 6
+39 13
+1 13
+1 13
+1 13
+1 13
+7 3
+1 3
+1 3
+1 3
+1 3
+1 3
+1 3
+11 3
+1 3
+2 3
+1 3
+1 3

fl=(78) ./elf/./elf/dl-lookup.c
fn=(270) _dl_lookup_symbol_x
772 12024
+3 2004
-3 6012
+3 2004
-3 8016
fi=(79) ./elf/../sysdeps/generic/dl-new-hash.h
74 2004
+3 4008
-8 2004
+1 4008
+10 2004
+1 4008
-1 40749
+1 81498
+20 41752
-2 41752
+6 41752
-3 83504
+2 41752
-30 41752
+3 83504
fe=(78)
774 2004
+1 2004
+3 2004
-4 2004
+1 2004
+7 7978
+5 2004
-2 2004
+2 2004
-2 2004
+6 28136
+1 28056
cfn=(274) do_lookup_x
calls=2004 347 
* 728127
* 6012
+28 2004
-23 6012
+23 2004
-23 4008
+24 11912
+7 1988
-7 1988
+35 7952
+34 7952
-20 5964
+3 3976
-57 2004
+76 18036
fi=(79)
87 1001
+1 1001
+1 2002
+1 1001
fe=(78)
871 2
-72 96
+18 48
+11 64

fn=(276) check_match
70 29925
+3 11960
+13 1990
-13 1990
+13 1990
-13 1990
+13 5970
+3 4656
cfi=(32)
cfn=(94)
calls=169 +9 
* 12632
* 338
+4 1990
+1 3980
+2 3974
+19 3974
+1 15896
+2 4
+43 1987
+1 15960
-18 6
+2 6
+1 3
-1 6
+1 9
-1 6
+4 2
+1 7
+2 3
-75 6
+39 5955
cfi=(32)
cfn=(94)
calls=1985 -19 
* 53475
* 3970
-44 20
+5 10

fn=(274)
347 18036
+1 2004
-1 8016
+6 2004
-6 2004
+65 2004
-58 2004
+11 2004
+50 2004
-3 4008
+3 4008
-50 2004
+50 8016
-19 19191
+8 6397
-4 6397
+1 6397
+3 25588
+1 12794
+3 6397
-3 6397
+4 12794
+4 12794
-2 6397
+5 25588
+3 44779
+99 13245
358 12806
+3 12806
+4 12846
+21 12794
+4 12794
+71 15896
fi=(4)
139 3974
+1 5961
fe=(78)
476 3974
fi=(4)
139 2
+1 3
fe=(78)
476 2
fi=(80) ./elf/../sysdeps/generic/dl-protected.h
29 7952
fe=(78)
483 10528
+16 3812
+1 1906
+22 1906
-21 1906
+21 13424
-21 82
+21 574
-99 6429
-1 4286
+2 4286
+2 2141
+6 8564
-6 2141
+6 14987
+7 10245
-10 27010
+2 1995
+1 5985
-1 1995
+1 3990
-1 1995
+1 1995
+1 1995
-1 1995
+1 1995
-1 13965
cfn=(276)
calls=1995 70 
* 184690
+4 5985
+3 16
+31 1233
+2 2
+50 16
-1 16
+1 112
222 82
+2 82
-2 246
+2 82
-2 82
+2 82
-2 82
+2 246
+2 82
-2 246
cfi=(24)
cfn=(86) rtld_mutex_dummy
calls=82 42 
* 246
+2 82
+2 82
-1 82
+1 246
+2 162
+1 81
-1 567
+1 81
-1 162
+1 162
-1 162
+1 162
-1 1640
+24 352
+3 95
+1 285
-23 176
-1 352
487 3909
+4 1
fi=(28)
44 4
cfi=(27)
cfn=(74)
calls=1 +36 
* 41
* 1
fe=(78)
302 2
-72 1
+70 2
+5 1
+2 1
-7 1
+6 1
+1 1
170 12
+1 9
311 6
-1 2
+1 486
-1 162
+19 246
+2 82
-2 328
+2 82
cfi=(24)
cfn=(86)
calls=82 42 
* 246
+2 164
+1 82
-1 82
+1 82
176 518
-2 84
+1 252
-3 332
+7 82
+1 82
+1 82
+1 82
318 328
-56 1377
+7 10
cfi=(52)
cfn=(524) _dl_higher_prime_number
calls=2 87 
* 159
fi=(28)
44 2
fe=(78)
269 2
fi=(28)
44 4
cfi=(27)
cfn=(74)
calls=2 +36 
* 82
* 2
fe=(78)
272 4
171 4
279 2
171 4
279 296
+1 276
+1 140
170 70
281 140
170 70
281 70
170 70
+1 70
-1 70
+1 210
+1 440
+2 14
+1 42
-3 168
+7 70
+3 70
-2 70
+3 70
+76 322
-83 12
285 10
+2 2
-2 10
cfi=(27)
cfn=(142) __minimal_free
calls=2 97 
* 10
170 2
288 2
-2 2
+3 4
-1 2
+1 4
170 4
+1 2
-1 2
+1 8

fl=(316) ./elf/../sysdeps/x86_64/tls_get_addr.S
fn=(3702) __tls_get_addr
29 2
+1 2
+1 2
+2 2
+1 2
+1 2
+3 2
+1 2
+4 2
+1 2
+1 2
+1 2

fl=(24)
fn=(68)
53 3
+3 8
+5 1
-5 1
+5 1
+1 1
-6 1
+8 1

fn=(86)
42 178
+2 356

fn=(256)
68 2
fi=(321) ./elf/../include/list.h
-24 1
fe=(24)
+24 3
fi=(321)
-25 1
fe=(24)
+26 1
+3 1
fi=(321)
-29 1
+1 1
+1 1
+2 1
fe=(24)
+28 4
+1 2
+1 1
+5 2
+5 1
+6 1
-3 1
+3 1
-6 3
+6 1
+12 4
cfi=(11)
cfn=(28)
calls=1 387 
* 24
fi=(75) ./elf/../sysdeps/unix/sysv/linux/rseq-internal.h
-73 3
+8 1
fe=(24)
+81 3
+7 2
+1 3
fi=(75)
-95 7
+3 2
fe=(24)

fl=(65) ./io/../sysdeps/unix/sysv/linux/stat64.c
fn=(210) stat
28 6
+1 12
cfi=(66) ./io/../sysdeps/unix/sysv/linux/fstatat64.c
cfn=(212) fstatat
calls=3 146 
* 28

fl=(9)
fn=(18) _dl_sysdep_parse_arguments
78 1
+2 1
-2 6
+1 1
+1 1
-1 1
+2 2
+2 1
-2 1
+2 2
-1 1
+1 2
-1 47
+1 94
+7 56
fi=(10) ./elf/../sysdeps/unix/sysv/linux/dl-parse_auxv.h
-49 1
fe=(9)
+45 1
fi=(10)
-54 1
fe=(9)
+54 1
fi=(10)
-54 1
+1 1
+1 1
+7 3
+1 44
+1 22
-2 22
+2 22
-2 67
fe=(9)
+52 3
+1 1
+1 2
fi=(10)
-49 1
+1 1
fe=(9)
+46 1
fi=(10)
-45 1
+3 1
+1 1
+1 1
+1 1
+2 1
-5 1
-4 1
+1 1
+4 1
+1 1
+3 1
-7 1
-4 1
+1 1
+8 1
fe=(9)
+40 1
-1 1
+2 1
+1 6

fn=(16)
102 5
+4 1
-4 1
+1 1
+3 1
cfn=(18)
calls=1 -28 
* 438
+4 2
cfi=(11)
cfn=(22) __GI___tunables_init
calls=1 261 
* 29672
+3 1
cfi=(13) ./elf/./elf/dl-sort-maps.c
cfn=(26) _dl_sort_maps_init
calls=1 289 
* 38
+2 2
cfi=(14) ./elf/../sysdeps/unix/sysv/linux/brk.c
cfn=(30) brk
calls=1 -79 
* 8
fi=(6)
220 1
cfi=(15) ./elf/../sysdeps/x86/dl-get-cpu-features.c
cfn=(34) _dl_x86_init_cpu_features
calls=1 37 
* 7349
fe=(9)
-98 3
+1 1
cfi=(22)
cfn=(62)
calls=1 -66 
* 17
* 1
+2 2
cfi=(23) ./elf/../misc/sbrk.c
cfn=(64) sbrk
calls=1 -88 
* 16
* 3
+12 3
+3 5
cfi=(2)
cfn=(66)
calls=1 1346 
* 1809493
+3 4

fn=(568)
147 1
+1 1

fl=(32)
fn=(94)
98 2493
+33 2493
+1 2493
+2 2493
+1 2493
+21 2493
+1 2493
+1 2266
+1 2266
+1 2183
+1 2183
+1 2183
+1 2183
+17 2183
+1 2183
+1 2183
+1 2183
+1 2183
+1 2183
+1 2183
+5 63
+1 189
+9 63
+1 63
+1 63
+1 63
+1 63
+1 63
+1 63
+1 63
-7 310
+1 310
+1 310
+1 310
+1 310
+1 310
+1 310
+1 310
+1 287
+1 127
+1 127
+1 127
+2 127
+1 127
+1 127
+1 127
+1 127
+1 127
-5 160
+1 160
+1 160
+1 160
+1 160
+1 160
+10 86
+1 86
+1 86
+2 86
+6 86
+1 86
+1 86
+1 86
+1 86
+5 86
+2 75
+1 75
+1 150
+8 75
+1 75
+3 75
+1 75
+1 75
+1 75
+1 75
+1 75
+6 1
+1 1
+1 1
+3 1
+1 1
+1 1
+1 1
+1 1
+1 1
+15 6
+1 6
+1 6
+1 6
+1 6
+2 6
+1 6
+1 6
+1 6
+1 6
+1 6
+1 6
+1 6
+3 6
+1 6
+1 6
+6 6
+1 6
+1 12
+4 6
+1 6
+3 6
+1 6
+1 6
+2 6
+1 6
+1 6
+4 6
+1 6
+1 6
+1 6
+1 6
+1 6
542 2
+1 2
+1 2
+1 2
+1 2
+2 2
+1 2
+1 2
+1 2
+1 2
+1 2
+1 2
+1 2
+4 2
+1 2
+1 2
+6 2
+1 2
+1 4
+4 2
+1 2
-1 2
+1 2
+3 4
+1 4
+1 4
+2 4
+1 4
+1 4
+4 4
+1 4
+1 4
+1 4
+1 4
+1 4
+7 3
+1 3
+2 3
+1 3
+2 3
+1 3
+1 3
+2 3
+1 3
+1 3
+4 3
+1 3
+1 3
+1 3
+1 3
+1 3
+7 2
+1 2
+1 2
+32 2
+1 2
+1 2
+1 2
+1 2
+2 2
+1 2
+1 2
+1 2
+1 2
+1 2
+1 2
+1 1
+4 1
+1 1
+1 1
+6 1
+1 1
+1 2
+4 1
+1 1
+3 1
+1 1
+1 1
+2 1
+1 1
+1 1
+4 1
+1 1
+1 1
+1 1
+1 1
+1 1
+69 11
+1 11
+1 11
+1 11
+1 11
+2 11
+1 11
+1 11
+1 11
+1 11
+1 11
+1 11
+1 10
+4 10
+1 10
+1 10
+6 10
+1 10
+1 20
+4 10
+1 10
-1 6
+1 6
+3 16
+1 16
+1 16
+2 16
+1 16
+1 16
+4 16
+1 16
+1 16
+1 16
+1 16
+1 16
+7 9
+1 9
+2 9
+1 9
+2 9
+1 9
+1 9
+2 9
+1 9
+1 9
+4 9
+1 9
+1 9
+1 9
+1 9
+1 9
+7 6
+1 6
+1 6
+32 7
+1 7
+1 7
+1 7
+1 7
+2 7
+1 7
+1 7
+1 7
+1 7
+1 7
+1 7
+1 6
+4 6
+1 6
+1 6
+6 6
+1 6
+1 12
+4 6
+1 6
+3 6
+1 6
+1 6
+2 6
+1 6
+1 6
+4 6
+1 6
+1 6
+1 6
+1 6
+1 6
+7 1
+1 1
+2 1
+1 1
+2 1
+1 1
+1 1
+2 1
+1 1
+1 1
+4 1
+1 1
+1 1
+1 1
+1 1
+1 1
+41 10
+1 10
+1 10
+1 10
+1 10
+2 10
+1 10
+1 10
+1 10
+1 10
+1 10
+1 10
+1 9
+4 9
+1 9
+1 9
+6 9
+1 9
+1 18
+4 9
+1 9
-1 5
+1 5
+3 14
+1 14
+1 14
+2 14
+1 14
+1 14
+4 14
+1 14
+1 14
+1 14
+1 14
+1 14
+7 7
+1 7
+2 7
+1 7
+2 7
+1 7
+1 7
+2 7
+1 7
+1 7
+4 7
+1 7
+1 7
+1 7
+1 7
+1 7
+7 5
+1 5
+1 5
+32 23
+1 23
+1 23
+1 23
+1 23
+2 23
+1 23
+1 23
+1 23
+1 23
+1 23
+1 23
+1 11
+4 11
+1 11
+1 11
+6 11
+1 11
+1 22
+4 11
+1 11
-1 7
+1 7
+3 18
+1 18
+1 18
+2 18
+1 18
+1 18
+4 18
+1 18
+1 18
+1 18
+1 18
+1 18
+7 10
+1 10
+2 10
+1 10
+2 10
+1 10
+1 10
+2 10
+1 10
+1 10
+4 10
+1 10
+1 10
+1 10
+1 10
+1 10
+7 7
+1 7
+1 7
+32 36
+1 36
+1 36
+1 36
+1 36
+2 36
+1 36
+1 36
+1 36
+1 36
+1 36
+1 36
+1 21
+4 21
+1 21
+1 21
+6 21
+1 21
+1 42
+4 21
+1 21
-1 3
+1 3
+3 24
+1 24
+1 24
+2 24
+1 24
+1 24
+4 24
+1 24
+1 24
+1 24
+1 24
+1 24
+7 7
+1 7
+2 7
+1 7
+2 7
+1 7
+1 7
+2 7
+1 7
+1 7
+4 7
+1 7
+1 7
+1 7
+1 7
+1 7
+7 3
+1 3
+1 3
+32 47
+1 47
+1 47
+1 47
+1 47
+2 47
+1 47
+1 47
+1 47
+1 47
+1 47
+1 47
+1 43
+4 43
+1 43
+1 43
+6 43
+1 43
+1 86
+4 43
+1 43
-1 2
+1 2
+3 45
+1 45
+1 45
+2 45
+1 45
+1 45
+4 45
+1 45
+1 45
+1 45
+1 45
+1 45
+7 4
+1 4
+2 4
+1 4
+2 3
+1 3
+1 3
+2 3
+1 3
+1 3
+4 3
+1 3
+1 3
+1 3
+1 3
+1 3
+7 2
+1 2
+1 2
+4 1
+1 1
+1 1
+1 1
+13 1
+1 1
+1 1
+1 1
+9 28
+1 28
+1 28
+1 28
+1 28
+2 28
+1 28
+1 28
+1 28
+1 28
+1 28
+1 28
+1 14
+4 14
+1 14
+1 14
+6 14
+1 14
+1 28
+4 14
+1 14
-1 6
+1 6
+3 20
+1 20
+1 20
+2 20
+1 20
+1 20
+4 20
+1 20
+1 20
+1 20
+1 20
+1 20
+7 9
+1 9
+2 9
+1 9
+2 9
+1 9
+1 9
+2 9
+1 9
+1 9
+4 9
+1 9
+1 9
+1 9
+1 9
+1 9
+7 6
+1 6
+1 6
+32 34
+1 34
+1 34
+1 34
+1 34
+2 34
+1 34
+1 34
+1 34
+1 34
+1 34
+1 34
+1 13
+4 13
+1 13
+1 13
+6 13
+1 13
+1 26
+4 13
+1 13
-1 6
+1 6
+3 19
+1 19
+1 19
+2 19
+1 19
+1 19
+4 19
+1 19
+1 19
+1 19
+1 19
+1 19
+7 10
+1 10
+2 10
+1 10
+2 10
+1 10
+1 10
+2 10
+1 10
+1 10
+4 10
+1 10
+1 10
+1 10
+1 10
+1 10
+7 6
+1 6
+1 6
+4 1
+1 1
+1 1
+1 1
+7 1
+1 1
+1 1
+16 25
+1 25
+1 25
+1 25
+1 25
+2 25
+1 25
+1 25
+1 25
+1 25
+1 25
+1 25
+1 19
+4 19
+1 19
+1 19
+6 19
+1 19
+1 38
+4 19
+1 19
-1 3
+1 3
+3 22
+1 22
+1 22
+2 22
+1 22
+1 22
+4 22
+1 22
+1 22
+1 22
+1 22
+1 22
+7 5
+1 5
+2 5
+1 5
+2 5
+1 5
+1 5
+2 5
+1 5
+1 5
+4 5
+1 5
+1 5
+1 5
+1 5
+1 5
+7 3
+1 3
+1 3
+32 24
+1 24
+1 24
+1 24
+1 24
+2 24
+1 24
+1 24
+1 24
+1 24
+1 24
+1 24
+1 15
+4 15
+1 15
+1 15
+6 15
+1 15
+1 30
+4 15
+1 15
-1 6
+1 6
+3 21
+1 21
+1 21
+2 21
+1 21
+1 21
+4 21
+1 21
+1 21
+1 21
+1 21
+1 21
+7 7
+1 7
+2 7
+1 7
+2 7
+1 7
+1 7
+2 7
+1 7
+1 7
+4 7
+1 7
+1 7
+1 7
+1 7
+1 7
+7 6
+1 6
+1 6
+32 32
+1 32
+1 32
+1 32
+1 32
+2 32
+1 32
+1 32
+1 32
+1 32
+1 32
+1 32
+2 16
+4 16
+1 16
+1 16
+6 16
+1 16
+2 32
+4 16
+1 16
-1 6
+1 6
+3 22
+1 22
+1 22
+2 22
+1 22
+1 22
+4 22
+1 22
+1 22
+1 22
+1 22
+1 22
+7 9
+1 9
+2 9
+1 9
+2 9
+1 9
+1 9
+2 9
+1 9
+1 9
+4 9
+1 9
+1 9
+1 9
+1 9
+1 9
+7 6
+1 6
+1 6
+27 1
+1 1
+1 1
+1 2
+4 1
+2 1
+1 1
+1 1
+1 1
-5 260
+2 260
+1 260
+1 260
+1 260
-3 112
+1 112
+1 112
+1 112
+1 254
+5 127
+6 127
+1 127
+8 127
+1 127
-16 2366
+6 2366
+1 2366
+8 2366
+1 2366

fn=(244) strncmp
98 1
+27 1
+1 1
+1 1
+1 1
+1 1
+2 1
+1 1
+2 1
+1 1
+21 1
+1 1
+1 1
+1 1
+1 1
+1 1
+1 1
+1 1
+17 1
+1 1
+1 1
+1 1
+1 1
+1 1
+1 1
2104 1
+3 1
+1 1
+2 1
+1 1
+8 1
+1 1

fl=(163)
fn=(534) _dlfo_process_initial
474 2
+3 2
-3 6
+1 2
+3 4
+26 14
+1 6
+1 14
-1 28
+3 52
+3 48
-7 10
+27 2
-2 2
+2 6
-18 36
+3 12
-1 12
cfi=(164) ./elf/./dl-find_object.h
cfn=(532) _dl_find_object_from_map
calls=6 95 
* 373
+2 24

fn=(536) _dlfo_sort_mappings
536 1
+1 2
+3 4
+4 1
+1 1
-1 1
+1 2
-1 4
+1 4
-1 4
+1 18
+1 75
+3 5
-1 5
-3 45
+8 15
+1 10
-1 5
-13 10
+14 15
+1 10
-15 10
+17 1

fn=(530)
561 2
+3 1
-3 3
+5 2
+13 1
cfn=(534)
calls=1 474 
* 129
+1 1
-1 1
+1 1
fi=(28)
56 1
cfi=(27)
cfn=(78)
calls=1 -20 
* 30
fe=(163)
580 1
fi=(28)
56 1
fe=(163)
582 2
+3 2
+5 1
+1 1
cfn=(534)
calls=1 474 
* 526
+3 3
+10 4
-37 2
cfi=(164)
cfn=(532)
calls=1 95 
* 68
* 1
+29 2
cfn=(536)
calls=1 -60 
* 248
+3 6
+2 1

fl=(62) ./io/../sysdeps/unix/sysv/linux/close_nocancel.c
fn=(194) __GI___close_nocancel
25 6
+1 24
+1 6

fl=(27)
fn=(74)
80 17
+4 17
-4 68
+7 17
+1 51
fi=(28)
-32 17
cfi=(27)
cfn=(78)
calls=17 -20 
* 672
fe=(27)

fn=(78)
36 336
+1 126
+11 123
+3 41
-3 41
+3 82
-3 2
+3 1
-3 1
+3 158
+19 42
+1 42
+2 252
-17 12
+1 6
+2 3
+1 21
cfi=(57) ./misc/../sysdeps/unix/sysv/linux/mmap64.c
cfn=(182) mmap
calls=3 -13 
* 78
* 3
+2 6
+2 12
cfi=(58) ./misc/../sysdeps/unix/sysv/linux/setvmaname.c
cfn=(184) __set_vma_name
calls=3 -31 
* 61
+1 9
+2 2
+4 2
-4 4
-24 1
-1 1
+1 1
+1 2
-2 2
+28 1
-3 2
+4 2

fn=(142)
97 3
+2 12

fl=(76)
fn=(260)
361 8
-76 1
-10 2
+2 2
-1 1
+6 1
+3 1
+8 1
-11 1
+1 1
-1 1
+1 1
-1 1
+1 1
+10 4
+3 1
+4 2
+2 2
-1 1
+2 2
+2 2
-1 2
+4 1
+2 1
+3 2
145 2
+12 2
+16 1
+6 1
363 6

fn=(580) _dl_cet_setup_features
331 1
+3 2
+16 1

fl=(66)
fn=(212)
146 6
-55 6
+70 7
+1 1
-2 4
+1 4

fl=(30)
fn=(136) expand_dynamic_string_token
385 18
241 4
385 2
241 2
cfi=(41) ./string/../sysdeps/x86_64/multiarch/../multiarch/strchr-sse2.S
cfn=(118) index
calls=2 32 
* 72
+3 4
410 2
-11 2
+11 12
-11 2
cfi=(44)
cfn=(138)
calls=2 40 
* 180

fn=(132) fillin_rpath.isra.0
468 9
+4 1
-4 8
+6 3
cfi=(7)
cfn=(134) strsep
calls=1 239 
* 240
* 3
cfi=(7)
cfn=(134)
calls=1 239 
* 8
* 6
+7 2
+2 3
cfn=(136)
calls=1 -98 
* 125
* 1
+4 2
+5 2
cfi=(22)
cfn=(62)
calls=1 57 
* 17
* 1
+1 2
+7 5
+9 15
+1 8
fi=(28)
50 2
cfi=(27)
cfn=(142)
calls=1 +47 
* 5
+1 1
fe=(30)
528 4
+4 4
fi=(28)
56 1
cfi=(27)
cfn=(78)
calls=1 -20 
* 30
* 1
fe=(30)
534 2
+5 1
+1 2
-1 1
-1 1
+2 1
cfi=(29)
cfn=(126)
calls=1 197 
* 13
+3 1
-3 1
+1 1
+2 1
+6 1
+1 1
-1 3
+1 5
+1 1
-1 1
+1 1
-1 3
+1 1
-1 2
+1 1
+2 2
+1 3
+1 1
+6 2
+1 1
+3 3
-60 2
-22 2
+88 1
+3 8
-24 2

fn=(208) open_path
1812 32
+1 4
-1 12
+1 4
+6 8
+5 68
+67 8
-74 4
+7 12
+57 4
-65 4
+65 4
+10 8
-64 8
+8 24
+7 8
-11 4
+12 4
-1 16
cfi=(29)
cfn=(126)
calls=4 197 
* 52
+1 40
+50 6
-2 12
-48 44
+3 24
+5 42
cfi=(29)
cfn=(126)
calls=6 197 
* 78
* 24
cfi=(29)
cfn=(126)
calls=6 197 
* 78
+3 12
+6 18
+3 42
cfn=(170) open_verify.constprop.0
calls=6 1572 
* 336
* 6
+2 18
+2 6
+93 36
-88 6
+1 21
+6 3
+2 6
-2 6
+2 3
cfi=(65)
cfn=(210)
calls=3 28 
* 46
* 3
+3 3
-3 6
+1 2
+9 8
+2 1
-2 2
+2 6
+44 32
+6 8
-2 4
+2 8
+3 12
1822 8
+2 8

fn=(176) _dl_map_object_from_fd
944 50
+15 5
-15 10
+15 5
-15 10
+15 10
+77 20
+10 10
+7 35
cfi=(26)
cfn=(72)
calls=5 59 
* 1914
* 5
+1 10
+11 5
+5 5
-4 5
-1 5
+2 5
+2 5
-2 5
+2 10
+1 15
+1 8
+19 8
-2 4
+2 42
-2 1
+2 55
+10 5
-10 5
+10 15
+27 5
-33 5
-3 5
+2 5
-1 5
+35 5
+9 5
-50 5
+41 5
+9 5
-36 5
+63 25
-62 200
+26 140
+8 40
+1 20
-1 20
+1 80
+1 20
-1 20
+1 20
+2 20
-2 20
+2 20
+2 20
-4 20
+1 20
+3 20
-4 20
+4 100
+2 40
+13 40
+1 75
+5 15
+1 135
-28 30
-35 45
+62 5
+1 45
-28 10
-35 120
+1 307
1213 5
1100 5
1213 10
1100 15
1218 35
+10 15
+1 5
-1 5
+1 5
-1 15
+1 15
-1 15
+1 15
-1 45
1066 10
1235 10
+10 20
+7 20
fi=(59) ./elf/./dl-map-segments.h
28 5
fe=(30)
1252 15
fi=(59)
28 10
+1 40
cfi=(57)
cfn=(182)
calls=5 +18 
* 140
+73 10
-1 5
-72 5
+73 5
+3 10
+1 5
+2 5
-3 5
+1 5
+2 5
+17 5
-44 5
fi=(60) ./elf/./dl-load.h
+10 40
fi=(59)
+58 80
+6 5
+2 5
-2 5
+1 5
+2 10
-1 10
+3 10
+5 10
+3 15
+8 30
cfi=(43)
cfn=(130)
calls=5 -44 
* 763
* 5
+6 10
+12 20
-59 120
+2 60
+2 120
cfi=(57)
cfn=(182)
calls=15 -92 
* 315
* 30
fe=(30)
1264 5
fi=(56) ./elf/../sysdeps/posix/dl-fileid.h
37 10
cfi=(55) ./io/../sysdeps/unix/sysv/linux/fstat64.c
cfn=(178) fstat
calls=5 -7 
* 30
* 10
fe=(30)
989 10
fi=(56)
40 15
fe=(30)
989 5
fi=(56)
40 5
fe=(30)
989 80
+1 40
fi=(56)
49 60
fe=(30)
1519 45
1074 13
+1 2
-1 1
+1 1
-1 1
+1 1
cfi=(70) ./io/../sysdeps/unix/sysv/linux/pread64_nocancel.c
cfn=(226) __pread64_nocancel
calls=1 25 
* 7
* 2
+46 2
+1 1
-15 10
+7 5
+2 5
-2 5
+1 5
+1 5
-1 10
+1 40
+60 9
+5 3
-1 6
+5 3
-5 6
-66 3
+71 12
+1 3
+3 3
-3 3
+8 12
+15 10
+1 5
1008 10
1268 20
+1 15
fi=(61) ./elf/./elf/get-dynamic-info.h
39 10
+6 5
-2 5
+11 5
+1 5
-10 10
+8 6
+15 6
-23 24
+23 132
-23 528
+4 276
+3 37
-1 74
+3 124
+1 104
+1 25
+16 20
+12 17
+1 20
+1 20
+1 20
+1 17
+1 19
+1 19
+1 20
+12 5
+7 5
-7 35
+7 11
+5 8
+7 8
+1 15
+6 15
+1 6
+17 15
+5 4
+2 4
+2 4
+2 4
+4 15
+2 9
+1 6
+9 6
+6 6
+4 10
fe=(30)
1275 10
+1 10
+2 10
+10 15
+19 15
+2 30
+52 15
+1 6
+6 45
+1 100
+6 20
cfn=(88)
calls=5 868 
* 372
-7 125
+1 60
+6 60
-6 120
fi=(31)
149 20
fe=(30)
1380 10
cfi=(62)
cfn=(194)
calls=5 25 
* 30
* 10
+13 10
+2 20
+2 10
+16 10
cfi=(8)
cfn=(14)
calls=5 25 
* 135
+4 10
+1 10
+17 10
+1 1
+3 1
+5 1
-5 1
+5 1
-5 4
+5 4
-5 4
+5 4
+5 10
+12 40
+10 10
+1 12
+5 6
cfi=(46)
cfn=(224) _dl_assign_tls_modid
calls=3 125 
* 36
+7 15
cfi=(26)
cfn=(84)
calls=5 31 
* 295
+3 10
+4 10
cfi=(45)
cfn=(196)
calls=5 38 
* 35
* 5
+1 15
+22 35
+1 15
cfi=(48)
cfn=(198)
calls=5 77 
* 25
* 5
fi=(60)
92 16
+2 4
-1 4
+1 4
-1 4
+1 4
-1 4
+1 4
-1 8
+3 16
fi=(61)
-37 20
+3 20
+2 20
181 6
-22 4
fe=(30)
1510 10
1074 2
fi=(59)
186 16
cfi=(57)
cfn=(182)
calls=2 47 
* 42
+3 4
fe=(30)
1462 12
+2 3
-1 15
+1 3
-1 3
+1 3
-1 3
cfi=(32)
cfn=(94)
calls=3 98 
* 75
* 6
+2 5
1275 4

fn=(106)
706 11
+14 1
-14 2
+14 2
cfi=(37) ./elf/./elf/dl-hwcaps.c
cfn=(108) _dl_important_hwcaps
calls=1 172 
* 1244
fi=(28)
56 1
fe=(30)
720 1
fi=(28)
56 1
cfi=(27)
cfn=(78)
calls=1 -20 
* 30
fe=(30)
725 1
+2 3
+8 2
-1 3
+5 3
fi=(28)
56 1
cfi=(27)
cfn=(78)
calls=1 -20 
* 30
fe=(30)
739 1
+2 4
+7 1
+8 1
+2 1
+12 2
-23 1
+9 1
+11 1
-4 1
-5 1
+3 2
+7 2
+2 2
-11 1
+11 3
-8 1
+4 1
+1 3
+1 16
cfi=(43)
cfn=(130)
calls=4 132 
* 56
+2 15
-14 3
+10 3
+4 9
-12 3
-2 3
+2 3
+4 3
-3 3
+3 3
+1 3
-2 3
+5 9
+1 6
+3 1
+15 1
-8 1
+5 1
-6 1
+9 2
+2 4
+2 3
+36 5
+2 2
cfi=(22)
cfn=(62)
calls=1 57 
* 17
* 9
-19 1
-2 1
+2 2
+19 9
cfi=(29)
cfn=(82)
calls=1 210 
* 11
* 1
+5 4
-1 2
+2 1
+1 2
-2 4
+1 13
+1 26
-2 52
+5 1
fi=(28)
56 1
cfi=(27)
cfn=(78)
calls=1 -20 
* 30
fe=(30)
836 1
fi=(28)
56 1
fe=(30)
838 2
+6 6
cfn=(132)
calls=1 468 
* 581
+3 3
+6 1
+4 8
-35 2
+5 2

fn=(88)
868 6
+8 6
-8 12
+8 6
-6 6
+12 12
-13 6
+13 6
-13 6
+13 12
+3 18
+1 12
+1 12
+3 18
+1 18
+4 6
+1 12
+22 6
+2 6
-2 12
+2 18
-20 18
+1 9
+3 18
+3 9
+1 36
fi=(31)
95 36
+7 18
+16 9
-3 18
254 12
+1 6
+2 24
+3 6
-8 6
+5 3
-4 3
+4 9
+3 3
-2 3
fe=(30)

fn=(204) _dl_dst_count
238 24
+3 12
-3 60
+7 12
-7 24
+3 12
cfi=(41)
cfn=(118)
calls=12 32 
* 384
+3 24
+20 108

fn=(166)
1967 156
+8 26
+1 52
+3 272
+5 357
+2 153
cfi=(52)
cfn=(168) _dl_name_match_p
calls=51 68 
* 5068
* 102
+4 86
+1 129
+4 22
-1 110
+1 22
+1 22
-1 22
+1 44
cfi=(32)
cfn=(94)
calls=22 98 
* 550
* 44
2270 122
2011 15
-1 10
+9 5
-50 5
+50 10
+17 10
-2 5
+2 5
cfi=(41)
cfn=(118)
calls=5 32 
* 120
* 10
2202 2
-1 3
cfn=(136)
calls=1 385 
* 175
+6 1
-7 1
+1 1
+2 2
+4 7
cfn=(170)
calls=1 1572 
* 106
+3 2
-3 1
+3 1
+12 4
+45 1
+1 5
-1 1
+1 8
cfn=(176)
calls=1 944 
* 1940
-1 4
+1 20
-1 4
+1 32
cfn=(176)
calls=4 944 
* 8862
* 15
2040 8
cfi=(22)
cfn=(62)
calls=4 57 
* 68
* 8
+2 8
+7 16
+51 52
cfn=(208)
calls=4 1812 
* 1312
+6 4
-6 4
+6 8
2222 16
+46 8
682 4
2107 4
682 8
+3 2
2135 8
cfi=(67)
cfn=(214)
calls=4 403 
* 5238
* 4
+2 8
+4 8
+31 4
-23 8
+23 28
cfn=(170)
calls=4 1572 
* 461
+4 8
-4 4
+4 4
+1 4
+17 8
2074 20
682 4
2075 4
682 12
2099 8
+1 8
-47 4
+1 4
696 20
2058 15
682 5
2059 5
682 10
+3 2
+3 3
+3 1
+1 1
2073 20
+1 8
688 3
2115 3
+14 6
+2 12
-47 8
691 1
2115 1
+14 2

fn=(170)
1572 110
+32 11
-32 22
+32 22
+19 44
cfi=(53) ./io/../sysdeps/unix/sysv/linux/open64_nocancel.c
cfn=(172) __open_nocancel
calls=11 28 
* 238
* 11
+2 22
+8 5
+1 10
+5 5
-5 5
+5 25
cfi=(54) ./io/../sysdeps/unix/sysv/linux/read_nocancel.c
cfn=(174) __read_nocancel
calls=5 25 
* 30
+2 10
+2 10
+2 10
+6 10
+17 65
+81 10
+5 10
+6 20
+6 10
+6 5
+1 5
-1 15
+1 15
+26 99
-22 13
+1 2
-1 1
+1 1
cfi=(70)
cfn=(226)
calls=1 25 
* 7
* 2
1668 9
-59 12
1777 2

fl=(20) ./elf/../sysdeps/x86/dl-cacheinfo.h
fn=(50) handle_intel.constprop.0
255 24
-5 12
+17 12
-17 96
+11 12
+1 12
+5 36
+4 24
+34 96
-29 12
+3 24
-3 12
+3 36
cfn=(52) intel_check_word.constprop.0
calls=12 123 
* 4092
+2 24
+3 60
cfn=(52)
calls=12 123 
* 1272
+2 24

fn=(52)
123 48
-4 72
+10 24
-10 96
+10 48
-10 24
+10 24
-10 24
+10 24
+2 48
+71 48
fi=(21) ./elf/../bits/stdlib-bsearch.h
32 24
fe=(20)
202 120
-71 96
+2 60
+2 120
+8 120
+51 96
+22 48
fi=(21)
28 48
-1 96
+2 216
+2 168
+1 84
fe=(20)
+78 168
+3 324
fi=(21)
-78 264
-6 528
+2 480
+1 240
fe=(20)
+78 480
+15 12
246 144
fi=(21)
37 120
fe=(20)
155 36
+3 36
-6 12
+3 39
+9 18
+23 21
-32 63
+3 63
+4 58
+2 116
+3 84
+1 48
+1 48
+1 30
+2 11
+2 22
+6 14
+3 8
+1 12
-20 15
+12 4
+2 4
+1 4
-2 4
-1 4
+2 8
-2 4
+3 4
-2 12
+2 12
+11 2
-9 12

fn=(56) get_common_cache_info.constprop.0
571 11
+17 1
+1 1
+9 1
-12 1
+2 1
+2 1
+8 1
-11 1
+3 1
+11 2
-5 3
+17 1
+5 3
+4 2
770 5
+1 5
+4 2
+8 1
-1 1
+1 1
+1 1
+1 7
627 5
+3 6
-32 5
+75 4
+8 5
+2 2
-2 1
+6 3
+3 1
+1 5
-4 4
+21 2
-21 4
+2 1
+2 4
-4 1
+6 4
+3 2
+5 1
+2 2
+1 1
+1 1
-2 2
+1 1
-19 4
+46 2
+1 1
+1 2
+1 1
+25 3
630 3
+10 6
+14 2
+4 1
+3 1
+1 1
-4 2
+3 3
+6 4
-37 12
+7 6
-7 3
+7 2
+3 20
+5 2
+4 1
+1 1
-1 2
+1 1
+61 2
+7 1
+2 2
-16 1
+22 1
-6 2
+1 1
+5 1
-30 5

fl=(53)
fn=(172)
28 24
+3 12
-3 24
+3 72
+8 84
+2 12
-2 18
+2 12

fl=(16) ./elf/../sysdeps/x86/cpu-features.c
fn=(42) update_active.constprop.0
72 8
+4 1
+10 1
+9 1
+9 1
-19 1
-1 1
+29 1
-4 1
-24 1
+9 1
+9 1
+9 1
-28 2
+25 1
-15 1
-9 1
+9 1
+9 1
+9 1
-3 1
+7 1
-13 1
+9 1
+4 2
-22 1
+22 2
-13 1
+6 1
+3 1
+5 1
+12 1
-8 1
-4 1
+7 1
-3 4
+1 1
+2 1
-2 2
+1 3
+5 1
+2 1
-2 4
+1 1
+1 1
-1 2
+1 1
-1 1
+3 2
+1 4
+14 2
356 2
+4 3
fi=(18) ./elf/../sysdeps/unix/sysv/linux/x86/dl-hwcap2.h
25 2
fi=(19) ./elf/../sysdeps/x86/get-isa-level.h
+5 1
-2 1
+2 3
fe=(16)
369 1
+1 8
151 2
+1 2
-1 5
+1 2
+2 3
+90 1
+1 1
-1 2
+17 4
+16 2
+5 1
-1 2
+4 4
+4 2
+4 3
+1 2
+3 1
-1 1
+9 1
-5 1
+2 1
-2 1
+5 1
+51 1
fi=(19)
31 1
fe=(16)
356 2
fi=(19)
32 3
+4 3
fe=(16)
158 4
+3 1
+3 2
+14 1
+2 1
+10 3
-12 1
+12 1
-12 1
+2 2
-2 1
+2 1
+8 1
-8 1
+6 3
+2 1
-2 1
+2 3
+7 5
fi=(19)
39 2
+1 4
-2 1
+7 4
+2 1
+1 2
+3 5
+2 4
+1 2
+1 2
+3 1
-1 1
+1 3
fe=(16)
171 1
-5 2
+4 1

fn=(36) init_cpu_features.constprop.0
682 1
+17 1
-17 7
+3 1
+1 1
+1 1
+3 1
+9 2
+3 6
1001 3
+1 2
+3 2
+1 2
+6 1
+1 1
+1 1
+1 1
fi=(20)
792 1
+1 1
+2 1
+14 2
+85 1
+1 1
+15 1
-5 1
+5 1
-10 1
-6 1
+2 1
+14 1
-15 1
+2 1
-1 1
+2 1
-1 1
+2 1
-1 1
+1 1
+2 1
+1 1
+1 1
+1 1
+35 2
-15 3
+8 2
+27 6
+9 2
+19 2
+8 6
cfi=(11)
cfn=(28)
calls=1 387 
* 23
* 1
+2 2
+3 4
cfi=(11)
cfn=(28)
calls=1 387 
* 23
* 1
+2 2
+3 4
cfi=(11)
cfn=(28)
calls=1 387 
* 23
* 1
+1 5
+16 2
-12 5
cfi=(11)
cfn=(28)
calls=1 387 
* 23
* 1
+1 3
+6 3
+3 1
-3 2
cfi=(11)
cfn=(28)
calls=1 387 
* 23
* 1
+3 5
-3 1
+3 5
cfi=(11)
cfn=(58) __GI___tunable_set_val
calls=1 153 
* 62
+1 10
cfi=(11)
cfn=(58)
calls=1 153 
* 62
+1 11
cfi=(11)
cfn=(58)
calls=1 153 
* 62
+3 10
cfi=(11)
cfn=(58)
calls=1 153 
* 62
+2 10
cfi=(11)
cfn=(58)
calls=1 153 
* 62
+13 1
+2 1
fe=(16)
-23 1
fi=(20)
+21 1
+3 1
fe=(16)
-24 1
fi=(20)
+26 1
-5 1
+2 1
-2 1
+3 1
fe=(16)
-24 1
fi=(20)
+25 1
+3 1
-1 1
fe=(16)
-27 1
cfi=(11)
cfn=(28)
calls=1 387 
* 22
+3 4
cfi=(11)
cfn=(28)
calls=1 387 
* 24
+6 3
+54 1
-1 1
+1 1
+45 4
cfi=(11)
cfn=(28)
calls=1 387 
* 22
+2 4
cfi=(11)
cfn=(28)
calls=1 387 
* 22
+6 4
cfi=(11)
cfn=(28)
calls=1 387 
* 24
+7 8
fi=(20)
974 12
fe=(16)
+68 1
-1 2
+1 3
+44 3
+27 2
-10 2
+1 2
+2 3
+1 2
+2 3
+1 2
fi=(20)
811 2
cfn=(50)
calls=1 255 
* 455
+1 1
-1 1
+1 1
cfn=(50)
calls=1 255 
* 503
+1 1
-1 1
+1 1
cfn=(50)
calls=1 255 
* 530
+4 1
-4 1
+1 2
+3 1
cfn=(50)
calls=1 255 
* 476
+2 1
-2 1
+2 1
cfn=(50)
calls=1 255 
* 468
+3 1
-3 1
+1 2
+2 1
cfn=(50)
calls=1 255 
* 446
+2 1
-2 1
+2 1
cfn=(50)
calls=1 255 
* 447
+3 1
-2 1
-1 1
+3 1
cfn=(50)
calls=1 255 
* 494
+2 1
-2 1
+2 1
cfn=(50)
calls=1 255 
* 495
+1 1
+2 1
-3 1
+1 1
+2 1
cfn=(50)
calls=1 255 
* 521
+2 1
-2 1
+2 1
cfn=(50)
calls=1 255 
* 522
+2 1
-2 1
+2 1
cfn=(50)
calls=1 255 
* 523
+2 4
-2 1
+2 1
cfn=(56)
calls=1 571 
* 223
+93 1
-6 3
+6 1
-6 2
+6 2
-6 2
+6 2
-1 2
fe=(16)
708 6
cfn=(38) get_common_indices.constprop.0
calls=1 398 
* 74
376 3
+1 2
+1 6
+5 2
713 1
cfn=(42)
calls=1 72 
* 222
+2 1
+2 1
1015 1
715 2
878 2
+7 2
+2 2
+4 2
+6 2
+2 1
706 2
-3 1
384 6
+5 2
+1 7
717 1
fi=(20)
987 1
-48 1
fe=(16)
717 1
fi=(20)
987 2
fe=(16)
717 6
+4 7
+78 1
-25 3
+92 2
+3 2
fi=(20)
+38 1
fe=(16)
-37 1
-89 2
+51 2

fn=(38)
398 3
+4 4
+3 3
+5 2
-5 1
+5 1
-5 1
+4 1
+1 1
+1 4
+1 4
+1 3
+1 2
+7 2
+2 5
+5 1
-5 1
+5 1
-5 1
+5 1
-5 2
+5 1
+7 1
-7 4
+7 1
+1 3
+6 1
-6 4
+6 1
fi=(17) ./elf/../sysdeps/unix/sysv/linux/x86/dl-minsigstacksize.h
24 2
+3 2
+1 2
+37 3
+7 1
+2 1
fe=(16)
457 3

fl=(51)
fn=(162)
31 13
+2 13
+9 13
+1 26
+1 13
+4 13
+1 13
+1 13
+1 13
+1 13
+2 26
+2 13
+1 13
+1 13
+2 26
+2 13
+8 13
+3 13
+1 13
+7 13
+1 13

fl=(14)
fn=(30)
36 1
fi=(322) ./elf/../sysdeps/unix/sysv/linux/brk_call.h
-12 2
fe=(14)
+13 1
+1 2
+6 1
+1 1

fl=(77)
fn=(262)
207 88
+1 16
+12 7
+4 28
-4 7
+6 21
+3 7
-1 7
+1 14
+22 35
+4 8
+7 12
fi=(6)
81 20
+6 8
+4 6
+17 2
-11 2
+11 4
+21 4
+5 8
-2 4
fi=(4)
-53 2
fe=(77)
301 4
fi=(4)
79 4
fe=(77)
301 4
fi=(4)
79 5
fe=(77)
301 10
fi=(4)
79 10
fe=(77)
301 9890
fi=(4)
79 2
fe=(77)
301 2
fi=(4)
79 4
fe=(77)
301 298
-80 14
fi=(6)
393 14
fe=(77)
190 7
+31 7
-31 7
fi=(6)
393 21
fi=(5)
49 7
fe=(77)
301 7
fi=(5)
50 7
+30 7
-31 14
+4 7
-3 7
+3 7
-3 7
+3 21
+27 14
-31 7
fe=(77)
301 7
fi=(5)
50 7
+30 7
-31 14
+4 7
-3 7
+3 7
-3 7
+3 21
+27 14
-7 2
-1 2
+11 16
fi=(6)
514 2224
+4 2224
+3 3336
+1 1112
fi=(5)
83 3336
+2 4448
+11 12
fe=(77)
301 42
fi=(5)
51 7
fi=(4)
+28 35
fi=(6)
730 14
+4 8
fe=(77)
304 35
+24 7
+3 14
+17 21
+2 64
-98 14
+3 6
+7 3
-9 3
+9 6
fi=(6)
81 6
fi=(5)
+33 36
+9 24
+1 4
fi=(6)
498 4
fi=(5)
124 4
fi=(6)
498 8
fi=(5)
124 1030
fi=(6)
498 1030
fi=(5)
124 1030
fi=(6)
498 2060
+5 2068
+1 1034
fi=(5)
123 1034
fi=(6)
504 1034
-5 1034
fi=(5)
123 2068
+3 36
+3 40
+2 36
fe=(77)
+59 12
fi=(5)
73 6
fe=(77)
190 6
fi=(5)
72 6
fe=(77)
190 54
fi=(5)
-57 12
+1 6
+1 6
-2 6
+2 6
+3 6
-5 6
+2 6
-2 6
+1 12
+2 6
-2 6
+2 18
+2 12
-5 7154
+1 3577
+1 3577
-2 3577
+2 3577
+3 3577
-5 3577
+2 3577
-2 3577
+1 7154
+2 3577
-2 3577
+2 10731
+2 7154
+9 3515
fi=(6)
267 7030
+7 7030
+4 7030
fe=(77)
170 14060
fi=(4)
-30 10494
fe=(77)
+31 6996
+3 6996
+8 3748
-8 16824
+12 3728
-3 1864
+1 1864
+2 7476
-3 10
+1 10
+2 1914
+1 1874
-1 1874
+2 3748
-1 7496
+3 11244
cfi=(78)
cfn=(270)
calls=1874 772 
* 1350889
+3 1874
+1 3748
-4 1874
+4 9370
fi=(6)
+93 13979
+3 3485
-3 10472
+3 3502
-3 3502
+5 7014
+25 21090
423 8373
fi=(5)
150 8373
fi=(6)
423 1390
fi=(5)
150 2149
-19 14350
+33 24
+1 72
+1 252
+3 136
+4 68
-1 68
-3 68
+2 136
+2 68
-2 136
fe=(77)
-1 272
fi=(6)
287 68
+3 68
-3 68
+4 136
476 136
+2 68
cfi=(15)
cfn=(550) __x86_cpu_features
calls=1 71 
* 6
cob=(3) /usr/lib/x86_64-linux-gnu/libm.so.6
cfi=(162) ./math/../sysdeps/x86_64/fpu/multiarch/s_sincos.c
cfn=(518) sincos
calls=1 26 
* 8
cob=(3)
cfi=(146) ./math/../sysdeps/x86_64/fpu/multiarch/s_sin.c
cfn=(514) sin
calls=1 27 
* 9
cob=(3)
cfi=(161) ./math/../sysdeps/x86_64/fpu/multiarch/e_atan2.c
cfn=(510) __atan2_finite@GLIBC_2.15
calls=1 26 
* 9
cob=(3)
cfi=(160) ./math/../sysdeps/x86_64/fpu/multiarch/e_exp2f.c
cfn=(506) exp2f@@GLIBC_2.27
calls=1 27 
* 9
cob=(3)
cfi=(159) ./math/../sysdeps/x86_64/fpu/multiarch/s_expm1.c
cfn=(502) expm1
calls=1 26 
* 9
cob=(3)
cfi=(156) ./math/../sysdeps/x86_64/fpu/multiarch/e_asin.c
cfn=(498) __asin_finite@GLIBC_2.15
calls=1 27 
* 8
cob=(3)
cfi=(158) ./math/../sysdeps/x86_64/fpu/multiarch/s_fma.c
cfn=(496) fma
calls=1 49 
* 6
cob=(3)
cfi=(157) ./math/../sysdeps/x86_64/fpu/multiarch/s_sinf.c
cfn=(492) sinf
calls=1 26 
* 9
cob=(3)
cfi=(156)
cfn=(488) __acos_finite@GLIBC_2.15
calls=1 35 
* 8
cob=(3)
cfi=(155) ./math/../sysdeps/x86_64/fpu/multiarch/e_log.c
cfn=(484) __log_finite@GLIBC_2.15
calls=1 27 
* 9
cob=(3)
cfi=(154) ./math/../sysdeps/x86_64/fpu/multiarch/s_log1p.c
cfn=(480) __log1p
calls=1 26 
* 9
cob=(3)
cfi=(153) ./math/../sysdeps/x86_64/fpu/multiarch/e_log2f.c
cfn=(476) log2f@@GLIBC_2.27
calls=1 27 
* 9
cob=(3)
cfi=(151) ./math/../sysdeps/x86_64/fpu/multiarch/e_pow.c
cfn=(472) __pow_finite@GLIBC_2.15
calls=1 27 
* 8
cob=(3)
cfi=(150) ./math/../sysdeps/x86_64/fpu/multiarch/e_powf.c
cfn=(468) powf@@GLIBC_2.27
calls=1 30 
* 9
cob=(3)
cfi=(149) ./math/../sysdeps/x86_64/fpu/multiarch/s_sincosf.c
cfn=(464) sincosf
calls=1 26 
* 9
cob=(3)
cfi=(148) ./math/../sysdeps/x86_64/fpu/multiarch/e_log2.c
cfn=(460) log2@@GLIBC_2.29
calls=1 27 
* 9
cob=(3)
cfi=(147) ./math/../sysdeps/x86_64/fpu/multiarch/e_logf.c
cfn=(456) logf@@GLIBC_2.27
calls=1 27 
* 9
cob=(3)
cfi=(146)
cfn=(452) cos
calls=1 34 
* 9
cob=(3)
cfi=(145) ./math/../sysdeps/x86_64/fpu/multiarch/e_expf.c
cfn=(448) expf@@GLIBC_2.27
calls=1 27 
* 9
cob=(3)
cfi=(143) ./math/../sysdeps/x86_64/fpu/multiarch/e_exp.c
cfn=(444) __exp_finite@GLIBC_2.15
calls=1 27 
* 9
cob=(3)
cfi=(141) ./math/../sysdeps/x86_64/fpu/multiarch/s_cosf.c
cfn=(440) cosf
calls=1 26 
* 9
cob=(2) /usr/lib/x86_64-linux-gnu/libc.so.6
cfi=(139) ./string/../sysdeps/x86_64/multiarch/strncase.c
cfn=(432) strncasecmp
calls=1 31 
* 21
cob=(2)
cfi=(138) ./string/../sysdeps/x86_64/multiarch/mempcpy.c
cfn=(428) mempcpy
calls=1 33 
* 22
cob=(2)
cfi=(137) ./wcsmbs/../sysdeps/x86_64/multiarch/wcpcpy.c
cfn=(424) wcpncpy
calls=1 31 
* 18
cob=(2)
cfi=(136) ./string/../sysdeps/x86_64/multiarch/strspn.c
cfn=(422) strspn
calls=1 29 
* 7
cob=(2)
cfi=(134) ./string/../sysdeps/x86_64/multiarch/memchr.c
cfn=(418) memchr
calls=1 29 
* 23
cob=(2)
cfi=(133) ./string/../sysdeps/x86_64/multiarch/memmove.c
cfn=(414) memmove
calls=1 29 
* 22
cob=(2)
cfi=(132) ./string/../sysdeps/x86_64/multiarch/stpcpy.c
cfn=(410) stpcpy
calls=1 33 
* 17
cob=(2)
cfi=(131) ./debug/../sysdeps/x86_64/multiarch/memmove_chk.c
cfn=(406) __memmove_chk
calls=1 29 
* 22
cob=(2)
cfi=(129) ./wcsmbs/../sysdeps/x86_64/multiarch/wmemcmp.c
cfn=(402) wmemcmp
calls=1 29 
* 24
cob=(2)
cfi=(128) ./string/../sysdeps/x86_64/multiarch/strncpy.c
cfn=(398) strncpy
calls=1 29 
* 19
cob=(2)
cfi=(127) ./string/../sysdeps/x86_64/multiarch/strlen.c
cfn=(394) strlen
calls=1 29 
* 25
cob=(2)
cfi=(100) ./wcsmbs/../sysdeps/x86_64/multiarch/wcscat.c
cfn=(390) wcscat
calls=1 31 
* 18
cob=(2)
cfi=(126) ./string/../sysdeps/x86_64/multiarch/strcasecmp_l.c
cfn=(386) strcasecmp_l
calls=1 31 
* 21
cob=(2)
cfi=(125) ./string/../sysdeps/x86_64/multiarch/strcpy.c
cfn=(382) strcpy
calls=1 29 
* 17
cob=(2)
cfi=(123) ./wcsmbs/../sysdeps/x86_64/multiarch/wmemset.c
cfn=(378) wmemset
calls=2 31 
* 20
cob=(2)
cfi=(121) ./string/../sysdeps/x86_64/multiarch/memcmp.c
cfn=(374) bcmp
calls=1 29 
* 24
cob=(2)
cfi=(120) ./string/../sysdeps/x86_64/multiarch/strchrnul.c
cfn=(370) strchrnul
calls=1 31 
* 25
cob=(2)
cfi=(119) ./string/../sysdeps/x86_64/multiarch/strncase_l.c
cfn=(366) strncasecmp_l
calls=1 31 
* 21
cob=(2)
cfi=(117) ./string/../sysdeps/x86_64/multiarch/strcat.c
cfn=(362) strcat
calls=1 29 
* 17
cob=(2)
cfi=(116) ./wcsmbs/../sysdeps/x86_64/multiarch/wcscpy.c
cfn=(360) wcscpy
calls=1 60 
* 16
cob=(2)
cfi=(115) ./string/../sysdeps/x86_64/multiarch/strcspn.c
cfn=(358) strcspn
calls=1 29 
* 7
cob=(2)
cfi=(113) ./string/../sysdeps/x86_64/multiarch/strcasecmp.c
cfn=(354) strcasecmp
calls=1 31 
* 21
cob=(2)
cfi=(112) ./string/../sysdeps/x86_64/multiarch/strncmp.c
cfn=(352) strncmp
calls=1 67 
* 21
cob=(2)
cfi=(110) ./wcsmbs/../sysdeps/x86_64/multiarch/wmemchr.c
cfn=(348) wmemchr
calls=2 31 
* 46
cob=(2)
cfi=(108) ./string/../sysdeps/x86_64/multiarch/stpncpy.c
cfn=(344) stpncpy
calls=1 31 
* 19
cob=(2)
cfi=(107) ./wcsmbs/../sysdeps/x86_64/multiarch/wcscmp.c
cfn=(340) wcscmp
calls=1 30 
* 25
cob=(2)
cfi=(106) ./string/../sysdeps/x86_64/multiarch/strrchr.c
cfn=(336) rindex
calls=1 28 
* 25
cob=(2)
cfi=(104) ./debug/../sysdeps/x86_64/multiarch/memset_chk.c
cfn=(332) __memset_chk
calls=1 29 
* 24
cob=(2)
cfi=(103) ./string/../sysdeps/x86_64/multiarch/strchr.c
cfn=(330) index
calls=1 65 
* 19
cob=(2)
cfi=(100)
cfn=(324) wcschr
calls=2 31 
* 50
cob=(2)
cfi=(98) ./string/../sysdeps/x86_64/multiarch/memcmpeq.c
cfn=(320) memcpy@@GLIBC_2.14
calls=1 29 
* 22
cob=(2)
cfi=(96) ./wcsmbs/../sysdeps/x86_64/multiarch/wcsncpy.c
cfn=(316) wcsncpy
calls=1 31 
* 18
cob=(2)
cfi=(95) ./string/../sysdeps/x86_64/multiarch/memrchr.c
cfn=(312) memrchr
calls=1 29 
* 25
cob=(2)
cfi=(94) ./debug/../sysdeps/x86_64/multiarch/memcpy_chk.c
cfn=(308) __memcpy_chk
calls=1 29 
* 22
cob=(2)
cfi=(92) ./debug/../sysdeps/x86_64/multiarch/mempcpy_chk.c
cfn=(304) __mempcpy_chk
calls=1 29 
* 22
cob=(2)
cfi=(91) ./wcsmbs/../sysdeps/x86_64/multiarch/wcslen.c
cfn=(300) wcslen
calls=1 29 
* 19
cob=(2)
cfi=(89) ./string/../sysdeps/x86_64/multiarch/memset.c
cfn=(296) memset
calls=1 29 
* 24
cob=(2)
cfi=(87) ./wcsmbs/../sysdeps/x86_64/multiarch/wcsnlen.c
cfn=(292) wcsnlen
calls=1 30 
* 19
cob=(2)
cfi=(86) ./string/../sysdeps/x86_64/multiarch/strcmp.c
cfn=(290) strcmp
calls=1 79 
* 19
cob=(2)
cfi=(85) ./string/../sysdeps/x86_64/multiarch/strpbrk.c
cfn=(288) strpbrk
calls=1 29 
* 7
cob=(2)
cfi=(83) ./string/../sysdeps/x86_64/multiarch/strnlen.c
cfn=(284) strnlen
calls=2 31 
* 50
cob=(2)
cfi=(81) ./string/../sysdeps/x86/cacheinfo.c
cfn=(280) __x86_cacheinfo
calls=1 86 
* 28
fi=(5)
165 68
fi=(6)
479 68
fi=(5)
165 145
-14 303
fi=(6)
460 18
+5 12
-1 18
+1 12
-1 6
cfi=(29)
cfn=(82)
calls=6 210 
* 192
+2 30
+1 12
-67 51
+2 68
+4 17
+9 17
-9 34
+9 17
fi=(5)
150 34
fi=(6)
320 101
+3 101
+29 6
+11 2
-9 4
+9 2
fi=(5)
150 4
fi=(6)
346 8
+1 12
fi=(5)
150 8
fi=(6)
287 85
fi=(5)
141 68
+1 68
-1 204
+2 68
fi=(6)
287 340
fe=(77)
175 14614
+3 1624
-1 1624
+19 1624
-18 3248
fi=(6)
295 10
+1 15
+11 10
+7 5
cob=(2)
cfi=(133)
cfn=(414)
calls=1 29 
* 22
cob=(2)
cfi=(86)
cfn=(290)
calls=1 79 
* 19
cob=(2)
cfi=(89)
cfn=(296)
calls=1 29 
* 24
cob=(2)
cfi=(121)
cfn=(374)
calls=1 29 
* 24
cob=(2)
cfi=(127)
cfn=(394)
calls=1 29 
* 25
* 20
fe=(77)
-13 6
+55 35
+3 7
-3 7
+3 7
+4 14
+1 28
cfi=(140)
cfn=(436) mprotect
calls=7 117 
* 42
* 14
-63 9
fi=(5)
180 7
fe=(77)
+10 2
fi=(5)
73 1
fe=(77)
190 3
fi=(6)
436 7
fi=(5)
182 2
+1 2
-1 1
+3 1
-3 4
+3 2
-3 10
+1 10
-1 5
+3 5
-3 20
+3 10
+8 6
fi=(6)
+74 12
+7 12
+4 12
fe=(77)
170 24
fi=(4)
-30 18
fe=(77)
+31 12
+3 12
+8 12
-8 54
+12 12
-3 6
+1 6
+2 36
+4 24
-4 6
+4 18
cfi=(78)
cfn=(270)
calls=6 772 
* 3742
+3 6
+1 12
-4 6
+4 30
fi=(6)
+93 21
+3 3
-3 9
+3 3
-3 3
+5 6
+25 36
423 6
fi=(5)
196 18
-16 24
+31 7
fe=(77)
-33 1622
-3 4866

fl=(164)
fn=(532)
95 14
+1 14
+1 7
+6 35
+1 203
+1 140
+2 21
+5 7

fl=(168) ./elf/./elf/dl-lookup-direct.c
fn=(548) _dl_lookup_direct
74 30
+2 3
-2 6
+4 3
-4 3
+2 3
+2 9
+37 3
-37 9
+1 6
+2 12
+3 25
+2 6
-54 3
+54 3
-54 3
+54 3
-54 9
+1 9
+2 6
+1 6
+12 9
+3 3
+2 6
-2 3
+2 9
cfi=(32)
cfn=(94)
calls=3 +45 
* 209
* 6
+4 6
+1 3
-1 3
+1 18
+1 9
cfi=(32)
cfn=(94)
calls=3 +39 
* 198
* 6
+57 27
-23 6

fl=(42) ./string/../sysdeps/x86_64/multiarch/../multiarch/memcmp-sse2.S
fn=(122) bcmp
59 1
+12 1
+1 1
+22 1
+1 1
+45 1
+1 1
+2 1
+1 1
+2 1
+1 1
+2 1
+1 1
+47 1
+1 1
+1 1
+1 1
+1 1
+1 1

fl=(13)
fn=(234) dfs_traversal.part.0
135 108
+10 12
-2 12
+2 24
+2 36
-7 62
+7 116
+9 24
+15 36
+1 12
+1 78
cfn=(235) dfs_traversal.part.0'2
calls=2 -38 
* 85
-26 10
+9 18

fn=(235)
135 18
+10 2
-2 2
+2 4
+2 8
-7 8
+7 16
+9 4
+15 6
+1 2
+1 12
-17 3

fn=(232) _dl_sort_maps
298 24
+8 2
-8 2
+8 4
+4 16
-99 2
-28 2
-2 2
+1 4
+29 2
-28 8
+1 2
-1 2
+1 2
-1 4
+1 12
-1 12
+1 12
-1 24
+28 30
+8 6
-3 2
+2 2
+1 4
-3 2
+5 44
+2 14
-83 64
cfn=(234)
calls=12 -5 
* 633
+86 40
+18 8
+32 8
+7 2
+27 2
-47 6
cfi=(29)
cfn=(82)
calls=2 -53 
* 38
* 2

fn=(26)
289 2
+1 2
-1 2
+1 2
cfi=(11)
cfn=(28)
calls=1 +97 
* 24
+2 3
-1 1
+2 2

fl=(25)
fn=(70)
28 3
+1 3
+3 56
+13 46
-13 92
+2 96
+1 18
+5 2
-3 2
+3 2
+2 2

fl=(308) ./elf/./elf/dl-fini.c
fn=(3574) _dl_fini
26 5
+17 1
-17 6
+20 13
+3 2
cob=(2)
cfi=(309) ./nptl/./nptl/pthread_mutex_lock.c
cfn=(3576) pthread_mutex_lock@@GLIBC_2.2.5
calls=1 +28 
* 44
+2 1
+3 2
+2 5
+7 3
-2 1
+2 1
cfi=(48)
cfn=(570)
calls=1 -22 
* 11
+5 15
+5 1
-5 1
+5 3
+2 14
+2 14
+2 14
+1 7
+1 7
+4 7
-12 21
+14 6
+1 4
+6 6
cfi=(13)
cfn=(232)
calls=1 298 
* 556
+9 2
cob=(2)
cfi=(310) ./nptl/./nptl/pthread_mutex_unlock.c
cfn=(3578) pthread_mutex_unlock@@GLIBC_2.2.5
calls=1 367 
* 34
+5 6
+2 1
+2 2
-2 6
+2 12
+2 28
cfi=(311) ./elf/./elf/dl-call_fini.c
cfn=(3580) _dl_call_fini
calls=7 -90 
* 9227
+3 14
cfi=(48)
cfn=(3606)
calls=7 -20 
* 35
-9 14
+14 7
-14 21
+18 3
cfi=(48)
cfn=(570)
calls=1 -85 
* 11
* 2
+6 4
+2 1
-2 2
+6 2
+7 8
-77 2

fl=(22)
fn=(62)
57 30
+44 30
+1 30
+1 30
+1 30
+1 30
+1 30
+1 30
+2 30
+2 30
+31 29
+1 29
+1 29
+1 29
+1 29
+1 15
+2 15
+4 14
+1 14
+1 14
+1 14
+1 14
+1 14
+1 14
+1 14
+1 14
+1 14
+1 14
+1 14
+5 112
+4 1
+1 14
+1 6
+15 1
+1 1
+1 2
+51 1
+1 1
+1 1
+1 1
+1 1
+1 1
+1 1
+1 1
+16 1
+2 1
+1 14
+2 1
+1 1
+1 1
+2 1

fl=(140)
fn=(574)
117 5
+5 1

fn=(436)
117 35
+5 7

fl=(23)
fn=(64)
37 4
+3 1
-3 2
+21 2
+4 2
+16 5

fl=(1) ???
fn=(0) 0x000000000001f540
0 2
cfi=(2)
cfn=(2)
calls=1 517 
0 1847741
0 8
cfi=(76)
cfn=(580)
calls=1 331 
0 4
0 10
cfi=(177) ./elf/./elf/dl-init.c
cfn=(584) _dl_init
calls=1 81 
0 93277
0 3
cob=(8) /home/steph/projects/drone-logistics/build/mapf_solver
cfi=(211) ???
cfn=(1306) (below main)
calls=1 0 
0 3593591158

fl=(187) ./elf/./elf/dl-runtime.c
fn=(644) _dl_fixup
46 1320
+2 600
+1 120
+6 120
fi=(323) ./elf/../sysdeps/x86_64/dl-runtime.h
-27 120
fe=(187)
+21 120
+5 120
+1 120
-6 120
+6 240
+1 120
+2 120
-2 120
+2 120
-2 600
+7 240
+4 240
+4 120
-2 120
+2 240
+4 360
+1 480
+1 360
+8 120
-1 120
+1 240
+10 1200
cfi=(78)
cfn=(270)
calls=120 772 
* 86120
* 120
+4 600
+10 1200
+15 480
+9 360
+26 360
fi=(6)
+75 120
fe=(187)
-71 960
fi=(224) ./elf/../sysdeps/x86_64/dl-irel.h
32 4
cob=(2)
cfi=(134)
cfn=(418)
calls=1 -3 
* 23
cob=(2)
cfi=(121)
cfn=(374)
calls=1 -3 
* 24
cob=(2)
cfi=(127)
cfn=(394)
calls=1 -3 
* 25
cob=(2)
cfi=(98)
cfn=(320)
calls=1 -3 
* 22
fe=(187)
+93 8

fl=(169)
fn=(552)
27 1
+2 2
-2 1
+6 3
-6 3
+6 1
-6 2
+6 1
cfi=(168)
cfn=(548)
calls=1 +41 
* 225
+4 2
+2 3
+2 1
-1 1
-1 1
+2 2
-1 1
cob=(2)
cfi=(170) ./elf/./elf/libc_early_init.c
cfn=(554) __libc_early_init
calls=1 -7 
* 353

fl=(70)
fn=(226)
25 4
+1 8
+1 2

fl=(177)
fn=(586) call_init.part.0
26 84
+17 7
+3 7
-3 14
+3 14
+5 12
+8 18
+1 24
cob=(4) ???
cfi=(175) ???
cfn=(630) 0x00000000048e8000
calls=1 -60 
* 7
cob=(4)
cfi=(175)
cfn=(618) 0x0000000004acd000
calls=1 -60 
* 7
cob=(4)
cfi=(175)
cfn=(608) 0x0000000004d1a000
calls=1 -60 
* 7
cob=(4)
cfi=(175)
cfn=(588) 0x000000000483d000
calls=1 -60 
* 7
+3 6
+1 12
+6 10
+2 10
-2 5
+3 48
+1 72
cob=(7) /usr/lib/x86_64-linux-gnu/libstdc++.so.6.0.33
cfi=(185) ???
cfn=(1302) 0x00000000000b7a10
calls=1 -74 
* 83
cob=(7)
cfi=(185)
cfn=(1296) 0x00000000000b79b0
calls=1 -74 
* 255
cob=(7)
cfi=(185)
cfn=(1270) 0x00000000000b78f0
calls=1 -74 
* 50
cob=(7)
cfi=(185)
cfn=(1244) 0x00000000000b7830
calls=1 -74 
* 50
cob=(7)
cfi=(185)
cfn=(1226) 0x00000000000b77b0
calls=1 -74 
* 34
cob=(7)
cfi=(185)
cfn=(1208) 0x00000000000b7730
calls=1 -74 
* 34
cob=(7)
cfi=(185)
cfn=(1204) 0x00000000000b76e0
calls=1 -74 
* 173
cob=(7)
cfi=(185)
cfn=(1202) 0x00000000000b76c0
calls=1 -74 
* 83
cob=(7)
cfi=(185)
cfn=(1200) 0x00000000000b76a0
calls=1 -74 
* 83
cob=(7)
cfi=(185)
cfn=(1198) 0x00000000000b7530
calls=1 -74 
* 48
cob=(7)
cfi=(185)
cfn=(1172) 0x00000000000b7400
calls=1 -74 
* 78
cob=(7)
cfi=(185)
cfn=(1116) 0x00000000000b71e0
calls=1 -74 
* 4113
cob=(7)
cfi=(185)
cfn=(1106) 0x00000000000b71c0
calls=1 -74 
* 758
cob=(7)
cfi=(185)
cfn=(1104) 0x00000000000b71b0
calls=1 -74 
* 3
cob=(7)
cfi=(185)
cfn=(1090) 0x00000000000b7120
calls=1 -74 
* 948
cob=(7)
cfi=(185)
cfn=(1084) 0x00000000000b7ae0
calls=1 -74 
* 12
cob=(6) /usr/lib/x86_64-linux-gnu/libgcc_s.so.1
cfi=(184) ???
cfn=(624) 0x0000000000005b10
calls=1 -74 
* 12
cob=(2)
cfi=(182) ./libio/./libio/vtables.c
cfn=(606) check_stdfiles_vtables
calls=1 545 
* 12
* 20
cob=(7)
cfi=(185)
cfn=(634) 0x00000000000b74f0
calls=1 -74 
* 85312
cob=(6)
cfi=(184)
cfn=(622) __cpu_indicator_init
calls=1 -74 
* 364
cob=(3)
cfi=(183) ???
cfn=(612) 0x00000000000104e0
calls=1 -74 
* 12
cob=(2)
cfi=(179) ./csu/./csu/init-first.c
cfn=(598) _init_first
calls=1 -28 
* 72
cob=(5) /usr/libexec/valgrind/vgpreload_core-amd64-linux.so
cfi=(178) ???
cfn=(592) 0x0000000000001110
calls=1 -74 
* 12
-1 69
+3 56
-29 2

fn=(584)
81 13
+1 1
+1 1
+3 3
+8 2
+25 1
+1 8
+1 14
-92 14
+6 21
+2 32
+83 12
cfn=(586)
calls=6 -94 
* 93042
* 12
+7 8
-98 2
+60 2
-54 3
+2 7
cfn=(586)
calls=1 -11 
* 77
* 2

fl=(38) ./elf/../sysdeps/x86_64/dl-hwcaps-subdirs.c
fn=(110) _dl_hwcaps_subdirs_active
29 1
fi=(19)
+2 1
fe=(38)
+7 1
fi=(19)
-8 4
fe=(38)
+22 1
fi=(19)
-20 3
+4 1
fe=(38)
+2 1
fi=(19)
-2 2
+3 4
+1 4
+5 1
fe=(38)
-7 1
fi=(19)
+7 3
fe=(38)
-2 1
fi=(19)
+5 2
+3 5
+2 4
+1 2
+1 2
+3 1
fe=(38)
-10 1
fi=(19)
+10 3
fe=(38)

fl=(49)
fn=(156)
32 6
+1 3
+1 2
+5 6
+1 4
+1 4
+1 4
+2 1
+3 3
+1 2
-1 6
+1 4
+3 4
+1 4
+1 4
+1 4
+2 3
+6 1
-1 1
+1 1
+2 2
-1 2
+2 1
+2 6
-5 11
-1 11
+1 11
+2 22
-1 22
+2 11
+2 66
+2 1
+1 3
+1 2
-1 1
+1 1

fl=(52)
fn=(168)
68 812
+1 232
cfi=(32)
cfn=(94)
calls=116 +29 
* 3720
* 232
+3 116
+2 232
+6 113
-6 226
+1 399
cfi=(32)
cfn=(94)
calls=133 +23 
* 4464
* 266
+8 20
-13 20
+13 156
-1 96
+1 288

fn=(216)
36 2
+3 1
-3 7
+3 1
-3 2
+3 1
cfi=(53)
cfn=(172)
calls=1 -11 
* 20
+1 2
+23 8
-21 4
cfi=(55)
cfn=(178)
calls=1 -12 
* 6
* 2
+2 2
+3 2
+13 2
cfi=(62)
cfn=(194)
calls=1 -35 
* 6
* 1
-11 6
cfi=(57)
cfn=(182)
calls=1 -2 
* 26
* 2

fn=(524)
87 2
+38 2
-1 2
+3 2
+2 80
+1 30
+3 7
-6 24
+18 2
+1 2
-15 6

fl=(167)
fn=(546)
30 2
+10 3
-10 3
+10 1
-10 1
+10 1
-10 1
+7 1
+3 2
cfi=(168)
cfn=(548)
calls=1 +34 
* 233
+4 2
+1 8
+2 3
-2 1
+2 3
cfi=(168)
cfn=(548)
calls=1 +27 
* 223
+4 2
+1 7
+1 6

fl=(46)
fn=(248)
97 2
+3 1
-3 3
+3 1
-3 1
+3 1
-3 1
+3 1
-3 1
+3 1
cfi=(11)
cfn=(28)
calls=1 387 
* 23
* 1
+1 4
cfi=(11)
cfn=(28)
calls=1 387 
* 23
+1 1
+2 1
-3 1
+1 2
+2 3
+3 1
+2 1
-26 3
+28 3
+1 6

fn=(528)
523 11
+1 2
+4 1
+6 1
-6 1
+6 1
cfi=(24)
cfn=(86)
calls=1 42 
* 3
+3 3
+12 1
-18 1
+42 3
-19 12
+9 9
+1 6
+6 9
+3 3
-2 3
+2 3
-2 3
+2 12
+4 3
-4 3
+4 3
-1 6
+4 6
+1 12
+2 6
+1 6
+17 3
-8 3
+8 3
+2 12
cfi=(29)
cfn=(126)
calls=3 197 
* 39
* 18
cfi=(43)
cfn=(130)
calls=3 132 
* 52
-49 3
+55 3
-55 12
+6 9
+55 2
cfi=(24)
cfn=(86)
calls=1 42 
* 3
+3 2
+3 9

fn=(250)
216 9
+6 4
+3 2
+36 3
+2 1
-2 1
-2 1
-40 1
-1 1
-1 1
+46 2
+23 9
+3 3
-3 15
+2 6
+6 3
-33 6
+20 3
-20 15
+2 6
+3 3
-1 3
+5 6
-5 3
+1 3
-1 3
+3 6
+2 9
+32 2
-1 1
+53 1
-52 5
+2 2
+51 8

fn=(438)
1017 24
+9 3
-9 3
+6 3
+4 3
+4 9
+34 6
+3 6
+1 9
+3 18

fn=(146)
192 1
+2 2
+1 1
+15 2

fn=(252)
417 7
+2 1
+11 1
+1 1
fi=(28)
56 1
cfi=(27)
cfn=(78)
calls=1 -20 
* 86
fe=(46)
432 2
+8 3
fi=(28)
44 1
fe=(46)
440 2
+5 1
-5 1
+1 1
+4 304
+19 1
-99 1
+4 1
+1 1
fi=(28)
44 1
cfi=(27)
cfn=(74)
calls=1 +36 
* 41
fe=(46)
371 2
+3 1
+6 2
+90 7

fn=(224)
125 3
+16 3
-13 3
-3 9
+3 3
+55 3
-2 3
+5 3
+1 6

fl=(37)
fn=(108)
172 6
+3 1
-3 3
+3 1
-3 5
+2 1
cfi=(38)
cfn=(110)
calls=1 29 
* 49
+1 1
fi=(40) ./elf/./dl-hwcaps.h
43 1
fe=(37)
174 1
fi=(40)
45 2
+32 1
+1 1
+1 1
fe=(37)
-27 2
cfi=(39) ./elf/./elf/dl-hwcaps_split.c
cfn=(114) _dl_hwcaps_split_masked
calls=1 -1 
* 23
* 2
fi=(40)
-9 1
+2 1
-2 1
+34 2
+1 2
+1 1
fe=(37)
-24 2
-1 2
+1 2
+1 2
+1 2
-5 4
cfi=(39)
cfn=(114)
calls=2 -1 
* 130
* 2
cfi=(39)
cfn=(114)
calls=1 -1 
* 125
* 6
+48 4
fi=(28)
-44 2
cfi=(27)
cfn=(78)
calls=1 -20 
* 30
fe=(37)
+46 2
-2 1
+2 1
+3 1
+3 1
fi=(40)
-65 1
+2 1
fe=(37)
+67 1
fi=(40)
-66 1
fe=(37)
+66 2
cfi=(39)
cfn=(120) _dl_hwcaps_split
calls=1 -87 
* 13
* 2
fi=(40)
-69 1
+2 1
-2 1
+34 2
+1 2
+1 1
fe=(37)
+48 10
+1 4
+1 2
+1 2
-1 2
-4 4
cfi=(39)
cfn=(114)
calls=2 -74 
* 130
* 2
cfi=(39)
cfn=(114)
calls=1 -74 
* 125
* 6
+8 3
+9 5
+3 8
-2 6
+14 1
+4 1
+1 1
+1 1
-20 3
+19 1
+1 1
-20 2
+8 2
+4 2
-4 3
+4 2
cfi=(42)
cfn=(122)
calls=1 -96 
* 19
+1 3
-14 8
+47 1
-4 2
+4 2
-3 1
+7 1
-7 2
+7 1
fi=(28)
56 1
cfi=(27)
cfn=(78)
calls=1 -20 
* 30
* 1
fe=(37)
194 2
+8 1
fi=(40)
43 1
fe=(37)
201 1
80 1
fi=(40)
-35 1
fe=(37)
+35 1
202 1
fi=(40)
77 1
+1 1
fe=(37)
202 3
fi=(40)
79 1
fe=(37)
-2 2
cfi=(39)
cfn=(114)
calls=1 -26 
* 23
* 2
fi=(40)
-34 1
+2 1
fe=(37)
+35 2
fi=(40)
-37 1
+34 2
+1 2
+1 3
fe=(37)
+1 4
+7 2
-7 8
cfi=(29)
cfn=(126)
calls=2 197 
* 26
+4 2
+2 2
+2 2
-2 4
-9 4
cfi=(39)
cfn=(114)
calls=2 -26 
* 130
* 2
cfi=(39)
cfn=(114)
calls=1 -26 
* 125
* 6
213 2
-5 1
+1 1
-1 1
+5 1
+3 9

fl=(64)
fn=(202)
143 4
+1 2
-1 1
+1 1
-1 2
+1 1
-1 1
+1 1
-1 4
+1 3
-1 1
+1 7
-8 1
+8 2
-8 1
-6 1
-2 1
+16 1
-8 1
-7 1
+1 1
+6 1
+24 4
-28 3
-2 1
+31 1
-33 2
+2 2
+30 2
-30 1
-1 4
+7 4
+24 3
+28 3
-6 1
+46 1
fi=(72) ./elf/../include/scratch_buffer.h
77 1
fe=(64)
+87 1
fi=(72)
-87 1
+1 1
fe=(64)
184 1
+44 4
-31 1
-4 1
+4 8
-4 6
+4 12
+11 18
-18 2
+18 4
417 14
+2 5
+3 5
-3 15
+3 5
-3 5
fi=(28)
56 5
cfi=(27)
cfn=(78)
calls=5 -20 
* 150
fe=(64)
423 15
fi=(28)
56 5
fe=(64)
423 5
+6 5
+1 25
cfi=(29)
cfn=(82)
calls=5 210 
* 63
+1 25
cfi=(29)
cfn=(82)
calls=5 210 
* 63
+3 5
+1 10
+4 21
188 12
442 18
-1 7
+1 14
183 6
+27 20
+7 5
+4 5
-6 5
+1 5
+1 5
+1 10
+3 15
-2 5
-29 25
+32 298
+6 48
cfi=(30)
cfn=(204)
calls=12 +10 
* 660
* 36
+4 24
-2 12
+2 24
cfi=(50)
cfn=(160)
calls=12 -28 
* 24680
+1 24
+9 12
+2 24
+5 25
+6 5
+2 5
-8 10
+3 5
+1 5
+1 5
+1 5
+4 5
-3 5
+3 15
+4 36
+1 27
-43 611
+7 24
+38 411
fi=(72)
85 3
fe=(64)
448 5
+1 1
+3 4
+11 5
fi=(28)
56 1
cfi=(27)
cfn=(78)
calls=1 -20 
* 30
fe=(64)
465 3
fi=(28)
56 1
fe=(64)
465 1
+5 2
+1 1
-1 3
+4 3
-2 2
+13 6
+5 6
-16 18
+11 6
-7 6
+7 6
-2 12
-5 1
+7 1
-2 2
+2 1
-11 1
+11 1
+5 1
-16 3
+21 3
+37 2
+15 2
-14 2
+20 1
-1 4
+1 4
-1 5
cfi=(13)
cfn=(232)
calls=1 298 
* 489
+5 1
+2 1
+1 1
+1 2
-2 1
+2 1
+7 3
+3 2
+3 8
198 46
+3 5
fi=(72)
-70 20
cfi=(71)
cfn=(228)
calls=5 30 
* 125
fe=(64)
+70 15
+4 10
547 4
cfi=(29)
cfn=(82)
calls=1 210 
* 19
* 3
-53 2
144 2

fn=(206)
61 72
+7 12
-4 36
+1 12
-1 84
cfi=(30)
cfn=(166)
calls=12 1967 
* 23624
* 12
+5 36

fl=(39)
fn=(120)
25 5
+1 3
+21 1
-20 1
+20 3

fn=(114)
51 110
-25 44
+36 5
-7 5
+7 35
-26 24
+5 27
cfi=(41)
cfn=(118)
calls=9 -9 
* 216
* 9
+1 18
+3 6
+11 12
+1 18
+1 12
-2 6
+1 9
+1 6
-28 24
+4 48
+1 12
-1 30
+24 6
+9 12
-5 6
-2 6
+2 42
-19 6
cfi=(22)
cfn=(62)
calls=3 +14 
* 51
* 6

fl=(41)
fn=(118)
32 28
+1 28
+1 28
+1 28
+1 28
+1 28
+1 28
+1 28
+1 28
+1 28
+1 28
+1 28
+1 28
+1 28
+1 28
+1 28
+1 28
+1 28
+1 23
+4 23
+1 23
+1 23
+1 23
+2 23
+4 5
+1 5
+1 5
+1 5
+1 5
+1 5
+1 5
+1 5
+1 5
+1 5
+1 5
+1 5
+1 5
+1 5
+1 5
+1 5
+1 5
+1 5
+1 5
+1 5
+1 5
+1 5
+1 5
+1 5
+52 5
+4 5
+1 5
+1 5
+1 5
+2 5

fl=(45)
fn=(196)
38 6
+3 6
-1 12
+4 12
+4 6

fn=(144)
56 3
+3 2
+4 1
+22 1
+10 1
-32 2
+1 1
+21 2
+5 2
+1 1
+4 1
-4 1
-1 1
+2 1
+3 1
+4 2
+8 2
-50 1
+4 2
+35 6

fn=(150)
116 2
+1 2

fl=(26)
fn=(72)
59 90
+3 12
+18 10
+3 5
cfi=(22)
cfn=(62)
calls=5 -26 
* 103
+4 5
-4 5
+4 5
+5 5
-9 15
fi=(28)
-39 10
cfi=(27)
cfn=(74)
calls=5 +36 
* 306
fe=(26)
+39 1
fi=(28)
-39 2
cfi=(27)
cfn=(74)
calls=1 +36 
* 47
* 6
fe=(26)
+51 12
+5 6
+4 6
-6 6
+2 6
+4 6
-5 6
+4 6
+1 6
-1 6
+1 12
cfi=(29)
cfn=(82)
calls=6 210 
* 77
* 6
+15 6
-15 6
+2 6
+13 12
+6 1
+2 7
+3 2
-3 35
+3 10
+2 6
+4 6
+3 16
+2 12
-2 8
+2 8
-2 16
+16 12
-5 6
+5 6
-6 6
+6 6
-6 6
+6 12
+2 10
+3 10
-3 10
+7 24
+4 15
+8 1
+13 1
-10 2
+10 8
-10 10
+10 15
+2 5
cfi=(22)
cfn=(62)
calls=5 57 
* 203
+21 5
-21 15
+17 5
-13 15
+50 15
cfi=(29)
cfn=(126)
calls=5 -48 
* 89
* 5
+5 10
+1 10
-1 158
+1 158
+4 10
+1 5
+3 5
+4 54
131 12
-8 5
-4 10
+34 1
+7 4
+8 20
fi=(28)
56 10
cfi=(27)
cfn=(78)
calls=5 -20 
* 150
* 5
fe=(26)
200 10
-1 10
64 2
+2 3
+1 2
+4 6
+6 2

fn=(84)
31 24
+2 6
-2 12
+2 6
-2 18
+2 6
cfi=(24)
cfn=(86)
calls=6 +9 
* 18
+2 53
+3 80
+2 5
+2 5
+4 5
+4 5
-4 10
+1 10
+1 10
+3 25
-1 5
cfi=(24)
cfn=(86)
calls=5 -8 
* 15
-4 1
+4 1
-4 2
+1 2
+1 2
+3 5
-1 1
cfi=(24)
cfn=(86)
calls=1 -8 
* 3
-5 2

fl=(186) ./elf/../sysdeps/x86_64/dl-trampoline.h
fn=(642) _dl_runtime_resolve_xsave
71 120
+5 120
+3 120
+2 120
+10 120
+6 120
+1 120
+1 120
+1 120
+1 120
+1 120
+1 120
+4 120
+1 120
+3 120
+1 120
+2 120
+1 120
+1 120
+1 120
+1 120
+1 120
+2 120
+7 120
+1 120
+1 120
cfi=(187)
cfn=(644)
calls=120 -84 
* 98346
+1 120
+5 120
+1 120
+1 120
+2 120
+1 120
+1 120
+1 120
+1 120
+1 120
+1 120
+2 120
+2 120
+4 120
+2 120

fl=(7)
fn=(12)
42 1
+1 2
+1 2
+1 2
+1 2
+1 1

fn=(542) lookup_malloc_symbol
61 8
+3 4
-3 12
+3 4
-3 12
+3 4
-3 4
+2 4
+1 16
cfi=(78)
cfn=(270)
calls=4 772 
* 2720
+4 28
+1 28
+2 4
fi=(166) ./elf/./dl-sym-post.h
-30 8
+12 12
fe=(7)
+19 24

fn=(134)
239 2
+3 4
+2 2
+1 4
+4 3
-2 2
+4 28
+5 84
-2 56
+13 1
+4 4
-22 14
+15 14
-15 30

fn=(538)
76 2
+10 1
fi=(165) ./elf/../sysdeps/generic/dl-hash.h
-41 1
-1 1
fe=(7)
+32 8
+11 1
-1 1
fi=(165)
-43 1
+5 3
+14 4
-17 3
+3 15
+14 20
-17 15
fe=(7)
+46 2
fi=(165)
-24 1
fe=(7)
+22 1
+2 2
fi=(165)
-19 1
fe=(7)
+19 1
cfn=(542)
calls=1 -30 
* 696
+1 3
-1 1
+1 1
cfn=(542)
calls=1 -31 
* 733
+1 3
-1 1
+1 1
cfn=(542)
calls=1 -32 
* 794
+1 3
-1 1
+1 1
cfn=(542)
calls=1 -33 
* 669
+5 1
+1 1
+1 1
+1 1
+1 8

fl=(57)
fn=(182)
47 26
+3 52
-3 156
+6 52
+5 156
+2 104
-7 55

fl=(15)
fn=(550)
71 1
-32 3
+32 2

fn=(34)
37 1
+2 3
+2 1
cfi=(16)
cfn=(36)
calls=1 682 
* 7344

fl=(55)
fn=(178)
30 6
+9 24
+33 6

fl=(73)
fn=(240)
392 7
+4 5
-2 1
+4 42
cfn=(242) _dl_check_map_versions
calls=7 155 
* 25197
-2 7
+2 21
-1 7
-1 14
+5 7

fn=(242)
155 70
+15 21
+2 35
+2 7
+1 7
+2 14
+3 10
-16 10
+20 5
-4 5
-24 5
+28 35
+16 10
36 5
200 5
36 35
200 14
36 7
200 7
36 49
+1 53
-1 106
+2 195
cfi=(52)
cfn=(168)
calls=65 +30 
* 6324
* 142
208 36
+5 12
fi=(324) ./elf/../sysdeps/generic/_itoa.h
76 36
fe=(73)
213 24
+4 24
+1 24
-1 24
+4 12
-3 12
+3 12
-3 36
-1 82
+1 82
-1 82
+4 41
-3 41
+3 41
-3 193
56 212
+8 159
+6 159
+16 53
+1 106
+2 53
+5 371
+14 1900
+12 2691
+4 897
-30 1794
231 212
+3 159
+5 41
-24 41
110 53
+3 265
cfi=(32)
cfn=(94)
calls=53 -15 
* 2068
* 159
224 159
+1 3
cfi=(32)
cfn=(94)
calls=1 98 
* 71
* 2
+3 26
+15 36
+5 7
-50 7
+59 25
+3 10
+3 35
+3 20
+4 5
-7 20
+3 15
+4 124
-7 496
+3 377
+8 15
+6 12
fi=(28)
44 6
fe=(73)
280 12
fi=(28)
44 6
cfi=(27)
cfn=(74)
calls=6 +36 
* 301
fe=(73)
281 12
-2 6
fi=(28)
44 6
fe=(73)
281 6
+13 6
-3 6
+3 24
+2 12
+3 20
+4 36
+7 53
+1 53
-1 159
+1 53
+1 53
-2 53
+2 106
+1 159
+3 159
+5 41
-15 41
+2 41
-2 41
+2 41
-2 41
+2 82
-2 12
+2 12
-2 12
+2 12
-2 12
+2 24
+16 36
+5 7
-28 7
+33 10
+3 10
+4 129
+6 129
+1 129
+1 129
-1 387
+1 129
-1 129
+1 129
+1 129
+3 387
+4 129
-14 268
+10 15
+12 10
+1 10
+1 10
+1 4
+19 63
164 2
-8 2
257 5
+17 3
+60 2
-40 2
+76 4
+2 4
+4 2
-4 120
+1 60
+2 1
+1 2
-1 1
+1 1
cfi=(32)
cfn=(244)
calls=1 98 
* 32
* 2

fl=(11)
fn=(58)
153 15
-81 40
+81 15
-81 10
+10 5
fi=(325) ./elf/./dl-tunable-types.h
+2 5
fe=(11)
+9 40
+1 25
fi=(12) ./elf/./elf/dl-tunables.h
+47 10
fe=(11)
-26 25
+1 5
+1 5
+1 5
+39 15
fi=(12)
-15 10
fe=(11)
-45 10
+3 5
fi=(12)
+51 5
fe=(11)
-51 5
+4 10
+7 10
+1 10
-12 25

fn=(22)
261 8
+22 1
-22 1
128 1
283 1
-22 1
+6 4
42 245
+6 48
-3 48
+3 4754
+4 96
+4 96
fi=(12)
160 48
fe=(11)
56 96
fi=(12)
161 22
-1 114
+1 166
-1 96
fe=(11)
281 7872
+6 14256
fi=(12)
160 480
+1 960
-1 25
+1 100
-1 125
fe=(11)
304 8

fn=(28)
387 39
+3 78
-3 39
+3 312
+9 36
-9 72
+19 25
+7 234
+2 39
-19 14
+1 14
+9 6

fl=(63)
fn=(200)
25 1
+2 7
+4 1

fl=(311)
fn=(3580)
24 56
+4 14
+6 7
-2 7
+3 14
+3 5
+1 5
-1 5
+1 10
+3 20
+1 5
cob=(3)
cfi=(183)
cfn=(3758) 0x00000000000104a0
calls=1 -43 
* 152
cob=(6)
cfi=(184)
cfn=(3728) 0x0000000000004940
calls=1 -43 
* 42
cob=(7)
cfi=(185)
cfn=(3626) 0x00000000000b7aa0
calls=1 -43 
* 8311
cob=(5)
cfi=(178)
cfn=(3608) 0x00000000000010d0
calls=1 -43 
* 152
cob=(8)
cfi=(211)
cfn=(3582) 0x0000000000003a40
calls=1 -43 
* 152
* 1
cob=(6)
cfi=(184)
cfn=(3740) 0x0000000000005ad0
calls=1 -43 
* 152
-1 24
+5 7
+1 14

ob=(6)
fl=(184)
fn=(3728)
0 5
cfn=(3730) 0x00000000000048f0
calls=1 0 
0 16
0 2
cfn=(3730)
calls=1 0 
0 16
0 3

fn=(622)
0 364

fn=(3750) 0x0000000000005a60
0 5

fn=(3730)
0 32

fn=(624)
0 12

fn=(3740)
0 9
cob=(4)
cfi=(175)
cfn=(3746) 0x0000000004acd3c0
calls=1 0 
0 134

ob=(1)
fl=(311)
fn=(3580)
49 10
+1 25
-1 5
cob=(4)
cfi=(175)
cfn=(3774) 0x0000000004d983a8
calls=1 -49 
* 4
cob=(4)
cfi=(175)
cfn=(3756) 0x0000000004af0748
calls=1 -49 
* 4
cob=(4)
cfi=(175)
cfn=(3726) 0x0000000004a2fce4
calls=1 -49 
* 4
cob=(4)
cfi=(175)
cfn=(3624) 0x000000000483d294
calls=1 -49 
* 4
cob=(4)
cfi=(175)
cfn=(3604) 0x00000000001381b0
calls=1 -49 
* 4
+1 12

fl=(54)
fn=(174)
25 5
+1 20
+1 5

fl=(58)
fn=(184)
33 3
+2 11
-2 4
+7 1
-7 2
+7 1
-7 2
+7 1
-7 1
+7 1
cfi=(11)
cfn=(28)
calls=1 387 
* 24
* 3

ob=(6)
fl=(184)
fn=(3740)
0 1
cfn=(3750)
calls=1 0 
0 5

ob=(1)
fl=(58)
fn=(184)
47 1
+2 6

ob=(6)
fl=(184)
fn=(3740)
0 3

ob=(4)
fl=(175)
fn=(1320) 0x0000000004b1f7b0
0 2
cob=(1)
cfi=(48)
cfn=(1322)
calls=1 118 
0 5

fn=(564) 0x0000000004b1f720
0 40
cob=(1)
cfi=(11)
cfn=(28)
calls=20 387 
0 469

fn=(602) 0x0000000004b1f660
0 2
cob=(2)
cfi=(181) ./string/../sysdeps/x86_64/multiarch/strrchr-avx2.S
cfn=(604) __strrchr_avx2
calls=1 53 
0 22

fn=(774) 0x00000000048ecb70
0 2
cob=(7)
cfi=(185)
cfn=(778) std::ctype<wchar_t>::ctype(unsigned long)
calls=1 0 
0 26175
cob=(1)
cfi=(186)
cfn=(642)
calls=1 71 
0 686
0 5

fn=(834) 0x00000000048ecc60
0 2
cob=(7)
cfi=(185)
cfn=(838) std::__cxx11::numpunct<wchar_t>::_M_initialize_numpunct(__locale_struct*)
calls=1 0 
0 353
cob=(1)
cfi=(186)
cfn=(642)
calls=1 71 
0 978
0 5

fn=(992) 0x00000000048eec70
0 2
cob=(7)
cfi=(185)
cfn=(996) std::messages<wchar_t>::messages(unsigned long)
calls=1 0 
0 51
cob=(1)
cfi=(186)
cfn=(642)
calls=1 71 
0 713
0 5

fn=(1062) 0x00000000048eeb50
0 8
cob=(7)
cfi=(185)
cfn=(1066) std::basic_ios<wchar_t, std::char_traits<wchar_t> >::init(std::basic_streambuf<wchar_t, std::char_traits<wchar_t> >*)
calls=4 0 
0 1722
cob=(1)
cfi=(186)
cfn=(642)
calls=1 71 
0 985
0 5

fn=(1394) 0x000000000010b7c0
0 10
cob=(7)
cfi=(185)
cfn=(1396) std::__cxx11::basic_string<char, std::char_traits<char>, std::allocator<char> >::operator=(char const*)
calls=5 0 
0 5868

fn=(1426) 0x000000000010b640
0 36
cob=(7)
cfi=(185)
cfn=(1428) std::__cxx11::basic_string<char, std::char_traits<char>, std::allocator<char> >::~basic_string()
calls=18 0 
0 721

fn=(1476) 0x00000000048ed220
0 6
cob=(2)
cfi=(227) ./libio/./libio/iofopen.c
cfn=(1480) fopen@@GLIBC_2.2.5
calls=3 85 
0 1535
cob=(1)
cfi=(186)
cfn=(642)
calls=1 71 
0 751
0 5

fn=(1592) 0x00000000048ee6a0
0 1618
cob=(7)
cfi=(185)
cfn=(1596) std::__cxx11::basic_string<char, std::char_traits<char>, std::allocator<char> >::_M_append(char const*, unsigned long)
calls=809 0 
0 37344
cob=(1)
cfi=(186)
cfn=(642)
calls=1 71 
0 1017
0 5

fn=(1904) 0x000000000010b890
0 1384396
cob=(2)
cfi=(225) ./string/../sysdeps/x86_64/multiarch/memmove-vec-unaligned-erms.S
cfn=(1378) __memcpy_avx_unaligned_erms
calls=692198 255 
0 8488728

fn=(666) 0x00000000048ed410
0 2
cob=(7)
cfi=(185)
cfn=(670) std::locale::_Impl::_Impl(unsigned long)
calls=1 0 
0 71922
cob=(1)
cfi=(186)
cfn=(642)
calls=1 71 
0 702
0 5

fn=(672) 0x00000000048ed3e0
0 14
cob=(7)
cfi=(185)
cfn=(676) std::locale::facet::_S_get_c_name()
calls=7 0 
0 21
cob=(1)
cfi=(186)
cfn=(642)
calls=1 71 
0 812
0 5

fn=(3076) 0x00000000048ed610
0 8096
cob=(7)
cfi=(185)
cfn=(3080) std::__detail::_Prime_rehash_policy::_M_next_bkt(unsigned long) const
calls=4048 0 
0 423449
cob=(1)
cfi=(186)
cfn=(642)
calls=1 71 
0 882
0 5

fn=(3274) 0x00000000048eeb20
0 1059234
cob=(7)
cfi=(185)
cfn=(3278) std::basic_ostream<char, std::char_traits<char> >& std::__ostream_insert<char, std::char_traits<char> >(std::basic_ostream<char, std::char_traits<char> >&, char const*, long)
calls=529617 0 
0 98261772
cob=(1)
cfi=(186)
cfn=(642)
calls=1 71 
0 1049
0 5

fn=(3358) 0x000000000010b8e0
0 526814
cob=(7)
cfi=(185)
cfn=(3360) std::ostream::operator<<(int)
calls=263407 0 
0 96051762

fn=(3406) 0x00000000048f0040
0 2
cob=(2)
cfi=(286) ./io/../sysdeps/unix/sysv/linux/write.c
cfn=(3410) write
calls=1 25 
0 8
cob=(1)
cfi=(186)
cfn=(642)
calls=1 71 
0 794
0 5

fn=(3456) 0x000000000010b6e0
0 6
cob=(7)
cfi=(185)
cfn=(3458) std::basic_ostream<char, std::char_traits<char> >& std::operator<< <char, std::char_traits<char>, std::allocator<char> >(std::basic_ostream<char, std::char_traits<char> >&, std::__cxx11::basic_string<char, std::char_traits<char>, std::allocator<char> > const&)
calls=3 0 
0 689

fn=(3464) 0x000000000010b910
0 2
cob=(7)
cfi=(185)
cfn=(3466) std::ostream::operator<<(bool)
calls=1 0 
0 1169

fn=(3588) 0x000000000010b4e0
0 2
cob=(2)
cfi=(312) ./stdlib/./stdlib/cxa_finalize.c
cfn=(3590) __cxa_finalize
calls=1 30 
0 132

fn=(3672) 0x00000000048f04b0
0 20
cob=(2)
cfi=(315) ./libio/./libio/iofflush.c
cfn=(3676) fflush
calls=10 32 
0 774
cob=(1)
cfi=(186)
cfn=(642)
calls=1 71 
0 782
0 5

fn=(3698) 0x00000000048ee140
0 4
cob=(1)
cfi=(316)
cfn=(3702)
calls=2 29 
0 24
cob=(1)
cfi=(186)
cfn=(642)
calls=1 71 
0 911
0 5

fn=(3488) 0x00000000048ee560
0 2
cob=(7)
cfi=(185)
cfn=(3492) std::ostreambuf_iterator<char, std::char_traits<char> > std::num_put<char, std::ostreambuf_iterator<char, std::char_traits<char> > >::_M_insert_float<double>(std::ostreambuf_iterator<char, std::char_traits<char> >, std::ios_base&, char, char, double) const
calls=1 0 
0 4530
cob=(1)
cfi=(186)
cfn=(642)
calls=1 71 
0 1201
0 5

fn=(1310) 0x000000000010b000
0 7

fn=(608)
0 7

fn=(858) 0x00000000048ee300
0 2
cob=(7)
cfi=(185)
cfn=(862) std::__timepunct<wchar_t>::_M_initialize_timepunct(__locale_struct*)
calls=1 0 
0 154
cob=(1)
cfi=(186)
cfn=(642)
calls=1 71 
0 986
0 5

fn=(902) 0x00000000048f0050
0 2
cob=(7)
cfi=(185)
cfn=(906) std::moneypunct<char, true>::_M_initialize_moneypunct(__locale_struct*, char const*)
calls=1 0 
0 115
cob=(1)
cfi=(186)
cfn=(642)
calls=1 71 
0 1018
0 5

fn=(968) 0x00000000048ef280
0 2
cob=(7)
cfi=(185)
cfn=(972) std::moneypunct<wchar_t, true>::_M_initialize_moneypunct(__locale_struct*, char const*)
calls=1 0 
0 109
cob=(1)
cfi=(186)
cfn=(642)
calls=1 71 
0 1010
0 5

fn=(1118) 0x00000000048edcb0
0 2
cob=(2)
cfi=(201) ./stdlib/./stdlib/secure-getenv.c
cfn=(1122) secure_getenv
calls=1 28 
0 459
cob=(1)
cfi=(186)
cfn=(642)
calls=1 71 
0 913
0 5

fn=(1362) 0x000000000010b650
0 28
cob=(7)
cfi=(185)
cfn=(1364) std::__cxx11::basic_string<char, std::char_traits<char>, std::allocator<char> >::_M_set_length(unsigned long)
calls=14 0 
0 70

fn=(1392) 0x000000000010b5d0
0 16
cob=(2)
cfi=(199) ./string/../sysdeps/x86_64/multiarch/memcmp-avx2-movbe.S
cfn=(826) __memcmp_avx2_movbe
calls=8 73 
0 158

fn=(1440) 0x00000000048efea0
0 6
cob=(7)
cfi=(185)
cfn=(1444) std::basic_filebuf<char, std::char_traits<char> >::basic_filebuf()
calls=3 0 
0 1147
cob=(1)
cfi=(186)
cfn=(642)
calls=1 71 
0 865
0 5

fn=(1452) 0x00000000048eec00
0 6
cob=(7)
cfi=(185)
cfn=(1456) std::basic_filebuf<char, std::char_traits<char> >::open(char const*, std::_Ios_Openmode)
calls=3 0 
0 6168
cob=(1)
cfi=(186)
cfn=(642)
calls=1 71 
0 981
0 5

fn=(1580) 0x00000000048ed1e0
0 10
cob=(2)
cfi=(235) ./io/../sysdeps/unix/sysv/linux/read.c
cfn=(1584) read
calls=5 25 
0 40
cob=(1)
cfi=(186)
cfn=(642)
calls=1 71 
0 729
0 5

fn=(1618) 0x00000000048edfb0
0 1602
cob=(7)
cfi=(185)
cfn=(1622) std::__cxx11::basic_stringbuf<char, std::char_traits<char>, std::allocator<char> >::_M_pbump(char*, char*, long)
calls=801 0 
0 11214
cob=(1)
cfi=(186)
cfn=(642)
calls=1 71 
0 1001
0 5

fn=(1624) 0x000000000010b630
0 8806
cob=(7)
cfi=(185)
cfn=(1626) std::istream::operator>>(int&)
calls=4403 0 
0 2058844

fn=(2218) 0x00000000048ecc30
0 4
cob=(2)
cfi=(259) ./time/../sysdeps/unix/sysv/linux/clock_gettime.c
cfn=(2222) clock_gettime@@GLIBC_2.17
calls=2 30 
0 22
cob=(1)
cfi=(186)
cfn=(642)
calls=1 71 
0 821
0 5

fn=(636) 0x00000000048ef040
0 2
cob=(7)
cfi=(185)
cfn=(648) std::ios_base::Init::Init()
calls=1 0 
0 83591
cob=(1)
cfi=(186)
cfn=(642)
calls=1 71 
0 718
0 5

fn=(3384) 0x00000000048ef750
0 416
cob=(2)
cfi=(285) ./misc/../sysdeps/unix/sysv/linux/writev.c
cfn=(3388) writev
calls=208 25 
0 1664
cob=(1)
cfi=(186)
cfn=(642)
calls=1 71 
0 722
0 5

fn=(3412) 0x000000000010b820
0 2
cob=(7)
cfi=(185)
cfn=(3414) std::basic_ofstream<char, std::char_traits<char> >::~basic_ofstream()
calls=1 0 
0 187

fn=(3624)
0 4

fn=(3764) 0x0000000004d1a220
0 2
cob=(2)
cfi=(312)
cfn=(3590)
calls=1 30 
0 132

fn=(726) 0x00000000048ed800
0 551058
cob=(7)
cfi=(185)
cfn=(730) std::locale::id::_M_id() const
calls=275529 0 
0 1653606
cob=(1)
cfi=(186)
cfn=(642)
calls=1 71 
0 714
0 5

fn=(750) 0x00000000048ef530
0 2
cob=(7)
cfi=(185)
cfn=(754) std::__cxx11::moneypunct<char, true>::_M_initialize_moneypunct(__locale_struct*, char const*)
calls=1 0 
0 115
cob=(1)
cfi=(186)
cfn=(642)
calls=1 71 
0 1066
0 5

fn=(824) 0x0000000004b1f580
0 98
cob=(2)
cfi=(199)
cfn=(826)
calls=49 73 
0 1048

fn=(840) 0x00000000048eed70
0 2
cob=(7)
cfi=(185)
cfn=(844) std::__cxx11::moneypunct<wchar_t, false>::_M_initialize_moneypunct(__locale_struct*, char const*)
calls=1 0 
0 109
cob=(1)
cfi=(186)
cfn=(642)
calls=1 71 
0 1082
0 5

fn=(1038) 0x00000000048ef780
0 4834
cob=(7)
cfi=(185)
cfn=(1042) std::ios_base::_M_init()
calls=2417 0 
0 240693
cob=(1)
cfi=(186)
cfn=(642)
calls=1 71 
0 722
0 5

fn=(1050) 0x00000000048eeea0
0 8050
cob=(7)
cfi=(185)
cfn=(1054) std::locale::~locale()
calls=4025 0 
0 48300
cob=(1)
cfi=(186)
cfn=(642)
calls=1 71 
0 706
0 5

fn=(1358) 0x000000000010b740
0 28
cob=(7)
cfi=(185)
cfn=(1360) std::__cxx11::basic_string<char, std::char_traits<char>, std::allocator<char> >::_S_copy_chars(char*, char const*, char const*)
calls=14 0 
0 1252

fn=(1420) 0x00000000048eccc0
0 174794
cob=(7)
cfi=(185)
cfn=(1424) operator new(unsigned long)
calls=87397 0 
0 5507450
cob=(1)
cfi=(186)
cfn=(642)
calls=1 71 
0 662
0 5

fn=(1430) 0x000000000010b8b0
0 1616
cob=(7)
cfi=(185)
cfn=(1432) std::__cxx11::basic_string<char, std::char_traits<char>, std::allocator<char> >::empty() const
calls=808 0 
0 3232

fn=(1436) 0x000000000010b870
0 4
cob=(7)
cfi=(185)
cfn=(1438) std::basic_ifstream<char, std::char_traits<char> >::basic_ifstream(std::__cxx11::basic_string<char, std::char_traits<char>, std::allocator<char> > const&, std::_Ios_Openmode)
calls=2 0 
0 10170

fn=(1514) 0x00000000048ec2a0
0 6
cob=(7)
cfi=(185)
cfn=(1516) operator new[](unsigned long)
calls=3 0 
0 763

fn=(1552) 0x00000000048efab0
0 11220
cob=(7)
cfi=(185)
cfn=(1556) std::istream::sentry::sentry(std::istream&, bool)
calls=5610 0 
0 315579
cob=(1)
cfi=(186)
cfn=(642)
calls=1 71 
0 701
0 5

fn=(1824) 0x00000000048ee4d0
0 1608
cob=(7)
cfi=(185)
cfn=(1828) std::ios_base::_M_call_callbacks(std::ios_base::event)
calls=804 0 
0 12864
cob=(1)
cfi=(186)
cfn=(642)
calls=1 71 
0 880
0 5

fn=(2034) 0x00000000048efaf0
0 8
cob=(7)
cfi=(185)
cfn=(2038) std::basic_filebuf<char, std::char_traits<char> >::close()
calls=4 0 
0 8563
cob=(1)
cfi=(186)
cfn=(642)
calls=1 71 
0 913
0 5

fn=(618)
0 7

fn=(684) 0x00000000048ef3c0
0 30
cob=(7)
cfi=(185)
cfn=(688) std::locale::facet::_S_get_c_locale()
calls=15 0 
0 3235
cob=(1)
cfi=(186)
cfn=(642)
calls=1 71 
0 826
0 5

fn=(690) 0x00000000048ed790
0 30
cob=(2)
cfi=(188) ./nptl/./nptl/pthread_once.c
cfn=(694) pthread_once@@GLIBC_2.34
calls=15 136 
0 1974
cob=(1)
cfi=(186)
cfn=(642)
calls=1 71 
0 1001
0 5

fn=(710) 0x00000000048ee490
0 2
cob=(2)
cfi=(190) ./locale/./locale/newlocale.c
cfn=(714) newlocale
calls=1 43 
0 40
cob=(1)
cfi=(186)
cfn=(642)
calls=1 71 
0 771
0 5

fn=(3400) 0x00000000048edbb0
0 2
cob=(7)
cfi=(185)
cfn=(3404) std::__basic_file<char>::xsputn(char const*, long)
calls=1 0 
0 850
cob=(1)
cfi=(186)
cfn=(642)
calls=1 71 
0 790
0 5

fn=(3422) 0x000000000010b5b0
0 2
cob=(7)
cfi=(185)
cfn=(3424) std::__cxx11::basic_string<char, std::char_traits<char>, std::allocator<char> >::c_str() const
calls=1 0 
0 3

fn=(3438) 0x000000000010b520
0 4
cob=(7)
cfi=(185)
cfn=(3440) std::__cxx11::basic_string<char, std::char_traits<char>, std::allocator<char> >::append(char const*, unsigned long)
calls=2 0 
0 98

fn=(3460) 0x0000000004b1f430
0 48
cob=(2)
cfi=(225)
cfn=(3462) __mempcpy_avx_unaligned_erms
calls=24 242 
0 419

fn=(3710) 0x00000000048ee340
0 6
cob=(7)
cfi=(185)
cfn=(3714) std::basic_ostream<wchar_t, std::char_traits<wchar_t> >::sentry::sentry(std::basic_ostream<wchar_t, std::char_traits<wchar_t> >&)
calls=3 0 
0 213
cob=(1)
cfi=(186)
cfn=(642)
calls=1 71 
0 917
0 5

fn=(3711) 0x00000000048ee340'2
0 2
cob=(7)
cfi=(185)
cfn=(3715) std::basic_ostream<wchar_t, std::char_traits<wchar_t> >::sentry::sentry(std::basic_ostream<wchar_t, std::char_traits<wchar_t> >&)'2
calls=1 0 
0 22

fn=(762) 0x00000000048eeec0
0 2
cob=(7)
cfi=(185)
cfn=(766) std::__timepunct<char>::_M_initialize_timepunct(__locale_struct*)
calls=1 0 
0 157
cob=(1)
cfi=(186)
cfn=(642)
calls=1 71 
0 962
0 5

fn=(846) 0x00000000048ed060
0 2
cob=(7)
cfi=(185)
cfn=(850) std::__cxx11::moneypunct<wchar_t, true>::_M_initialize_moneypunct(__locale_struct*, char const*)
calls=1 0 
0 109
cob=(1)
cfi=(186)
cfn=(642)
calls=1 71 
0 1050
0 5

fn=(852) 0x00000000048ef3b0
0 2
cob=(7)
cfi=(185)
cfn=(856) std::__timepunct<wchar_t>::__timepunct(std::__timepunct_cache<wchar_t>*, unsigned long)
calls=1 0 
0 1176
cob=(1)
cfi=(186)
cfn=(642)
calls=1 71 
0 945
0 5

fn=(1126) 0x0000000004b1f600
0 6
cob=(2)
cfi=(203) ./string/../sysdeps/x86_64/multiarch/strcmp-avx2.S
cfn=(1128) __strncmp_avx2
calls=3 206 
0 94

fn=(1414) 0x00000000048ee810
0 810
cob=(7)
cfi=(185)
cfn=(1418) std::__cxx11::basic_string<char, std::char_traits<char>, std::allocator<char> >::_M_create(unsigned long&, unsigned long)
calls=405 0 
0 32745
cob=(1)
cfi=(186)
cfn=(642)
calls=1 71 
0 981
0 5

fn=(1464) 0x00000000048ed240
0 6
cob=(7)
cfi=(185)
cfn=(1468) std::__basic_file<char>::open(char const*, std::_Ios_Openmode, int)
calls=3 0 
0 2438
cob=(1)
cfi=(186)
cfn=(642)
calls=1 71 
0 874
0 5

fn=(1508) 0x00000000048ecdc0
0 6
cob=(7)
cfi=(185)
cfn=(1512) std::basic_filebuf<char, std::char_traits<char> >::_M_allocate_internal_buffer()
calls=3 0 
0 823
cob=(1)
cfi=(186)
cfn=(642)
calls=1 71 
0 1001
0 5

fn=(1528) 0x000000000010b7d0
0 4
cob=(7)
cfi=(185)
cfn=(1530) std::__cxx11::basic_string<char, std::char_traits<char>, std::allocator<char> >::basic_string()
calls=2 0 
0 12

fn=(1532) 0x000000000010b530
0 1614
cob=(7)
cfi=(185)
cfn=(1534) std::basic_istream<char, std::char_traits<char> >& std::getline<char, std::char_traits<char>, std::allocator<char> >(std::basic_istream<char, std::char_traits<char> >&, std::__cxx11::basic_string<char, std::char_traits<char>, std::allocator<char> >&)
calls=807 0 
0 197118

fn=(1830) 0x00000000048ec870
0 1608
cob=(7)
cfi=(185)
cfn=(1834) std::ios_base::_M_dispose_callbacks()
calls=804 0 
0 14472
cob=(1)
cfi=(186)
cfn=(642)
calls=1 71 
0 820
0 5

fn=(1836) 0x000000000010b7a0
0 800
cob=(7)
cfi=(185)
cfn=(1838) std::basic_istream<char, std::char_traits<char> >& std::operator>><char, std::char_traits<char> >(std::basic_istream<char, std::char_traits<char> >&, char&)
calls=400 0 
0 35200

fn=(1918) 0x00000000048edc60
0 1932484
cob=(2)
cfi=(204) ./malloc/./malloc/malloc.c
cfn=(1922) free
calls=966242 3359 
0 86226889
cob=(1)
cfi=(186)
cfn=(642)
calls=1 71 
0 818
0 5

fn=(2214) 0x000000000010b510
0 4
cob=(7)
cfi=(185)
cfn=(2216) std::chrono::_V2::system_clock::now()
calls=2 0 
0 884

fn=(3334) 0x000000000010b540
0 800
cob=(7)
cfi=(185)
cfn=(3336) std::ostream::operator<<(unsigned long)
calls=400 0 
0 147594

fn=(3378) 0x00000000048efe70
0 416
cob=(7)
cfi=(185)
cfn=(3382) std::__basic_file<char>::xsputn_2(char const*, long, char const*, long)
calls=208 0 
0 15911
cob=(1)
cfi=(186)
cfn=(642)
calls=1 71 
0 818
0 5

fn=(3452) 0x000000000010b610
0 2
cob=(7)
cfi=(185)
cfn=(3454) std::__cxx11::basic_string<char, std::char_traits<char>, std::allocator<char> >::basic_string(std::__cxx11::basic_string<char, std::char_traits<char>, std::allocator<char> >&&)
calls=1 0 
0 32

fn=(3468) 0x00000000048efdf0
0 2
cob=(7)
cfi=(185)
cfn=(3472) std::ostream& std::ostream::_M_insert<bool>(bool)
calls=1 0 
0 422
cob=(1)
cfi=(186)
cfn=(642)
calls=1 71 
0 737
0 5

fn=(3476) 0x000000000010b930
0 2
cob=(7)
cfi=(185)
cfn=(3478) std::ostream::operator<<(double)
calls=1 0 
0 6554

fn=(3514) 0x0000000004b1f590
0 4
cob=(2)
cfi=(233) ./string/../sysdeps/x86_64/multiarch/strchr-avx2.S
cfn=(3516) __strchrnul_avx2
calls=2 53 
0 38

fn=(798) 0x00000000048efb80
0 512
cob=(2)
cfi=(194) ./wcsmbs/./wcsmbs/btowc.c
cfn=(802) btowc
calls=256 32 
0 11136
cob=(1)
cfi=(186)
cfn=(642)
calls=1 71 
0 734
0 5

fn=(808) 0x00000000048edf00
0 24
cob=(7)
cfi=(185)
cfn=(812) std::ctype<wchar_t>::_M_convert_to_wmask(unsigned short) const
calls=12 0 
0 4218
cob=(1)
cfi=(186)
cfn=(642)
calls=1 71 
0 814
0 5

fn=(814) 0x00000000048ed580
0 20
cob=(2)
cfi=(197) ./wctype/./wctype/wctype_l.c
cfn=(818) wctype_l
calls=10 26 
0 3300
cob=(1)
cfi=(186)
cfn=(642)
calls=1 71 
0 747
0 5

fn=(890) 0x00000000048eca50
0 2
cob=(7)
cfi=(185)
cfn=(894) std::moneypunct<char, false>::_M_initialize_moneypunct(__locale_struct*, char const*)
calls=1 0 
0 114
cob=(1)
cfi=(186)
cfn=(642)
calls=1 71 
0 1002
0 5

fn=(1018) 0x00000000048ec780
0 2
cob=(7)
cfi=(185)
cfn=(1022) std::locale::locale(std::locale::_Impl*)
calls=1 0 
0 3
cob=(1)
cfi=(186)
cfn=(642)
calls=1 71 
0 734
0 5

fn=(1032) 0x00000000048ef6e0
0 4826
cob=(7)
cfi=(185)
cfn=(1036) std::basic_ios<char, std::char_traits<char> >::init(std::basic_streambuf<char, std::char_traits<char> >*)
calls=2413 0 
0 444706
cob=(1)
cfi=(186)
cfn=(642)
calls=1 71 
0 1025
0 5

fn=(1044) 0x00000000048ee9c0
0 4834
cob=(7)
cfi=(185)
cfn=(1048) std::locale::operator=(std::locale const&)
calls=2417 0 
0 55591
cob=(1)
cfi=(186)
cfn=(642)
calls=1 71 
0 694
0 5

fn=(1068) 0x00000000048f0270
0 8
cob=(7)
cfi=(185)
cfn=(1072) std::basic_ios<wchar_t, std::char_traits<wchar_t> >::_M_cache_locale(std::locale const&)
calls=4 0 
0 224
cob=(1)
cfi=(186)
cfn=(642)
calls=1 71 
0 985
0 5

fn=(1382) 0x000000000010b660
0 56
cob=(7)
cfi=(185)
cfn=(1384) std::__cxx11::basic_string<char, std::char_traits<char>, std::allocator<char> >::size() const
calls=28 0 
0 84

fn=(1482) 0x0000000004b1f3f0
0 8
cob=(2)
cfi=(204)
cfn=(1140) malloc
calls=4 3294 
0 12038

fn=(1524) 0x000000000010b860
0 4
cob=(7)
cfi=(185)
cfn=(1526) std::basic_ifstream<char, std::char_traits<char> >::is_open()
calls=2 0 
0 18

fn=(1568) 0x00000000048ed0d0
0 428
cob=(7)
cfi=(185)
cfn=(1572) std::__basic_file<char>::fd()
calls=214 0 
0 3341
cob=(1)
cfi=(186)
cfn=(642)
calls=1 71 
0 750
0 5

fn=(1574) 0x00000000048ec5c0
0 428
cob=(2)
cfi=(234) ./libio/./libio/fileno.c
cfn=(1578) fileno
calls=214 32 
0 1498
cob=(1)
cfi=(186)
cfn=(642)
calls=1 71 
0 768
0 5

fn=(1908) 0x000000000010b710
0 1931666
cob=(7)
cfi=(185)
cfn=(1910) operator delete(void*, unsigned long)
calls=965833 0 
0 93919885

fn=(3270) 0x000000000010b6f0
0 1059228
cob=(7)
cfi=(185)
cfn=(3272) std::basic_ostream<char, std::char_traits<char> >& std::operator<< <std::char_traits<char> >(std::basic_ostream<char, std::char_traits<char> >&, char const*)
calls=529614 0 
0 118387487

fn=(3394) 0x00000000048f0090
0 2
cob=(7)
cfi=(185)
cfn=(3398) std::basic_filebuf<char, std::char_traits<char> >::_M_convert_to_external(char*, long)
calls=1 0 
0 1688
cob=(1)
cfi=(186)
cfn=(642)
calls=1 71 
0 993
0 5

fn=(3614) 0x000000000483d030
0 2
cob=(2)
cfi=(312)
cfn=(3590)
calls=1 30 
0 132

fn=(3506) 0x00000000048eec90
0 2
cob=(2)
cfi=(287) ./libio/./libio/vsnprintf.c
cfn=(3510) vsnprintf
calls=1 102 
0 2358
cob=(1)
cfi=(186)
cfn=(642)
calls=1 71 
0 750
0 5

fn=(1336) 0x000000000010b6c0
0 28
cob=(7)
cfi=(185)
cfn=(1338) std::__cxx11::basic_string<char, std::char_traits<char>, std::allocator<char> >::_M_local_data()
calls=14 0 
0 42

fn=(756) 0x00000000048eea00
0 2
cob=(7)
cfi=(185)
cfn=(760) std::__timepunct<char>::__timepunct(std::__timepunct_cache<char>*, unsigned long)
calls=1 0 
0 1155
cob=(1)
cfi=(186)
cfn=(642)
calls=1 71 
0 877
0 5

fn=(828) 0x00000000048ed5a0
0 2
cob=(7)
cfi=(185)
cfn=(832) std::codecvt<wchar_t, char, __mbstate_t>::codecvt(unsigned long)
calls=1 0 
0 44
cob=(1)
cfi=(186)
cfn=(642)
calls=1 71 
0 782
0 5

fn=(1056) 0x00000000048ef920
0 4826
cob=(7)
cfi=(185)
cfn=(1060) std::basic_ios<char, std::char_traits<char> >::_M_cache_locale(std::locale const&)
calls=2413 0 
0 135128
cob=(1)
cfi=(186)
cfn=(642)
calls=1 71 
0 985
0 5

fn=(1076) 0x00000000048ed620
0 22
cob=(2)
cfi=(200) ./stdlib/./stdlib/cxa_atexit.c
cfn=(1080) __cxa_atexit
calls=11 67 
0 832
cob=(1)
cfi=(186)
cfn=(642)
calls=1 71 
0 902
0 5

fn=(1398) 0x00000000048edcf0
0 1059238
cob=(2)
cfi=(198) ./string/../sysdeps/x86_64/multiarch/strlen-avx2.S
cfn=(822) __strlen_avx2
calls=529619 52 
0 7414666
cob=(1)
cfi=(186)
cfn=(642)
calls=1 71 
0 802
0 5

fn=(1402) 0x00000000048ec560
0 10
cob=(7)
cfi=(185)
cfn=(1406) std::__cxx11::basic_string<char, std::char_traits<char>, std::allocator<char> >::_M_replace(unsigned long, unsigned long, char const*, unsigned long)
calls=5 0 
0 3875
cob=(1)
cfi=(186)
cfn=(642)
calls=1 71 
0 1001
0 5

fn=(1458) 0x00000000048ef4f0
0 44
cob=(7)
cfi=(185)
cfn=(1462) std::__basic_file<char>::is_open() const
calls=22 0 
0 88
cob=(1)
cfi=(186)
cfn=(642)
calls=1 71 
0 822
0 5

fn=(1536) 0x00000000048edfc0
0 2
cob=(7)
cfi=(185)
cfn=(1540) std::ctype<char>::_M_widen_init() const
calls=1 0 
0 1566
cob=(1)
cfi=(186)
cfn=(642)
calls=1 71 
0 800
0 5

fn=(1562) 0x00000000048ee010
0 10
cob=(7)
cfi=(185)
cfn=(1566) std::__basic_file<char>::xsgetn(char*, long)
calls=5 0 
0 2517
cob=(1)
cfi=(186)
cfn=(642)
calls=1 71 
0 778
0 5

fn=(1586) 0x00000000048ecbd0
0 1614
cob=(2)
cfi=(236) ./string/../sysdeps/x86_64/multiarch/memchr-avx2.S
cfn=(1590) __memchr_avx2
calls=807 61 
0 15391
cob=(1)
cfi=(186)
cfn=(642)
calls=1 71 
0 781
0 5

fn=(1598) 0x000000000010b780
0 1614
cob=(7)
cfi=(185)
cfn=(1600) std::basic_ios<char, std::char_traits<char> >::operator bool() const
calls=807 0 
0 3228

fn=(1608) 0x000000000010b840
0 1602
cob=(7)
cfi=(185)
cfn=(1610) std::__cxx11::basic_stringstream<char, std::char_traits<char>, std::allocator<char> >::basic_stringstream(std::__cxx11::basic_string<char, std::char_traits<char>, std::allocator<char> > const&, std::_Ios_Openmode)
calls=801 0 
0 725126

fn=(1612) 0x00000000048eee40
0 1602
cob=(7)
cfi=(185)
cfn=(1616) std::__cxx11::basic_stringbuf<char, std::char_traits<char>, std::allocator<char> >::_M_sync(char*, unsigned long, unsigned long)
calls=801 0 
0 41457
cob=(1)
cfi=(186)
cfn=(642)
calls=1 71 
0 1053
0 5

fn=(1630) 0x00000000048ee250
0 8806
cob=(7)
cfi=(185)
cfn=(1634) std::istreambuf_iterator<char, std::char_traits<char> > std::num_get<char, std::istreambuf_iterator<char, std::char_traits<char> > >::_M_extract_int<long>(std::istreambuf_iterator<char, std::char_traits<char> >, std::istreambuf_iterator<char, std::char_traits<char> >, std::ios_base&, std::_Ios_Iostate&, long&) const
calls=4403 0 
0 1493152
cob=(1)
cfi=(186)
cfn=(642)
calls=1 71 
0 1301
0 5

fn=(2040) 0x00000000048edc20
0 6
cob=(7)
cfi=(185)
cfn=(2044) std::basic_filebuf<char, std::char_traits<char> >::_M_terminate_output()
calls=3 0 
0 2848
cob=(1)
cfi=(186)
cfn=(642)
calls=1 71 
0 961
0 5

fn=(2088) 0x0000000004b1f3e0
0 6
cob=(2)
cfi=(204)
cfn=(1922)
calls=3 3359 
0 255

fn=(650) 0x00000000048ed8d0
0 8078
cob=(7)
cfi=(185)
cfn=(654) std::locale::locale()
calls=4039 0 
0 194566
cob=(1)
cfi=(186)
cfn=(642)
calls=1 71 
0 674
0 5

fn=(3346) 0x00000000048efe10
0 800
cob=(7)
cfi=(185)
cfn=(3350) std::ostreambuf_iterator<char, std::char_traits<char> > std::num_put<char, std::ostreambuf_iterator<char, std::char_traits<char> > >::_M_insert_int<unsigned long>(std::ostreambuf_iterator<char, std::char_traits<char> >, std::ios_base&, char, unsigned long) const
calls=400 0 
0 109240
cob=(1)
cfi=(186)
cfn=(642)
calls=1 71 
0 1193
0 5

fn=(3362) 0x00000000048ed4c0
0 526814
cob=(7)
cfi=(185)
cfn=(3366) std::ostream& std::ostream::_M_insert<long>(long)
calls=263407 0 
0 92626753
cob=(1)
cfi=(186)
cfn=(642)
calls=1 71 
0 713
0 5

fn=(3370) 0x00000000048eec20
0 526816
cob=(7)
cfi=(185)
cfn=(3374) std::ostreambuf_iterator<char, std::char_traits<char> > std::num_put<char, std::ostreambuf_iterator<char, std::char_traits<char> > >::_M_insert_int<long>(std::ostreambuf_iterator<char, std::char_traits<char> >, std::ios_base&, char, long) const
calls=263408 0 
0 69709436
cob=(1)
cfi=(186)
cfn=(642)
calls=1 71 
0 1185
0 5

fn=(3530) 0x0000000004b1f6b0
0 10
cob=(2)
cfi=(225)
cfn=(1378)
calls=5 255 
0 57

fn=(3756)
0 4

fn=(768) 0x00000000048ec630
0 2
cob=(7)
cfi=(185)
cfn=(772) std::__cxx11::messages<char>::messages(unsigned long)
calls=1 0 
0 51
cob=(1)
cfi=(186)
cfn=(642)
calls=1 71 
0 745
0 5

fn=(786) 0x00000000048ef000
0 8
cob=(2)
cfi=(192) ./locale/./locale/uselocale.c
cfn=(790) uselocale
calls=4 30 
0 88
cob=(1)
cfi=(186)
cfn=(642)
calls=1 71 
0 771
0 5

fn=(792) 0x00000000048ee040
0 256
cob=(2)
cfi=(193) ./wcsmbs/./wcsmbs/wctob.c
cfn=(796) wctob
calls=128 30 
0 3200
cob=(1)
cfi=(186)
cfn=(642)
calls=1 71 
0 859
0 5

fn=(864) 0x00000000048ecca0
0 2
cob=(7)
cfi=(185)
cfn=(868) std::__cxx11::messages<wchar_t>::messages(unsigned long)
calls=1 0 
0 51
cob=(1)
cfi=(186)
cfn=(642)
calls=1 71 
0 745
0 5

fn=(938) 0x00000000048ee0a0
0 2
cob=(7)
cfi=(185)
cfn=(942) std::numpunct<wchar_t>::_M_initialize_numpunct(__locale_struct*)
calls=1 0 
0 353
cob=(1)
cfi=(186)
cfn=(642)
calls=1 71 
0 938
0 5

fn=(1136) 0x00000000048ed210
0 1932486
cob=(2)
cfi=(204)
cfn=(1140)
calls=966243 3294 
0 65878205
cob=(1)
cfi=(186)
cfn=(642)
calls=1 71 
0 858
0 5

fn=(1348) 0x000000000010b5c0
0 68
cob=(2)
cfi=(198)
cfn=(822)
calls=34 52 
0 476

fn=(1668) 0x000000000010b700
0 1757690
cob=(7)
cfi=(185)
cfn=(1424)
calls=878845 0 
0 77761300

fn=(1814) 0x000000000010b690
0 1602
cob=(7)
cfi=(185)
cfn=(1816) std::__cxx11::basic_stringstream<char, std::char_traits<char>, std::allocator<char> >::~basic_stringstream()
calls=801 0 
0 141729

fn=(2030) 0x000000000010b560
0 4
cob=(7)
cfi=(185)
cfn=(2032) std::basic_ifstream<char, std::char_traits<char> >::~basic_ifstream()
calls=2 0 
0 6965

fn=(2046) 0x00000000048ede60
0 6
cob=(7)
cfi=(185)
cfn=(2050) std::basic_filebuf<char, std::char_traits<char> >::_M_destroy_internal_buffer()
calls=3 0 
0 633
cob=(1)
cfi=(186)
cfn=(642)
calls=1 71 
0 1021
0 5

fn=(2052) 0x00000000048ec230
0 6
cob=(7)
cfi=(185)
cfn=(2054) operator delete[](void*)
calls=3 0 
0 555

fn=(2090) 0x00000000048ed810
0 6
cob=(7)
cfi=(185)
cfn=(2094) std::__basic_file<char>::~__basic_file()
calls=3 0 
0 81
cob=(1)
cfi=(186)
cfn=(642)
calls=1 71 
0 726
0 5

fn=(678) 0x00000000048ec7a0
0 2
cob=(7)
cfi=(185)
cfn=(682) std::ctype<char>::ctype(unsigned short const*, bool, unsigned long)
calls=1 0 
0 3867
cob=(1)
cfi=(186)
cfn=(642)
calls=1 71 
0 762
0 5

fn=(3280) 0x00000000048f0360
0 1586858
cob=(7)
cfi=(185)
cfn=(3284) std::ostream::sentry::sentry(std::ostream&)
calls=793429 0 
0 17455585
cob=(1)
cfi=(186)
cfn=(642)
calls=1 71 
0 709
0 5

fn=(3281) 0x00000000048f0360'2
0 2
cob=(7)
cfi=(185)
cfn=(3285) std::ostream::sentry::sentry(std::ostream&)'2
calls=1 0 
0 22

fn=(3314) 0x000000000010b950
0 2
cob=(7)
cfi=(185)
cfn=(3316) std::basic_ofstream<char, std::char_traits<char> >::basic_ofstream(std::__cxx11::basic_string<char, std::char_traits<char>, std::allocator<char> > const&, std::_Ios_Openmode)
calls=1 0 
0 1549

fn=(3320) 0x000000000010b6a0
0 2
cob=(7)
cfi=(185)
cfn=(3322) std::basic_ofstream<char, std::char_traits<char> >::is_open()
calls=1 0 
0 9

fn=(3326) 0x00000000048eea10
0 1586386
cob=(7)
cfi=(185)
cfn=(3330) std::basic_streambuf<char, std::char_traits<char> >::xsputn(char const*, long)
calls=793193 0 
0 48236388
cob=(1)
cfi=(186)
cfn=(642)
calls=1 71 
0 909
0 5

fn=(3338) 0x00000000048efd10
0 800
cob=(7)
cfi=(185)
cfn=(3342) std::ostream& std::ostream::_M_insert<unsigned long>(unsigned long)
calls=400 0 
0 145252
cob=(1)
cfi=(186)
cfn=(642)
calls=1 71 
0 737
0 5

fn=(3604)
0 4

fn=(3632) 0x00000000048ec2b0
0 2
cob=(2)
cfi=(312)
cfn=(3590)
calls=1 30 
0 8291

fn=(3664) 0x00000000048ee8a0
0 6
cob=(7)
cfi=(185)
cfn=(3668) std::ostream::flush()
calls=3 0 
0 3910
cob=(1)
cfi=(186)
cfn=(642)
calls=1 71 
0 681
0 5

fn=(3665) 0x00000000048ee8a0'2
0 2
cob=(7)
cfi=(185)
cfn=(3669) std::ostream::flush()'2
calls=1 0 
0 136

fn=(3692) 0x00000000048eee80
0 4
cob=(7)
cfi=(185)
cfn=(3696) __cxa_get_globals
calls=2 0 
0 960
cob=(1)
cfi=(186)
cfn=(642)
calls=1 71 
0 690
0 5

fn=(3480) 0x00000000048f03a0
0 2
cob=(7)
cfi=(185)
cfn=(3484) std::ostream& std::ostream::_M_insert<double>(double)
calls=1 0 
0 5824
cob=(1)
cfi=(186)
cfn=(642)
calls=1 71 
0 721
0 5

fn=(588)
0 7

fn=(720) 0x00000000048ee0e0
0 64
cob=(7)
cfi=(185)
cfn=(724) std::locale::_Impl::_M_install_facet(std::locale::id const*, std::locale::facet const*)
calls=32 0 
0 13455
cob=(1)
cfi=(186)
cfn=(642)
calls=1 71 
0 942
0 5

fn=(732) 0x00000000048ed9e0
0 2
cob=(7)
cfi=(185)
cfn=(736) std::codecvt<char, char, __mbstate_t>::codecvt(unsigned long)
calls=1 0 
0 44
cob=(1)
cfi=(186)
cfn=(642)
calls=1 71 
0 782
0 5

fn=(738) 0x00000000048ef700
0 2
cob=(7)
cfi=(185)
cfn=(742) std::__cxx11::numpunct<char>::_M_initialize_numpunct(__locale_struct*)
calls=1 0 
0 417
cob=(1)
cfi=(186)
cfn=(642)
calls=1 71 
0 1002
0 5

fn=(820) 0x0000000004b1f500
0 140
cob=(2)
cfi=(198)
cfn=(822)
calls=70 52 
0 980

fn=(872) 0x00000000048ed750
0 2
cob=(7)
cfi=(185)
cfn=(876) std::numpunct<char>::_M_initialize_numpunct(__locale_struct*)
calls=1 0 
0 417
cob=(1)
cfi=(186)
cfn=(642)
calls=1 71 
0 930
0 5

fn=(926) 0x00000000048f0510
0 2
cob=(7)
cfi=(185)
cfn=(930) std::messages<char>::messages(unsigned long)
calls=1 0 
0 51
cob=(1)
cfi=(186)
cfn=(642)
calls=1 71 
0 713
0 5

fn=(956) 0x00000000048ee6f0
0 2
cob=(7)
cfi=(185)
cfn=(960) std::moneypunct<wchar_t, false>::_M_initialize_moneypunct(__locale_struct*, char const*)
calls=1 0 
0 109
cob=(1)
cfi=(186)
cfn=(642)
calls=1 71 
0 1034
0 5

fn=(1108) 0x00000000048ed560
0 2
cob=(7)
cfi=(185)
cfn=(1112) std::future_category()
calls=1 0 
0 3
cob=(1)
cfi=(186)
cfn=(642)
calls=1 71 
0 740
0 5

fn=(1408) 0x00000000048f0150
0 10
cob=(7)
cfi=(185)
cfn=(1412) std::__cxx11::basic_string<char, std::char_traits<char>, std::allocator<char> >::_M_mutate(unsigned long, unsigned long, char const*, unsigned long)
calls=5 0 
0 3342
cob=(1)
cfi=(186)
cfn=(642)
calls=1 71 
0 1013
0 5

fn=(1504) 0x0000000004b1f680
0 6
cob=(2)
cfi=(233)
cfn=(1506) __strchr_avx2
calls=3 53 
0 63

fn=(1912) 0x00000000048ed430
0 1932484
cob=(7)
cfi=(185)
cfn=(1916) operator delete(void*)
calls=966242 0 
0 90092680
cob=(1)
cfi=(186)
cfn=(642)
calls=1 71 
0 606
0 5

fn=(2056) 0x00000000048efa20
0 12
cob=(7)
cfi=(185)
cfn=(2060) std::__basic_file<char>::close()
calls=6 0 
0 2151
cob=(1)
cfi=(186)
cfn=(642)
calls=1 71 
0 766
0 5

fn=(2062) 0x00000000048ef7b0
0 6
cob=(2)
cfi=(252) ./libio/./libio/iofclose.c
cfn=(2066) fclose@@GLIBC_2.2.5
calls=3 34 
0 1233
cob=(1)
cfi=(186)
cfn=(642)
calls=1 71 
0 772
0 5

fn=(2710) 0x000000000010b990
0 173976
cob=(7)
cfi=(185)
cfn=(2712) operator new(unsigned long, std::nothrow_t const&)
calls=86988 0 
0 6176148

fn=(3072) 0x000000000010b7b0
0 348752
cob=(7)
cfi=(185)
cfn=(3074) std::__detail::_Prime_rehash_policy::_M_need_rehash(unsigned long, unsigned long, unsigned long) const
calls=174376 0 
0 3387579

fn=(3258) 0x000000000010b920
0 2
cob=(7)
cfi=(185)
cfn=(1418)
calls=1 0 
0 77

fn=(3260) 0x000000000010b6d0
0 2
cob=(7)
cfi=(185)
cfn=(3262) std::__cxx11::basic_string<char, std::char_traits<char>, std::allocator<char> >::_M_data(char*)
calls=1 0 
0 3

fn=(3264) 0x000000000010b970
0 2
cob=(7)
cfi=(185)
cfn=(3266) std::__cxx11::basic_string<char, std::char_traits<char>, std::allocator<char> >::_M_capacity(unsigned long)
calls=1 0 
0 3

fn=(3390) 0x000000000010b7f0
0 2
cob=(7)
cfi=(185)
cfn=(3392) std::basic_ofstream<char, std::char_traits<char> >::close()
calls=1 0 
0 3535

fn=(3428) 0x000000000010b8d0
0 2
cob=(7)
cfi=(185)
cfn=(3430) std::__cxx11::basic_string<char, std::char_traits<char>, std::allocator<char> >::basic_string(std::allocator<char> const&)
calls=1 0 
0 6

fn=(3434) 0x000000000010b830
0 2
cob=(7)
cfi=(185)
cfn=(3436) std::__cxx11::basic_string<char, std::char_traits<char>, std::allocator<char> >::reserve(unsigned long)
calls=1 0 
0 22

fn=(3686) 0x00000000048ed970
0 4
cob=(7)
cfi=(185)
cfn=(3690) std::uncaught_exception()
calls=2 0 
0 1677
cob=(1)
cfi=(186)
cfn=(642)
calls=1 71 
0 722
0 5

fn=(3726)
0 4

fn=(3774)
0 4

fn=(3494) 0x00000000048ee1d0
0 2
cob=(7)
cfi=(185)
cfn=(3498) std::__num_base::_S_format_float(std::ios_base const&, char*, char)
calls=1 0 
0 30
cob=(1)
cfi=(186)
cfn=(642)
calls=1 71 
0 886
0 5

fn=(1340) 0x000000000010b720
0 28
cob=(7)
cfi=(185)
cfn=(1342) std::__cxx11::basic_string<char, std::char_traits<char>, std::allocator<char> >::_Alloc_hider::_Alloc_hider(char*, std::allocator<char> const&)
calls=14 0 
0 42

fn=(744) 0x00000000048ede30
0 2
cob=(7)
cfi=(185)
cfn=(748) std::__cxx11::moneypunct<char, false>::_M_initialize_moneypunct(__locale_struct*, char const*)
calls=1 0 
0 114
cob=(1)
cfi=(186)
cfn=(642)
calls=1 71 
0 1066
0 5

fn=(780) 0x00000000048eda90
0 2
cob=(7)
cfi=(185)
cfn=(784) std::ctype<wchar_t>::_M_initialize_ctype()
calls=1 0 
0 25328
cob=(1)
cfi=(186)
cfn=(642)
calls=1 71 
0 794
0 5

fn=(1026) 0x00000000048ed300
0 1624
cob=(7)
cfi=(185)
cfn=(1030) std::ios_base::ios_base()
calls=812 0 
0 74704
cob=(1)
cfi=(186)
cfn=(642)
calls=1 71 
0 678
0 5

fn=(1092) 0x00000000048ee0c0
0 4
cob=(7)
cfi=(185)
cfn=(1096) std::error_category::error_category()
calls=2 0 
0 10
cob=(1)
cfi=(186)
cfn=(642)
calls=1 71 
0 744
0 5

fn=(1354) 0x000000000010b730
0 28
cob=(7)
cfi=(185)
cfn=(1356) std::__cxx11::basic_string<char, std::char_traits<char>, std::allocator<char> >::_M_data() const
calls=14 0 
0 42

fn=(1372) 0x00000000048f0260
0 1589632
cob=(2)
cfi=(225)
cfn=(1378)
calls=794816 255 
0 13355742
cob=(1)
cfi=(186)
cfn=(642)
calls=1 71 
0 1008
0 5

fn=(1386) 0x000000000010b790
0 16
cob=(7)
cfi=(185)
cfn=(1388) std::__cxx11::basic_string<char, std::char_traits<char>, std::allocator<char> >::data() const
calls=8 0 
0 24

fn=(1446) 0x00000000048eff80
0 6
cob=(7)
cfi=(185)
cfn=(1450) std::__basic_file<char>::__basic_file(pthread_mutex_t*)
calls=3 0 
0 12
cob=(1)
cfi=(186)
cfn=(642)
calls=1 71 
0 854
0 5

fn=(1518) 0x00000000048efe20
0 812
cob=(7)
cfi=(185)
cfn=(1522) std::basic_ios<char, std::char_traits<char> >::clear(std::_Ios_Iostate)
calls=406 0 
0 2842
cob=(1)
cfi=(186)
cfn=(642)
calls=1 71 
0 933
0 5

fn=(1542) 0x00000000048ef620
0 2
cob=(2)
cfi=(199)
cfn=(826)
calls=1 73 
0 47
cob=(1)
cfi=(186)
cfn=(642)
calls=1 71 
0 758
0 5

fn=(1546) 0x00000000048ec970
0 1614
cob=(7)
cfi=(185)
cfn=(1550) std::basic_istream<char, std::char_traits<char> >& std::getline<char, std::char_traits<char>, std::allocator<char> >(std::basic_istream<char, std::char_traits<char> >&, std::__cxx11::basic_string<char, std::char_traits<char>, std::allocator<char> >&, char)
calls=807 0 
0 171723
cob=(1)
cfi=(186)
cfn=(642)
calls=1 71 
0 1222
0 5

fn=(1602) 0x000000000010b980
0 1610
cob=(7)
cfi=(185)
cfn=(1604) std::__cxx11::basic_string<char, std::char_traits<char>, std::allocator<char> >::operator[](unsigned long)
calls=805 0 
0 3220

fn=(1796) 0x000000000010b600
0 9774
cob=(2)
cfi=(246) ./string/../sysdeps/x86_64/multiarch/memset-vec-unaligned-erms.S
cfn=(1798) __memset_avx2_unaligned_erms
calls=4887 158 
0 4669106

fn=(1818) 0x00000000048ef140
0 1608
cob=(7)
cfi=(185)
cfn=(1822) std::ios_base::~ios_base()
calls=804 0 
0 60402
cob=(1)
cfi=(186)
cfn=(642)
calls=1 71 
0 686
0 5

fn=(630)
0 7

fn=(704) 0x00000000048ed500
0 2
cob=(7)
cfi=(185)
cfn=(708) std::locale::facet::_S_create_c_locale(__locale_struct*&, char const*, __locale_struct*)
calls=1 0 
0 832
cob=(1)
cfi=(186)
cfn=(642)
calls=1 71 
0 970
0 5

fn=(3288) 0x00000000048efd00
0 50
cob=(2)
cfi=(281) ./libio/./libio/iofwrite.c
cfn=(3292) fwrite
calls=25 31 
0 15479
cob=(1)
cfi=(186)
cfn=(642)
calls=1 71 
0 750
0 5

fn=(3418) 0x000000000010b580
0 2
cob=(7)
cfi=(185)
cfn=(3420) std::__cxx11::basic_string<char, std::char_traits<char>, std::allocator<char> >::get_allocator() const
calls=1 0 
0 3

fn=(3446) 0x000000000010b960
0 2
cob=(7)
cfi=(185)
cfn=(3448) std::__cxx11::basic_string<char, std::char_traits<char>, std::allocator<char> >::append(std::__cxx11::basic_string<char, std::char_traits<char>, std::allocator<char> > const&)
calls=1 0 
0 59

fn=(3654) 0x00000000048ee320
0 4
cob=(7)
cfi=(185)
cfn=(3658) std::error_category::~error_category()
calls=2 0 
0 4
cob=(1)
cfi=(186)
cfn=(642)
calls=1 71 
0 760
0 5

fn=(3704) 0x00000000048ef980
0 6
cob=(7)
cfi=(185)
cfn=(3708) std::basic_ostream<wchar_t, std::char_traits<wchar_t> >::flush()
calls=3 0 
0 1593
cob=(1)
cfi=(186)
cfn=(642)
calls=1 71 
0 873
0 5

fn=(3705) 0x00000000048ef980'2
0 2
cob=(7)
cfi=(185)
cfn=(3709) std::basic_ostream<wchar_t, std::char_traits<wchar_t> >::flush()'2
calls=1 0 
0 136

fn=(3746)
0 2
cob=(2)
cfi=(312)
cfn=(3590)
calls=1 30 
0 132

ob=(5)
fl=(178)
fn=(3618) 0x0000000000001060
0 5

fn=(592)
0 12

fn=(3608)
0 9
cob=(4)
cfi=(175)
cfn=(3614)
calls=1 0 
0 134
0 1
cfn=(3618)
calls=1 0 
0 5
0 3

ob=(2)
fl=(252)
fn=(2066)
34 24
+14 9
+9 3
fi=(254) ./libio/./libio/libioP.h
1025 9
+1 6
fe=(252)
57 9
cfi=(229) ./libio/./libio/fileops.c
cfn=(2084) _IO_file_finish@@GLIBC_2.2.5
calls=3 168 
* 102
+1 9
+13 6
fi=(254)
951 12
+1 12
+6 6
cob=(4)
cfi=(175)
cfn=(2088)
calls=3 0 
* 261
fe=(252)
76 21
-27 3
cfi=(228) ./libio/./libio/genops.c
cfn=(2068) _IO_un_link
calls=3 +4 
* 312
+2 24
+1 6
+1 6
cfi=(229)
cfn=(2072) _IO_file_close_it@@GLIBC_2.2.5
calls=3 +75 
* 336
fi=(254)
979 3
fe=(252)
53 3
fi=(254)
979 9
+1 27
fe=(252)
51 15

fl=(285)
fn=(3388)
25 208
+1 1248
+1 208

fl=(202) ./stdlib/./stdlib/getenv.c
fn=(1124) getenv
24 9
+1 8
+3 1
cob=(4)
cfi=(175)
cfn=(820)
calls=1 -28 
* 16
+1 1
-1 1
+1 194
+2 96
+1 12
cob=(4)
cfi=(175)
cfn=(1126)
calls=3 -32 
* 100
* 6
+5 9

fl=(253) ./io/../sysdeps/unix/sysv/linux/close_nocancel.c
fn=(2078) __close_nocancel
25 3
+1 12
+1 3

fl=(315)
fn=(3676)
32 10
+1 20
-1 50
+7 20
+1 10
fi=(254)
1025 30
+1 20
fe=(315)
40 20
cfi=(229)
cfn=(3678) _IO_file_sync@@GLIBC_2.2.5
calls=10 793 
* 324
* 20
fi=(254)
979 20
+1 80
fe=(315)
44 50
-5 100

fl=(198)
fn=(822)
52 529723
+13 529723
+1 529723
+1 529723
+3 529723
+2 529723
+1 529723
+3 529723
+1 529723
+8 529723
+1 529723
+1 529723
+5 1059446

fl=(212) ./csu/../csu/libc-start.c
fn=(1308) __libc_start_main@@GLIBC_2.34
242 13
+69 3
+1 3
cfi=(200)
cfn=(1080)
calls=1 67 
* 76
+25 6
+6 2
-3 2
+10 2
cob=(4)
cfi=(175)
cfn=(1320)
calls=1 0 
* 7
+2 2
+8 4
cfi=(213) ./csu/../sysdeps/nptl/libc_start_call_main.h
cfn=(1324) (below main)
calls=1 29 
* 3593590972
128 2
+6 3
+1 6
cob=(4)
cfi=(175)
cfn=(1310)
calls=1 0 
* 7
* 1
+3 1
+1 2
+3 2
+1 2
-1 1
+2 7
+1 4
cob=(8)
cfi=(211)
cfn=(1314) 0x0000000000003a80
calls=1 0 
* 12
-1 4

fl=(91)
fn=(300)
29 1
fi=(88) ./wcsmbs/../sysdeps/x86_64/multiarch/ifunc-wcslen.h
+12 2
-1 4
+2 3
+3 2
+4 3
+3 3
fe=(91)
-23 1

fl=(207) ./malloc/./malloc/morecore.c
fn=(1154) __glibc_morecore
25 25
+1 50
-1 50
+4 25
cfi=(208) ./misc/./misc/sbrk.c
cfn=(1156) sbrk
calls=25 +8 
* 944
+1 50
+4 50

fl=(131)
fn=(406)
29 1
fi=(93) ./debug/../sysdeps/x86_64/multiarch/ifunc-memmove.h
+28 3
-1 2
+4 3
+14 2
+3 2
+8 2
+8 2
+3 5
fe=(131)

fl=(193)
fn=(796)
30 1280
+9 384
+6 128
-1 256
+35 1152

fl=(209) ./misc/../sysdeps/unix/sysv/linux/brk.c
fn=(1158) brk
36 23
fi=(326) ./misc/../sysdeps/unix/sysv/linux/brk_call.h
-12 46
fe=(209)
+13 46
+1 46
+6 23
+1 23

fl=(229)
fn=(3678)
793 77
+5 44
+1 3
+1 11
+1 22
+11 22
+4 55
-17 2
cfn=(3306) _IO_do_write@@GLIBC_2.2.5
calls=1 424 
* 107
* 2

fn=(2084)
168 15
+1 3
-1 3
+1 3
+6 6
+1 9
-1 3
cfi=(228)
cfn=(2086) _IO_default_finish
calls=3 601 
* 60

fn=(3296) _IO_file_overflow@@GLIBC_2.2.5
732 8
+1 4
+7 3
+3 2
+12 2
+9 3
+5 3
+2 2
-5 1
+5 1
+1 1
-5 1
+1 1
+4 2
-7 1
+10 2
+13 1
-12 1
+1 1
+11 4
-12 1
cfn=(3306)
calls=1 424 
* 5
-4 2
-27 2
cfi=(228)
cfn=(3298) _IO_doallocbuf
calls=1 343 
* 11882
+1 1
+9 1
-9 5

fn=(1488) _IO_new_file_init_internal
106 18
+5 3
-1 3
+3 3
cfi=(228)
cfn=(1490) _IO_link_in
calls=3 -26 
* 267
+1 3
+1 9

fn=(2076) _IO_file_close
1165 3
+3 6
cfi=(253)
cfn=(2078)
calls=3 25 
* 18

fn=(2072)
128 21
+2 9
+4 6
+3 3
-3 3
-1 6
+6 3
+3 3
-3 3
cfi=(228)
cfn=(2074) _IO_unsave_markers
calls=3 937 
* 42
+3 9
fi=(254)
1025 9
+1 6
fe=(229)
142 6
cfn=(2076)
calls=3 1165 
* 27
* 3
+3 9
+8 15
cfi=(228)
cfn=(2080) _IO_setb
calls=3 329 
* 87
+1 3
+3 3
-3 9
+3 3
cfi=(228)
cfn=(2068)
calls=3 53 
* 12
+5 3
-4 3
+1 3
+3 3
-2 3
+3 21

fn=(3294) _IO_file_xsputn@@GLIBC_2.2.5
1198 175
+7 25
-7 50
+6 100
+9 50
-2 100
+17 75
+1 48
+5 24
+2 48
+2 24
-4 24
+2 24
+2 24
-1 24
-1 24
cob=(4)
cfi=(175)
cfn=(3460)
calls=24 0 
* 467
+2 24
-2 24
+4 48
+28 225
-68 1
+44 1
fi=(254)
1025 3
+1 2
fe=(229)
1244 3
cfn=(3296)
calls=1 732 
* 11943
* 2
+6 2
+1 5
+2 3
+11 2
+1 4
cfi=(228)
cfn=(3308) _IO_default_xsputn
calls=1 371 
* 79
+2 3

fn=(3302) _IO_file_stat
1147 1
+1 2
cfi=(283) ./io/../sysdeps/unix/sysv/linux/fstat64.c
cfn=(3304) fstat
calls=1 30 
* 6

fn=(1496) _IO_file_fopen@@GLIBC_2.2.5
213 36
+9 6
+2 20
+23 18
357 36
224 4
+57 12
cfn=(1498) _IO_file_open
calls=3 -99 
* 287
* 3
+3 6
+3 9
cfi=(232) ./string/../string/strstr.c
cfn=(1502) __GI_strstr
calls=3 77 
* 177
* 3
+1 6
-74 2
+13 2
+1 4
+19 18

fn=(1498)
182 6
+3 3
-3 30
+2 6
+4 3
cfi=(231) ./io/../sysdeps/unix/sysv/linux/open64.c
cfn=(1500) open
calls=3 30 
* 110
* 3
+1 6
+3 6
+3 3
-4 3
+1 9
+3 3
-3 3
+3 3
+10 6
cfi=(228)
cfn=(1490)
calls=3 87 
* 63
+1 3
+1 18

fn=(3782) _IO_file_setbuf@@GLIBC_2.2.5
382 6
+1 1
cfi=(228)
cfn=(3784) _IO_default_setbuf
calls=1 +69 
* 69
* 2
+3 1
+4 2
-2 3
+3 3

fn=(3682) _IO_file_write@@GLIBC_2.2.5
1174 8
+2 4
-1 2
+6 1
cfi=(286)
cfn=(3410)
calls=1 25 
* 8
+1 2
+5 1
+1 1
-12 2
+4 3
+1 2
+10 3
+3 6
-4 3

fn=(3306)
424 2
+2 6
+1 1
-3 3
fi=(254)
1025 1
fe=(229)
424 8
+20 1
-10 2
+7 4
fi=(254)
1025 2
+1 2
fe=(229)
449 4
cfn=(3682)
calls=1 1174 
* 46
* 1
+1 3
+2 1
+4 2
-3 2
-1 2
+4 3
-30 2
+28 1
-28 2
+1 8
+28 3

fl=(195) ./elf/./elf/libc-dl-profstub.c
fn=(804) _dl_mcount_wrapper_check
36 128
+1 384
+1 128

fl=(119)
fn=(366)
31 1
fi=(114) ./string/../sysdeps/x86_64/multiarch/ifunc-strcasecmp.h
+6 2
-1 4
fe=(119)
-5 2
fi=(114)
+7 3
+3 2
+4 3
+3 4
fe=(119)

fl=(112)
fn=(352)
67 1
-23 2
-1 4
+24 2
-22 3
+3 2
+4 3
+3 4

fl=(121)
fn=(374)
29 3
fi=(122) ./string/../sysdeps/x86_64/multiarch/ifunc-memcmp.h
+5 15
+1 6
+1 6
+1 9
+3 6
+4 9
+3 12
fe=(121)
-18 6

fl=(197)
fn=(818)
26 80
+7 10
-7 30
+3 10
cob=(4)
cfi=(175)
cfn=(820)
calls=10 -29 
* 160
* 10
+3 30
+1 10
+7 48
+1 96
-8 48
+2 96
cob=(4)
cfi=(175)
cfn=(820)
calls=48 -35 
* 768
* 20
cob=(4)
cfi=(175)
cfn=(820)
calls=10 -35 
* 160
* 58
+2 312
cob=(4)
cfi=(175)
cfn=(824)
calls=49 -37 
* 1146
* 98
+8 20
+1 10
+1 80

fl=(305) ./stdio-common/./stdio-common/Xprintf_buffer_done.c
fn=(3556) __printf_buffer_done
25 1
+1 3
+5 2
+2 12
+7 1

fl=(81)
fn=(280)
86 1
fi=(82) ./string/../sysdeps/x86/cacheinfo.h
-27 1
+3 3
+2 1
+1 1
-1 2
+7 3
+2 1
+1 1
-1 2
+5 2
+2 2
+1 2
+1 2
+2 2
+2 2
fe=(81)

fl=(234)
fn=(1578)
32 214
+3 1070
+7 214

fl=(225)
fn=(1378)
255 1487019
+1 1487019
+6 1487019
+1 1487019
+2 255577
+1 255577
+1 255577
+3 253110
+1 253110
+1 253110
+3 506220
+30 1231442
+1 1231442
+2 967847
+1 967847
+2 792610
+4 792610
+1 703875
+1 703875
+1 703875
+1 703875
+1 368230
+1 368230
+2 368230
+2 368230
-2 335645
+2 335645
+6 88735
+1 88735
+1 88735
+1 88735
+1 88735
+7 263595
+1 263595
+1 263595
+1 263595
+2 263595
+17 175237
+1 175237
+1 175237
+1 175237
+1 175237
+7 438
+1 438
+1 438
+1 438
+1 438
+1 438
+1 876
+5 2467
+1 2467
+5 2467
+1 2467
+2 847
+1 847
+1 847
+2 409
+1 409
+1 409
+1 409
+1 409
+1 409
+1 409
+1 409
+1 409
+1 409
+1 409
+1 409
+1 409
+1 409
+1 818
+4 1620
+1 1620
+4 1620
+2 1620
+4 1620
+1 1620
+11 1620
+3 1620
+2 1620
+2 1620
+4 1620
+1 1620
+9 1533
+1 1533
+2 1533
+2 1533
+1 1533
+1 1533
+3 1533
+2 1533
+2 1533
+2 3066
+6 1533
+1 1533
+1 1533
+1 1533
+1 1533
+1 1533
+1 1533
+1 1533
+1 1533
+1 1533
+1 1533
+1 1533
-11 15098
+1 15098
+1 15098
+1 15098
+1 15098
+1 15098
+1 15098
+1 15098
+1 15098
+1 15098
+1 15098
+1 15098
+2 1533
+1 1533
+1 1533
+1 1533
+2 1533
+4 3066
+13 87
+1 87
+2 87
+1 87
+1 87
+2 87
+2 87
+2 174
+6 87
+1 87
+1 87
+1 87
+1 87
+1 87
+1 87
+1 87
+1 87
+1 87
+1 87
+1 87
-11 944
+1 944
+1 944
+1 944
+1 944
+1 944
+1 944
+1 944
+1 944
+1 944
+1 944
+1 944
+2 87
+1 87
+1 87
+1 87
+2 87
+1 174

fn=(3462)
242 24
+1 24
+1 24
+1 24
+17 24
+1 24
+42 24
+1 24
+2 22
+1 22
+2 20
+4 20
+1 19
+1 19
+1 19
+1 19
+1 2
+1 2
+2 2
+2 2
-2 17
+2 17
+6 1
+1 1
+1 1
+1 1
+1 1
+7 2
+1 2
+1 2
+1 2
+2 2
+17 2
+1 2
+1 2
+1 2
+1 2

fl=(204)
fn=(1934) _int_free_merge_chunk
4665 22230
+1 4446
-1 13338
+5 26676
+3 8892
+5 13338
+3 8892
+1 8892
+1 8892
1992 13338
4689 8892
+2 1365
+2 1365
-1 1365
+2 5460
+2 2730
cfn=(1938) unlink_chunk.isra.0
calls=1365 1608 
* 31463
+18 8892
+6 8890
+4 3012
+9 3012
-1 3012
+1 9036
+1 6024
-1 1433
-1 1433
+1 4299
+1 2866
+2 4445
+2 8890
+5 4445
+1 4445
+2 13335
+1 4445
-45 4445
-1 8890
+1 26670
-1 4445
cfn=(1936) _int_free_maybe_consolidate
calls=4445 +69 
* 164789
+1 1
-1 2
+1 6
-1 1
cfn=(1936)
calls=1 +69 
* 207
+39 10653
+16 1
+1 3
+1 2
-37 1433
+1 1433
-1 1433
cfn=(1938)
calls=1433 1608 
* 36524
+1 1433
-47 13338
-2 8892

fn=(1936)
4770 48906
+6 8892
+22 48708
-20 2672
+3 2004
-2 5
cfn=(2808) malloc_consolidate
calls=5 +32 
* 49568
* 5
+5 3340
+1 72
+13 126
-13 18
cfn=(2818) systrim.constprop.0
calls=18 2957 
* 680

fn=(1160) alloc_perturb
1985 63030
+2 21010

fn=(1140)
3294 7729976
+7 1932494
1326 1932492
+19 4831227
3311 1932478
+2 3864988
+3 1932492
+10 163432
+28 490296
3248 4
cfn=(1150) tcache_init.part.0
calls=1 -6 
* 473
+68 2
+2 2888772
3178 1769062
+4 1769062
+4 884531
+4 884531
-4 2653593
+4 884531
+1 884531
3354 5307186
-26 326864
cfn=(1152) _int_malloc
calls=81716 3846 
* 22254060
+1 408580
fi=(205) ./malloc/./malloc/arena.c
153 163432
264 1
cfn=(1144) ptmalloc_init.part.0
calls=1 -2 
* 1151
fe=(204)
1326 2

fn=(1152)
3846 898887
1326 163434
+19 490300
3887 163430
1794 81715
3914 163430
+65 154286
-63 308572
+3 77143
+2 154286
+2 22446
-6 11223
+9 22446
+1 56115
+5 22446
+1 22446
+7 11223
-1 22446
+1 56115
+5 22446
3165 11223
3945 11223
+1 22446
+5 471366
3165 78561
-2 78561
+4 78561
-2 78561
3945 78561
3163 78561
+3 78561
+1 78561
3946 392805
+2 157122
+2 157122
+27 9144
+62 30380
+1 9984
+20 68522
-1 68522
-1 68522
+1 137044
+1 137044
-2 137042
+12 342610
-1 86216
+4 86216
+1 43108
+2 86216
-3 87992
+1 43996
+2 87992
+1 261312
+2 87104
+1 348416
+2 348416
-10 87104
+12 174208
+1 174208
+2 174208
+11 259280
+29 48828
+1 48828
+4 97656
+29 89378
+8 27963
+1 1231
+1 1231
-1 1231
+4 2462
-4 2110
+1 2110
-1 2110
+4 4220
+5 1085
-2 1085
+2 3255
+1 2170
+7 148
-1 592
+2 444
3887 4
+27 4
+66 67166
+2 67166
-2 67166
+2 134332
+2 1972
+1 3944
+6 1972
-4 1972
+1 1972
+1 1972
+2 3944
+7 7888
-1 3944
+1 3944
+5 44669
+1 24096
+2 23206
-92 6
1345 2
3919 4
+2 4
+9 197766
4041 1166
cfn=(2808)
calls=583 4811 
* 4855253
* 583
+93 17694
+1 17694
-1 17694
+1 35388
-14 17694
+19 35388
+1 105306
1985 35442
4487 980604
1985 1972
4020 1972
1985 3944
4163 96158
+1 144237
+1 48079
-1 48079
+57 96158
+9 48079
-9 96158
+9 48079
-9 144237
+1 48079
+1 48079
+1 48079
+1 48079
+6 96158
-10 6682
+9 3341
-9 6682
+9 3341
-9 10023
+1 3341
+1 3341
+1 3341
+1 3341
+6 6682
+1 3877
+1 7754
+7 15508
4070 154260
4246 21710
+11 108117
+2 9363
+3 3121
-3 3121
+3 6242
+1 37130
+71 104922
-4 34974
+1 34974
+1 34974
-1 34974
+1 34974
+1 69948
+1 104922
+5 141352
+16 94785
+2 189570
-4 278356
+8 44393
+3 88786
+2 11385
+1 11385
+1 11385
-2 45540
-27 11385
-99 190172
3163 17103
+4 17103
-4 17103
+2 136824
+1 34206
+1 17103
4070 37637
+74 6862
-45 79498
+2 38276
-1 76552
+27 20286
+1 20286
+4 40572
+29 14692
+8 6150
4008 11603
+1 11603
+1 23206
3159 11603
4012 11603
3167 11603
-8 11603
+4 11603
4013 11603
3163 11603
+2 46412
+1 11603
+2 11603
-2 11603
+1 11603
+1 11603
4218 2256
-48 2256
+48 6768
4343 6825
+3 7368
-3 4734
+3 5092
-3 3717
+3 4116
-3 2036
4443 1966
+1 3932
+2 3932
+3 5898
+17 128
+2 22
cfn=(2808)
calls=11 4811 
* 26051
+2 33
4070 11
4471 11
4070 11
4471 11
4070 1310
-91 7464
4169 6250
+23 2811
+3 419
+1 1257
-3 2712
+6 937
+7 507
-1 2028
+2 1014
+2 507
+1 1521
+2 507
+1 1014
-1 430
+1 860
-44 4244
+33 860
-33 11
4343 309
+5 1236
+1 618
+24 132032
+3 66016
+2 33008
+3 66016
-3 66016
+3 33008
cfn=(1938)
calls=33008 1608 
* 708633
+3 132032
+15 44726
-5 22363
+5 44726
+1 44726
+3 22363
+1 22363
+1 22363
+3 44726
+1 21016
+1 44726
+2 1914
+3 7656
+2 2871
+1 957
1985 957
4421 957
1985 1914
4415 171248
+2 64218
+1 21406
1985 21406
4421 21406
1985 53457
4421 10645
1985 21290
4387 10645
-1 10645
+1 21290
4070 13672
3199 13672
-21 13672
+4 27344
+17 241
-21 241
+4 482
+8 13913
-4 55652
+4 13913
+1 27826
4248 13913
4105 17990
-1 17990
+3 17990
-1 17990
+1 35980
+1 53970
+1 35980
+2 900
+4 450
+6 450
-6 450
+7 450
-7 2700
+2 1350
+5 450
-4 450
+4 450
cfn=(1160)
calls=450 1985 
* 1800
-7 17540
+6 17540
-6 17540
+7 17540
-7 105240
+2 52620
+5 17540
-4 17540
+4 17540
cfn=(1160)
calls=17540 1985 
* 70160
+1 17990
2552 21
+12 21
-12 105
+12 21
4460 9060
cfn=(1160)
calls=3020 1985 
* 12080
+1 3020
-9 3868
+2 3868
-1 1934
+1 1934
-3 1934
+3 1934
+2 1934
-2 7736
+2 1934
+3 5998
4266 1065
+1 1065
+2 338
-2 7015
+6 2130
+2 180
+1 360
+2 180
+1 360
-1 360
+1 180
cfn=(1938)
calls=180 1608 
* 5823
-1 885
+1 1770
-1 1770
+1 885
cfn=(1938)
calls=885 1608 
* 29205
+3 4260
+13 766
-4 383
+4 766
+1 766
+3 383
+1 383
+1 383
+1 766
+5 3064
+2 1149
+1 383
+3 383
2553 21
+36 63
+1 21
-1 21
+1 21
+9 204
+6 60
+3 63
2921 63
+1 21
+4 21
+4 105
+5 21
-2 21
+5 21
-3 42
-3 21
+2 21
+1 21
+1 21
-1 63
+1 21
4482 21
2669 63
+8 42
+1 63
+13 21
+2 21
-2 42
+8 105
+8 42
+48 4
+40 3
+19 2
+3 2
+1 6
+2 1
+1 5
cfi=(207)
cfn=(1154)
calls=1 25 
* 33
+12 4
-12 1
+12 1
2008 4
3882 1
2873 1
+3 1
-1 1
+1 4
+12 1
-11 1
+11 2
2783 1
-1 2
2017 2
2745 1
+1 1
+6 3
-6 1
+6 3
-6 20
+6 60
-6 20
+6 100
+1 120
-44 63
cfi=(207)
cfn=(1154)
calls=21 25 
* 1044
+1 42
-1 21
+1 21
2008 21
2711 21
2008 63
2712 21
+3 42
+29 143
4285 682
-1 682
+1 1364
+91 723

fn=(1922)
3359 966245
+4 1932490
-4 2898735
+14 966245
-14 2898735
+12 966245
+4 966245
-4 966245
+4 1932490
+17 2898735
fi=(205)
153 2898735
fe=(204)
3398 2898735
cfn=(1926) _int_free
calls=966245 4495 
* 56273549
+3 966245
+1 5797470

fn=(1938)
1608 76485
+2 229455
-2 76485
+2 152970
+3 76485
+1 152970
+2 305940
-3 76485
+6 76485
+1 76485
+1 169125
+2 5852
+1 8778
+3 5852
+14 2905
+1 2905
+3 152928
-16 42
+4 56
+2 14
+1 28
+9 28
-32 7
+17 7
+15 14

fn=(2808)
4811 599
+17 599
-17 2995
+28 599
-28 1797
+15 599
+2 599
+13 1198
+1 1198
-1 10782
+1 10782
+62 17970
+1 4792
-31 161316
+4 124730
+2 62365
+1 124730
+1 124730
+2 124730
-4 18293
+1 36586
+1 36586
+2 36586
+1 2342
+4 1171
+2 1171
-2 2342
+3 1171
+9 2342
-12 79487
+2 79487
-2 158974
+3 79487
+9 238485
-56 161316
+4 241974
+1 322632
+8 80658
-3 161316
+3 80658
-3 80658
+4 80658
-4 80658
+5 80658
-5 80658
+5 161316
+2 161316
+1 21321
+2 21321
-1 21321
+2 85284
+2 149247
cfn=(1938)
calls=21321 1608 
* 451149
* 106605
+3 161316
+4 18293
+1 54879
+16 36586
-16 18293
cfn=(1938)
calls=18293 1608 
* 385989
* 73172

fn=(2818)
2957 108
+9 54
+2 18
+1 36
+5 18
+1 18
-1 36
+4 90
+2 36
-10 17
+50 108
-33 2
cfi=(207)
cfn=(1154)
calls=1 25 
* 33
* 1
+1 4
+12 3
cfi=(207)
cfn=(1154)
calls=1 25 
* 51
+1 2
cfi=(207)
cfn=(1154)
calls=1 25 
* 33
+2 1
+2 2
+4 2
+4 2
-1 1
+1 2
+2 2

fn=(1150)
3242 4
+9 8
+1 3
cfn=(1152)
calls=1 3846 
* 359
+1 2
+8 4
+9 1
fi=(210) ./malloc/../string/bits/string_fortified.h
59 2
fe=(204)
3270 1
fi=(210)
59 86
fe=(204)
3274 3

fn=(1926)
4495 6763715
+4 2898735
+6 3864980
+1 1932490
+4 4831225
+8 3864980
-1 1932490
+1 1932490
+29 962924
-20 962924
-6 962924
+6 1925848
+20 3851696
1792 174891
4561 349782
+11 681780
+2 511335
1992 170445
4593 170445
1992 340890
4595 170445
+1 170445
+4 340890
+2 170445
-2 170445
+2 170445
+4 340890
+2 511335
+1 170445
+19 679446
+30 5770794
-21 8892
+3 8892
+18 4446
-12 4446
+12 17784
-12 4446
cfn=(1934)
calls=4446 +19 
* 558089
3163 791354
+4 791354
-4 791354
+2 3165416
+1 791354
+1 791354
4550 791354

fl=(85)
fn=(288)
29 1
fi=(327) ./string/../sysdeps/x86_64/multiarch/ifunc-sse4_2.h
+7 5
fe=(85)
-7 1

fl=(286)
fn=(3410)
25 2
+1 12
+1 2

fl=(233)
fn=(3516)
53 2
+2 2
+1 2
+1 2
+1 2
+1 2
+3 2
+1 2
+4 2
+1 2
+1 2
+1 2
+1 2
+1 2
+1 2
+1 2
+13 2
+2 4

fn=(1506)
53 3
+2 3
+1 3
+1 3
+1 3
+1 3
+3 3
+1 3
+4 3
+1 3
+1 3
+1 3
+1 3
+1 3
+1 3
+1 3
+3 3
+8 3
+8 3
+1 6

fl=(296) ./stdlib/./stdlib/mul.c
fn=(3536) __mpn_mul
48 34
+6 4
+12 4
+76 22
-71 2
+1 4
+69 2
-60 4
cfi=(297) ./stdlib/../sysdeps/x86_64/mul_1.S
cfn=(3538) __mpn_mul_1
calls=2 -50 
* 66
* 4
+2 2
+1 2
+4 4

fl=(313) ./posix/./posix/register-atfork.c
fn=(3592) __unregister_atfork
82 10
+1 10
-1 20
+1 10
fi=(314) ./posix/../malloc/dynarray-skeleton.c
243 5
fe=(313)
71 10
+38 20
+1 15

fl=(103)
fn=(330)
65 1
-22 2
+1 1
-2 4
+2 2
+3 2
+4 3
+3 3
+11 1

fl=(292) ./stdlib/../sysdeps/ieee754/dbl-64/dbl2mpn.c
fn=(3526) __mpn_extract_double
33 1
+2 1
-2 2
+4 3
+1 5
+9 2
+9 1
-9 1
+9 2
+47 1
+4 1
-4 1
+4 1

fl=(89)
fn=(296)
29 2
fi=(90) ./string/../sysdeps/x86_64/multiarch/ifunc-memset.h
+25 10
+3 6
+7 4
+9 4
+2 4
+10 4
+8 4
+3 10
fe=(89)

fl=(104)
fn=(332)
29 1
fi=(105) ./debug/../sysdeps/x86_64/multiarch/ifunc-memset.h
+25 5
+3 3
+7 2
+9 2
+2 2
+10 2
+8 2
+3 5
fe=(104)

fl=(132)
fn=(410)
33 1
fi=(118) ./string/../sysdeps/x86_64/multiarch/ifunc-strcpy.h
+5 2
+1 1
-1 2
+1 2
+3 2
+4 3
+3 3
fe=(132)
-16 1

fl=(200)
fn=(1080)
67 84
-26 24
+2 96
+1 24
cfn=(1082) __new_exitfn
calls=12 +36 
* 440
+2 24
+8 12
-2 12
+3 12
+1 12
-4 24
+1 12
+4 48
+1 12
+11 72

fn=(1082)
80 12
+6 24
-6 48
+11 24
-10 12
+10 48
+2 24
+1 55
-1 24
-2 1
+10 1
-10 3
+13 22
+25 11
+1 22
-1 22
+7 11
+5 33
-4 11
+4 22
-5 1
+5 3
-4 1
+4 2
-18 1
-1 1
+12 1

fl=(301) ./stdlib/./stdlib/divrem.c
fn=(3548) __mpn_divrem
46 98
+3 14
234 63
62 7
+1 7
-16 7
+18 14
+7 33
+1 4
-1 8
+1 8
-1 8
+4 14
+3 7
+2 7
-13 3
-1 3
+1 3

fl=(123)
fn=(378)
31 2
fi=(124) ./wcsmbs/../sysdeps/x86_64/multiarch/ifunc-wmemset.h
+5 10
+1 6
fe=(123)
-6 2

fl=(174) ./nptl/./nptl/pthread_mutex_conf.c
fn=(562) __pthread_tunables_init
55 2
+1 2
-1 2
+1 2
-1 4
+1 1
cob=(4)
cfi=(175)
cfn=(564)
calls=1 -56 
* 26
+2 4
cob=(4)
cfi=(175)
cfn=(564)
calls=1 -58 
* 25
+2 4
cob=(4)
cfi=(175)
cfn=(564)
calls=1 -60 
* 26
+2 6

fl=(120)
fn=(370)
31 1
fi=(84) ./string/../sysdeps/x86_64/multiarch/ifunc-avx2.h
+9 3
-2 4
fe=(120)
-7 2
fi=(84)
+10 2
+1 3
+3 2
+4 3
+3 5
fe=(120)

fl=(299) ./nptl/./nptl/alloca_cutoff.c
fn=(3542) __libc_alloca_cutoff
27 1
+1 9
+7 1

fl=(83)
fn=(284)
31 2
fi=(84)
+9 6
-2 8
fe=(83)
-7 4
fi=(84)
+10 4
+1 6
+3 4
+4 6
+3 10
fe=(83)

fl=(171) ./ctype/./ctype/ctype-info.c
fn=(556) __ctype_init
29 1
+2 7
+2 4
+2 4
+1 1

fl=(106)
fn=(336)
28 1
fi=(84)
+12 3
-2 4
fe=(106)
-10 2
fi=(84)
+13 2
+1 3
+3 2
+4 3
+3 5
fe=(106)

fl=(133)
fn=(414)
29 2
fi=(99) ./string/../sysdeps/x86_64/multiarch/ifunc-memmove.h
+28 6
-1 4
+4 6
+14 4
+3 4
+8 4
+8 4
+3 10
fe=(133)

fl=(246)
fn=(1798)
158 4887
+1 9774
+5 4887
+1 4887
+1 4887
+1 4887
+1 4887
+2 1
+1 1
+1 2
+9 863
+1 863
+2 1726
+53 4886
+1 4886
+6 3401
+1 3401
+12 3401
+3 3401
+1 3401
+12 2538
+1 2538
+13 2538
+1 2538
+2 2538
+3 1695
+3 1695
+3 1695
+1 1695
+1 1695
+1 1695
+1 1695
+1 1695
+1 1695
-6 5974
+1 5974
+1 5974
+1 5974
+1 5974
+1 5974
+1 7669
+3 1695
+1 1695
+1 1695
+1 1695
+3 3390
-6 843
+1 843
+1 843
+1 843
+3 1686
+11 1485
+1 1485
+1 1485
+1 4504181
+1 1485
+1 2970

fl=(181)
fn=(604)
53 1
+1 1
+1 1
+2 1
+1 1
+4 1
+1 1
+1 1
+3 1
+2 1
+1 1
+1 1
+1 1
+3 1
+1 1
+2 1
+1 1
+1 1
+1 1
+1 1
+9 2

fl=(194)
fn=(802)
32 512
+5 256
-5 2048
+5 1536
+5 512
+4 384
fi=(328) ./wcsmbs/./wcsmbsload.h
+23 128
+1 384
fe=(194)
-23 128
+1 128
-1 128
+1 128
+4 512
+3 256
cfi=(195)
cfn=(804)
calls=128 -19 
* 640
* 512
+39 128
-39 256
+39 512
-39 128
cfi=(196) ./iconv/./iconv/gconv_simple.c
cfn=(806) __gconv_btwoc_ascii
calls=128 -6 
* 768
+39 1152

fl=(310)
fn=(3578)
367 1
51 3
+1 2
367 3
57 2
+8 1
-3 1
-23 1
+1 4
+1 1
+29 1
+2 1
369 2
74 2
+6 4
+4 3
+3 2

fl=(213)
fn=(1324)
29 4
+15 1
-15 5
+15 1
cfi=(214) ./setjmp/../sysdeps/x86_64/bsd-_setjmp.S
cfn=(1326) _setjmp
calls=1 -16 
* 38
* 1
+2 2
+5 2
+1 2
+3 2
+3 6
cob=(8)
cfi=(217) /home/steph/projects/drone-logistics/src/main.cpp
cfn=(1332) main
calls=1 -22 
* 3593579956
+16 2
cfi=(306) ./stdlib/./stdlib/exit.c
cfn=(3568) exit
calls=1 +63 
* 10950

fl=(205)
fn=(1144)
262 1
fi=(206) ./malloc/../sysdeps/unix/sysv/linux/not-cancel.h
97 3
fe=(205)
262 7
+5 1
fi=(206)
97 3
fi=(204)
3143 2
fe=(205)
292 2
+4 3
fi=(204)
1946 4
+3 1
-3 1
+3 2
-3 2
+3 126
-3 126
+3 252
-3 252
+11 1
fe=(205)
300 3
fi=(204)
1958 1
+2 1
fe=(205)
300 1
cob=(4)
cfi=(175)
cfn=(564)
calls=1 0 
* 25
+1 4
cob=(4)
cfi=(175)
cfn=(564)
calls=1 0 
* 26
+1 4
cob=(4)
cfi=(175)
cfn=(564)
calls=1 0 
* 25
+1 4
cob=(4)
cfi=(175)
cfn=(564)
calls=1 0 
* 25
+1 4
cob=(4)
cfi=(175)
cfn=(564)
calls=1 0 
* 26
+1 4
cob=(4)
cfi=(175)
cfn=(564)
calls=1 0 
* 25
+1 4
cob=(4)
cfi=(175)
cfn=(564)
calls=1 0 
* 25
+2 4
cob=(4)
cfi=(175)
cfn=(564)
calls=1 0 
* 25
+1 4
cob=(4)
cfi=(175)
cfn=(564)
calls=1 0 
* 25
+1 4
cob=(4)
cfi=(175)
cfn=(564)
calls=1 0 
* 25
+3 4
cob=(4)
cfi=(175)
cfn=(564)
calls=1 0 
* 25
+1 4
cob=(4)
cfi=(175)
cfn=(564)
calls=1 0 
* 25
+2 2
+10 8

fl=(293) ./stdlib/../sysdeps/x86_64/lshift.S
fn=(3528) __mpn_lshift
28 1
+1 1
+1 1
+2 1
+1 1
+1 1
+12 1
+1 1
+1 1
+1 1
+1 1
+1 1
+1 1
+6 1
+1 1
+1 1

fl=(92)
fn=(304)
29 1
fi=(93)
+28 3
-1 2
+4 3
+14 2
+3 2
+8 2
+8 2
+3 5
fe=(92)

fl=(228)
fn=(3784)
452 8
fi=(254)
1025 1
fe=(228)
452 1
+1 1
-1 1
fi=(254)
1025 2
+1 2
fe=(228)
453 2
cfi=(229)
cfn=(3678)
calls=1 793 
* 21
* 2
+4 1
330 1
462 1
-7 2
332 1
466 1
337 1
-4 1
+4 1
467 1
-1 3
+2 6
-11 1
+1 2
-1 1
330 4

fn=(1486) _IO_old_init
531 3
+3 3
-2 3
+2 3
+5 3
-7 3
+2 3
+10 3
-10 3
+16 3
-11 3
-5 3
+16 3
-16 3
+21 3
-16 15
+16 6
+1 6
+2 3

fn=(1490)
87 42
+1 30
+18 54
-16 3
+2 9
-2 3
+2 12
cfi=(230) ./nptl/./nptl/libc-cleanup.c
cfn=(1492) __libc_cleanup_push_defer
calls=3 -68 
* 39
+1 21
+10 6
cfi=(230)
cfn=(1494) __libc_cleanup_pop_restore
calls=3 -49 
* 27
+3 3
-11 15
+2 3
-2 3
+3 3
-3 3
+2 3
+3 12
+2 3
-2 3
+1 3
+1 15
-9 6
+1 3
+1 6

fn=(2086)
601 18
+2 9
+6 9
+3 9
54 6
624 9

fn=(3298)
343 1
+1 2
-1 7
+3 3
+1 1
fi=(254)
1025 3
+1 2
fe=(228)
347 2
cfi=(282) ./libio/./libio/filedoalloc.c
cfn=(3300) _IO_file_doallocate
calls=1 78 
* 11853
* 2
+3 6

fn=(2080)
329 44
+1 16
+5 8
-3 4
+3 8
-2 4
+2 8
+3 24

fn=(3778) _IO_flush_all
686 5
+5 1
-5 1
+5 1
-5 6
+5 4
cfi=(230)
cfn=(1492)
calls=1 24 
* 13
+1 6
-5 1
fi=(254)
1025 2
fe=(228)
708 33
+1 3
-14 9
+2 3
+1 27
+2 21
+13 7
+1 2
cfi=(230)
cfn=(1494)
calls=1 54 
* 9
+4 12
-20 9
-6 2
-5 2
+8 1
-3 1
+3 2

fn=(2068)
53 6
+1 12
+28 6
cfn=(2070) __GI__IO_un_link.part.0
calls=3 -30 
* 300

fn=(2070)
52 12
+6 3
-6 6
+6 3
-6 12
+6 12
cfi=(230)
cfn=(1492)
calls=3 -34 
* 39
+1 21
+2 3
-1 3
+1 30
+4 6
+9 6
+2 18
+3 6
cfi=(230)
cfn=(1494)
calls=3 -25 
* 27
+3 27
-19 3
-2 6
+2 6
+13 9
+2 3
-2 3
+1 3
+1 15
-12 9
-7 9

fn=(1484) _IO_no_init
563 33
+1 3
cfn=(1486)
calls=3 -33 
* 75
+1 3
+1 6
+2 3
+4 3
+7 3
+2 3
-9 15
+15 3
+1 18

fn=(2074)
937 18
+2 6
+5 9
+2 9

fn=(3308)
371 11
+3 4
fi=(254)
1025 1
fe=(228)
373 2
+16 2
+8 1
+2 2
-20 4
+2 1
+1 2
+2 2
-9 1
+29 8
-11 6
-4 3
+6 6
-1 1
-1 3
+1 1
-1 2
+1 2
-1 2
+1 2
-1 2
+1 2
-1 2
+1 2
-1 2

fn=(3776) _IO_cleanup
842 6
-66 1
+66 6
+1 1
cfn=(3778)
calls=1 686 
* 183
-67 2
+67 1
-67 3
cfi=(230)
cfn=(1492)
calls=1 24 
* 13
+1 6
fi=(254)
1025 1
fe=(228)
785 1
-1 1
+1 4
-1 2
+1 25
+9 6
+2 4
+4 1
-2 1
+3 1
-3 1
+2 2
+5 1
fi=(254)
1025 2
+1 2
fe=(228)
805 4
cfi=(229)
cfn=(3782)
calls=1 382 
* 87
+2 3
+9 1
-2 1
+2 2
-2 1
+2 2
+1 3
-37 9
+41 7
+1 2
cfi=(230)
cfn=(1494)
calls=1 54 
* 9
+33 12
-78 2
+39 24
-2 1
+2 1
-31 6
+7 7
-15 1
+3 2
-3 1
+3 2

fl=(107)
fn=(340)
30 1
fi=(101) ./wcsmbs/../sysdeps/x86_64/multiarch/ifunc-avx2.h
+10 3
-2 4
fe=(107)
-8 2
fi=(101)
+11 2
+1 3
+3 2
+4 3
+3 5
fe=(107)

fl=(176) ./nptl/../sysdeps/unix/sysv/linux/x86/elision-conf.c
fn=(566) __lll_elision_init
92 2
+4 1
-4 2
+4 2
-4 1
+4 1
-4 3
+4 1
cob=(4)
cfi=(175)
cfn=(564)
calls=1 -96 
* 26
+2 4
cob=(4)
cfi=(175)
cfn=(564)
calls=1 -98 
* 26
+2 4
cob=(4)
cfi=(175)
cfn=(564)
calls=1 0 
* 26
+2 4
cob=(4)
cfi=(175)
cfn=(564)
calls=1 0 
* 26
+2 4
cob=(4)
cfi=(175)
cfn=(564)
calls=1 0 
* 26
+3 3
+1 1
+1 6

fl=(312)
fn=(3590)
30 10
+3 10
-3 40
+3 25
+3 20
+4 162
+1 132
+2 11
+2 11
+36 11
-5 11
-33 11
+35 33
+3 33
+1 33
cob=(7)
cfi=(185)
cfn=(3662) std::ios_base::Init::~Init()
calls=1 -82 
* 7105
cob=(7)
cfi=(185)
cfn=(3660) 0x00000000000b8da0
calls=1 -82 
* 8
cob=(7)
cfi=(185)
cfn=(3652) 0x00000000000b8d50
calls=1 -82 
* 773
cob=(7)
cfi=(185)
cfn=(3650) 0x00000000000e75a0
calls=1 -82 
* 2
cob=(7)
cfi=(185)
cfn=(3648) 0x00000000000e8920
calls=1 -82 
* 2
cob=(7)
cfi=(185)
cfn=(3646) 0x00000000000eca30
calls=1 -82 
* 2
cob=(7)
cfi=(185)
cfn=(3644) 0x00000000000eca40
calls=1 -82 
* 2
cob=(7)
cfi=(185)
cfn=(3642) 0x00000000001b4e80
calls=1 -82 
* 2
cob=(7)
cfi=(185)
cfn=(3640) 0x00000000001b4e90
calls=1 -82 
* 2
cob=(7)
cfi=(185)
cfn=(3638) 0x00000000001b4ea0
calls=1 -82 
* 2
cob=(7)
cfi=(185)
cfn=(3634) 0x00000000001d0060
calls=1 -82 
* 5
+1 44
+4 33
-47 34
-4 15
+57 20
+4 30
-4 15
+12 10
cfi=(313)
cfn=(3592)
calls=5 -23 
* 100
+1 20
+1 40

fl=(125)
fn=(382)
29 1
fi=(118)
+9 2
+1 1
-1 2
+1 2
+3 2
+4 3
+3 3
fe=(125)
-20 1

fl=(172) ./resource/../sysdeps/unix/sysv/linux/getrlimit64.c
fn=(558) getrlimit
38 2
+1 7
+1 1

fl=(288) ./stdio-common/./stdio-common/vfprintf-internal.c
fn=(3512) __printf_buffer
600 12
fi=(329) ./stdio-common/./stdio-common/printf-parse.h
82 1
fe=(288)
600 2
fi=(329)
82 1
fe=(288)
600 1
+27 3
+11 1
-11 1
+11 1
-11 1
+11 2
fi=(329)
82 1
cob=(4)
cfi=(175)
cfn=(3514)
calls=1 -82 
* 21
fe=(288)
653 2
+1 1
fi=(329)
82 2
fe=(288)
654 1
-1 1
cfi=(289) ./stdio-common/./stdio-common/Xprintf_buffer_write.c
cfn=(3518) __printf_buffer_write
calls=1 27 
* 19
+2 3
+4 2
+4 8
-32 1
973 1
642 1
973 2
634 1
+71 4
1044 11
705 2
-13 1
+7 1
+6 2
-14 1
-4 1
+18 1
-10 1
+10 1
-7 1
-4 1
+11 2
-19 1
-1 1
+20 1
-12 1
-9 1
-1 1
+22 1
-15 2
891 2
+82 2
+3 34
+20 11
+1 1
263 1
+1 1
997 1
744 1
264 2
744 1
263 2
1024 1
fi=(329)
82 1
fe=(288)
1018 1
fi=(329)
82 2
cob=(4)
cfi=(175)
cfn=(3514)
calls=1 -82 
* 21
fe=(288)
1028 2
+1 1
fi=(329)
82 1
fe=(288)
1029 1
-1 1
cfi=(289)
cfn=(3518)
calls=1 27 
* 19
+3 2
709 1
814 1
-1 1
+1 2
+41 13
266 1
cfi=(290) ./stdio-common/./stdio-common/printf_fp.c
cfn=(3520) __printf_fp_l_buffer
calls=1 1099 
* 2018
1001 1
819 1
-1 1
+1 3
+15 7
+3 2
+18 1
-37 1
+19 4

fl=(294) ./stdlib/./stdlib/cmp.c
fn=(3532) __mpn_cmp
31 3
+4 6
+2 3
+1 3
+1 6
+8 15

fl=(170)
fn=(554)
33 9
+2 1
cfi=(171)
cfn=(556)
calls=1 -6 
* 17
+3 1
fi=(173) ./elf/../sysdeps/nptl/pthread_early_init.h
-5 2
fe=(170)
+8 1
-3 1
+3 1
fi=(173)
-8 1
cfi=(172)
cfn=(558)
calls=1 +5 
* 10
* 3
+1 1
+4 5
+7 1
fi=(330) ./elf/../nptl/nptl-stack.h
+16 3
fi=(173)
-16 1
fi=(330)
+16 2
fi=(173)
-7 1
fi=(330)
+7 3
fi=(173)
-9 1
-6 1
+2 2
+4 4
+1 1
+3 1
cfi=(174)
cfn=(562)
calls=1 -1 
* 104
fe=(170)
-9 3
+2 2
-2 1
cfi=(176)
cfn=(566)
calls=1 +45 
* 169

fl=(179)
fn=(598)
46 6
+5 2
+4 5
+8 1
-2 1
+10 1
-9 1
+1 1
+9 3
-1 1
cfi=(180) ./misc/./misc/init-misc.c
cfn=(600) __init_misc
calls=1 -41 
* 50

fl=(182)
fn=(606)
545 1
+1 4
+1 3
+1 3
+2 1

fl=(309)
fn=(3576)
77 1
+3 3
+2 1
+2 2
-7 4
+11 2
+91 1
+3 1
+2 1
+3 1
-63 1
+66 3
-93 2
+11 4
+4 1
+3 2
-71 1
+1 7
+1 1
+84 3
+1 2

fl=(287)
fn=(3510)
102 3
fi=(331) ./libio/../include/printf_buffer.h
+22 1
fe=(287)
-22 1
fi=(331)
+22 1
fe=(287)
-22 7
fi=(331)
+35 1
-13 1
+13 1
-10 1
+1 1
fe=(287)
-65 2
+3 1
+30 4
cfi=(288)
cfn=(3512)
calls=1 600 
* 2302
-21 3
+1 1
+11 2
cfi=(305)
cfn=(3556)
calls=1 -62 
* 19
+17 6

fl=(86)
fn=(290)
79 2
-31 4
+1 2
-2 8
+2 4
+3 4
+4 6
+3 6
+20 2

fl=(116)
fn=(360)
60 1
-17 2
-1 4
+2 3
+2 2
+4 3
+10 1

fl=(136)
fn=(422)
29 1
fi=(327)
+7 5
fe=(136)
-7 1

fl=(282)
fn=(3300)
78 11
+6 4
fi=(254)
1025 3
+1 2
fe=(282)
84 3
cfi=(229)
cfn=(3302)
calls=1 1147 
* 9
* 2
+2 4
+11 4
+4 2
cob=(4)
cfi=(175)
cfn=(1482)
calls=1 0 
* 11763
* 1
+1 2
+2 4
cfi=(228)
cfn=(2080)
calls=1 329 
* 29
+1 1
+1 9

fl=(214)
fn=(1326)
28 1
+2 1
+2 1
cfi=(215) ./setjmp/../sysdeps/x86_64/setjmp.S
cfn=(1328) __sigsetjmp
calls=1 -1 
* 35

fl=(236)
fn=(1590)
61 807
+7 807
+2 807
+3 807
+1 807
+2 807
+1 807
+1 807
+1 807
+3 802
+1 802
+3 802
+1 802
+2 796
+1 796
+1 795
+1 795
+2 1590
+7 6
+5 6
+7 6
+1 6
+1 5
+1 5
+5 3
+1 3
+1 3
+1 6
+4 1
+1 1
+32 3
+1 3
+1 3
+2 3
+10 3
+1 3
+3 3
+1 3
+2 3
+1 3
412 5
+3 5
+1 5
+1 5
+3 5
+1 5
+7 5
+3 5
+1 5
+2 5
+1 5
+1 3
+1 3
+1 6

fl=(188)
fn=(694)
136 15
+3 15
+1 30
+4 28
-1 1
cfn=(696) __pthread_once_slow
calls=1 -75 
* 1885

fn=(696)
68 11
+8 1
+4 2
+52 10
-44 2
+4 2
+9 2
+13 13
cfi=(189) ./nptl/./nptl/cleanup_compat.c
cfn=(698) _pthread_cleanup_push@@GLIBC_2.34
calls=1 -89 
* 7
+2 1
cob=(7)
cfi=(185)
cfn=(700) 0x00000000000d0450
calls=1 0 
* 1816
+2 3
cfi=(189)
cfn=(716) _pthread_cleanup_pop@@GLIBC_2.34
calls=1 -78 
* 6
fi=(191) ./nptl/../sysdeps/nptl/futex-internal.h
+91 3
fe=(188)
-85 1
fi=(191)
+85 5
fe=(188)

fl=(127)
fn=(394)
29 3
fi=(84)
+11 9
-2 12
fe=(127)
-9 6
fi=(84)
+12 6
+1 9
+3 6
+4 9
+3 15
fe=(127)

fl=(180)
fn=(600)
30 1
+1 2
-1 4
+1 4
+2 3
cob=(4)
cfi=(175)
cfn=(602)
calls=1 -33 
* 24
+4 5
+1 3
+2 4

fl=(227)
fn=(1480)
85 21
-20 3
+20 6
-20 3
cob=(4)
cfi=(175)
cfn=(1482)
calls=3 -65 
* 283
+2 9
+3 3
+2 6
-2 3
+2 15
cfi=(228)
cfn=(1484)
calls=3 563 
* 168
+1 3
+1 3
-1 3
+1 3
cfi=(229)
cfn=(1488)
calls=3 +32 
* 306
+1 15
cfi=(229)
cfn=(1496)
calls=3 213 
* 649
* 6
-38 6
+50 21

fl=(189)
fn=(698)
25 1
+3 1
+1 1
+1 2
+2 1
+1 1

fn=(716)
40 1
+3 2
+4 2
+2 1

fl=(94)
fn=(308)
29 1
fi=(93)
+28 3
-1 2
+4 3
+14 2
+3 2
+8 2
+8 2
+3 5
fe=(94)

fl=(100)
fn=(324)
31 2
fi=(101)
+9 6
-2 8
fi=(102) ./wcsmbs/../sysdeps/x86_64/multiarch/wcschr.c
-7 4
fi=(101)
+10 4
+1 6
+3 4
+4 6
+3 10
fe=(100)

fn=(390)
31 1
fi=(97) ./wcsmbs/../sysdeps/x86_64/multiarch/ifunc-wcs.h
+9 3
-1 4
+2 3
+3 2
+4 4
fe=(100)
-17 1

fl=(108)
fn=(344)
31 1
fi=(109) ./string/../sysdeps/x86_64/multiarch/ifunc-strncpy.h
+4 5
+1 3
+3 2
+4 3
+3 4
fe=(108)
-15 1

fl=(230)
fn=(1492)
24 8
+1 8
+2 16
+2 16
+3 16
+14 24
+2 8
+1 8

fn=(1494)
54 8
+1 8
+2 16
+2 8
+1 24
+11 8

fl=(117)
fn=(362)
29 1
fi=(118)
+9 2
+1 1
-1 2
+1 2
+3 2
+4 3
+3 3
fe=(117)
-20 1

fl=(259)
fn=(2222)
30 2
+8 4
+2 4
+28 4
+1 4
-25 4

fl=(297)
fn=(3538)
31 9
+1 9
+3 9
+1 9
+1 9
+1 9
+1 9
+2 9
+1 9
+2 9
+1 9
+1 9
+1 9
+1 7
+2 7
+1 7
+1 7
+1 7
+26 2
+1 2
+1 2
+1 2
+1 2
+1 2
+1 2
+1 2
+1 2
+26 2
+1 2
+1 2
+2 2
+1 2
+1 2
+1 2
+1 2
+1 2
+2 2
+3 2
-5 7
+2 7
+3 7

fl=(289)
fn=(3518)
27 3
+1 9
-1 21
+4 8
+2 2
+3 1
fi=(295) ./stdio-common/../string/bits/string_fortified.h
-7 1
fe=(289)
+8 2
fi=(295)
-8 1
fe=(289)
+12 1
fi=(295)
-12 1
cob=(4)
cfi=(175)
cfn=(3530)
calls=1 -29 
* 15
fe=(289)
+11 3
-9 2
+2 3
+11 18

fl=(139)
fn=(432)
31 1
fi=(114)
+6 2
-1 4
fe=(139)
-5 2
fi=(114)
+7 3
+3 2
+4 3
+3 4
fe=(139)

fl=(110)
fn=(348)
31 2
fi=(111) ./wcsmbs/../sysdeps/x86_64/multiarch/ifunc-evex.h
+7 6
-1 8
+2 6
+6 4
-3 4
+9 6
+3 8
fe=(110)
-23 2

fl=(298) ./stdlib/../sysdeps/x86_64/rshift.S
fn=(3540) __mpn_rshift
28 2
+1 2
+1 2
+1 2
+13 2
+1 2
+16 2
+1 2
+1 2
+1 2
+1 2
+1 2
+1 2
+5 2
+1 2
+1 2
+1 2
+1 2

fl=(95)
fn=(312)
29 1
fi=(84)
+11 3
-2 4
fe=(95)
-9 2
fi=(84)
+12 2
+1 3
+3 2
+4 3
+3 5
fe=(95)

fl=(190)
fn=(714)
43 15
+12 2
277 12
63 2
+3 1
-10 1
+10 2
+7 3
+2 1
-2 1

fl=(281)
fn=(3292)
31 150
+1 25
-1 25
+1 25
-1 50
+4 150
+2 250
+1 76
+1 1
fi=(254)
1025 1
fe=(281)
39 1
fi=(254)
1025 1
+1 2
fe=(281)
39 24
fi=(254)
1025 24
fe=(281)
39 24
fi=(254)
1025 24
+1 48
fe=(281)
39 125
cfi=(229)
cfn=(3294)
calls=25 1198 
* 13680
+6 50
fi=(254)
979 50
fe=(281)
45 50
+1 25
+3 225
-11 48
fi=(254)
980 225
fe=(281)
37 100

fl=(231)
fn=(1500)
30 6
+3 3
-3 30
+3 14
+8 25
+2 24
-7 1
+5 1
-5 3
+1 1
-1 1
+5 1

fl=(128)
fn=(398)
29 1
fi=(109)
+6 5
+1 3
+3 2
+4 3
+3 4
fe=(128)
-17 1

fl=(115)
fn=(358)
29 1
fi=(327)
+7 5
fe=(115)
-7 1

fl=(134)
fn=(418)
29 2
fi=(135) ./string/../sysdeps/x86_64/multiarch/ifunc-evex.h
+9 6
-1 8
+2 6
+6 4
-3 4
+9 6
+3 8
fe=(134)
-25 2

fl=(208)
fn=(1156)
37 200
+3 25
+3 25
-3 25
+3 25
+35 21
-20 50
+4 50
+4 85
+2 2
-2 3
+8 1
cfi=(209)
cfn=(1158)
calls=1 -38 
* 9
* 21
cfi=(209)
cfn=(1158)
calls=21 -38 
* 189
* 44
+4 154
-19 2
cfi=(209)
cfn=(1158)
calls=1 -23 
* 9
* 2
+4 2

fl=(283)
fn=(3304)
30 1
+9 4
+33 1

fl=(317) ./posix/../sysdeps/unix/sysv/linux/_exit.c
fn=(3786) _Exit
27 2
+3 2

fl=(192)
fn=(790)
30 4
+1 12
+2 8
+3 8
+1 4
+28 12
+1 12
+2 12
+4 12
+1 4

fl=(216) ./setjmp/./setjmp/sigjmp.c
fn=(1330) __sigjmp_save
28 6
+2 2
-1 1
+5 4

fl=(199)
fn=(826)
73 58
+7 58
+1 58
+3 1
+1 1
+1 1
+4 1
+1 1
+2 1
+1 1
+3 1
+1 1
+1 1
+3 1
+1 1
+3 1
+1 1
+3 1
+1 1
+1 1
+1 1
+1 1
+1 1
+1 1
+1 1
+1 1
+1 1
+3 1
+1 1
+6 1
+1 1
+1 1
+1 1
+4 1
+1 1
+2 1
+1 1
+1 1
+1 1
+3 1
+1 1
+1 1
+1 1
+1 1
+1 1
+2 2
+4 41
+10 41
+1 41
+1 41
+3 82
401 57
+1 57
+5 57
+1 57
+1 57
+1 57
+1 57
+3 57
+1 57
+1 57
+1 57
+3 57
+1 57
+1 16
+1 32

fl=(290)
fn=(3524) __printf_fp_buffer_1.isra.0
138 18
+21 1
+18 1
+10 1
-28 7
+62 2
1030 11
226 3
+4 7
+36 1
+5 1
-49 1
+44 4
+1 1
+1 2
+3 13
+1 1
-1 1
+1 3
-1 1
+1 2
-1 1
+1 8
+1 1
-1 2
+1 13
+6 1
-6 2
+7 2
+17 1
+4 4
-4 2
+16 2
+11 1
-41 1
+10 1
+31 1
-30 7
+33 3
+41 1
+1 1
-1 1
+1 3
fi=(295)
29 1
cob=(4)
cfi=(175)
cfn=(3530)
calls=1 -29 
* 13
fe=(290)
385 10
+9 10
+2 20
-74 24
-4 12
+4 49
-4 1
+4 4
+15 3
-13 6
+53 2
-2 12
cfi=(296)
cfn=(3536)
calls=2 48 
* 154
+5 4
+1 4
fi=(295)
29 6
fe=(290)
388 6
fi=(295)
29 3
cob=(4)
cfi=(175)
cfn=(3530)
calls=3 -29 
* 39
fe=(290)
389 9
+1 9
+1 3
+3 3
-4 3
-1 3
+1 3
+1 9
+5 6
+1 2
+6 2
+4 1
+4 1
-4 1
+4 3
-4 15
665 1
+9 1
-9 1
+9 1
+6 1
-15 1
+9 2
+6 1
-6 2
+2 2
+10 2
+20 5
+1 1
-13 1
+13 2
+39 2
fi=(300) ./stdio-common/../sysdeps/pthread/allocalim.h
27 1
fe=(290)
746 1
fi=(300)
27 1
cfi=(299)
cfn=(3542)
calls=1 * 
* 11
+2 2
fe=(290)
759 14
fi=(300)
29 1
fe=(290)
759 3
+4 1
-3 2
+3 2
+3 3
+7 6
+2 2
-4 1
+4 1
+14 2
-2 1
+1 5
+1 1
+1 2
-1 5
+1 32
91 5
792 5
+2 5
91 10
+2 5
+2 10
-2 10
+8 10
+4 30
cfi=(301)
cfn=(3548)
calls=5 -59 
* 221
+2 5
+4 5
-6 5
+2 15
+1 5
+2 10
+1 20
+7 5
+4 15
cfi=(297)
cfn=(3538)
calls=5 -91 
* 105
+1 10
+1 20
793 4
+1 8
-1 1
+1 2
+1 10
230 6
cfi=(292)
cfn=(3526)
calls=1 33 
* 22
* 4
+4 1
382 6
790 6
+15 5
+1 3
cfn=(3546) hack_digit
calls=1 88 
* 121
+2 2
-2 1
+2 5
fi=(302) ./stdio-common/../sysdeps/generic/get-rounding-mode.h
94 1
+1 7
fe=(290)
935 1
-11 4
+7 2
+4 2
+2 3
+19 1
+1 6
+4 3
+14 3
+5 5
+3 2
+8 2
-4 1
+4 1
+5 2
-9 4
+9 4
fi=(304) ./stdio-common/../include/printf_buffer.h
163 3
fe=(290)
999 4
+2 3
+5 2
fi=(304)
163 3
fe=(290)
1009 3
+13 4
cfi=(289)
cfn=(3518)
calls=1 27 
* 53
+2 3
+4 3
385 9
cfi=(294)
cfn=(3532)
calls=3 31 
* 36
* 6
+3 6
fi=(303) ./stdio-common/../include/rounding-mode.h
52 2
fe=(290)
766 3
966 2
+9 2
707 2
994 4
+2 2
711 1
+20 2
-20 1
+3 2
+2 1
-2 1
+2 2
+15 6
308 1
-2 1
+2 1
-3 1
+3 4
-3 2
cfi=(293)
cfn=(3528)
calls=1 28 
* 16
+4 2
-4 1
+4 7
+1 2
+1 7
766 3
+3 2
cfn=(3546)
calls=1 88 
* 109
* 1
-3 4
+8 8
407 1
+6 2
1003 2
442 5
+35 2
-4 1
-21 2
+19 1
-1 3
+1 1
-1 3
cfi=(298)
cfn=(3540)
calls=1 28 
* 18
+4 3
-1 1
+1 3
cfi=(298)
cfn=(3540)
calls=1 28 
* 18
+3 1
+1 5
-1 3
-47 1
+4 1
-5 1
+5 6

fn=(3546)
88 8
+3 2
-3 2
+3 4
+2 2
+2 4
-2 4
+8 4
+21 6
cfi=(297)
cfn=(3538)
calls=2 -91 
* 42
+1 4
+1 5
+4 10
-23 12
cfi=(301)
cfn=(3548)
calls=2 -59 
* 87
+2 2
-2 2
+2 6
+3 2
-2 2
+2 2
+1 12
+11 2
-4 4

fn=(3520)
1099 12
+3 1
-3 7
+3 2
+13 2
+2 1
-2 1
cob=(4)
cfi=(175)
cfn=(820)
calls=1 0 
* 16
* 2
+1 5
+31 11
-30 2
fi=(291) ./stdio-common/../include/../locale/localeinfo.h
331 2
fe=(290)
1111 1
fi=(291)
331 1
fe=(290)
1112 2
+10 7
cfn=(3524)
calls=1 138 
* 1942
+4 1

fl=(87)
fn=(292)
30 1
fi=(88)
+11 2
-1 4
+2 3
+3 2
+4 3
+3 3
fe=(87)
-22 1

fl=(232)
fn=(1502)
77 27
+5 3
-5 9
+5 6
+2 12
cob=(4)
cfi=(175)
cfn=(1504)
calls=3 -84 
* 69
* 3
+1 6
+1 6
+75 36

fl=(306)
fn=(3568)
137 2
+1 3
-1 1
+1 1
cfn=(3570) __run_exit_handlers
calls=1 38 
* 10943

fn=(3570)
38 12
+2 2
+3 5
+11 2
+2 2
+38 2
-30 39
+2 12
+1 12
-1 12
+3 106
+44 3
+13 1
-66 1
+66 3
+2 2
+3 2
cfi=(317)
cfn=(3786)
calls=1 27 
* 4
-29 1
+1 1
-2 1
+3 1
+3 1
-3 2
+3 3
+1 3
cob=(1)
cfi=(308)
cfn=(3574)
calls=1 -82 
* 10215
+1 4
+10 3
+1 2
-79 1
cfi=(307) ./stdlib/./stdlib/cxa_thread_atexit_impl.c
cfn=(3572) __call_tls_dtors
calls=1 148 
* 13
* 1
+88 1
cfi=(228)
cfn=(3776)
calls=1 842 
* 467
* 1

fl=(98)
fn=(320)
29 2
fi=(99)
+28 6
-1 4
+4 6
+14 4
+3 4
+8 4
+8 4
+3 10
fe=(98)

fl=(201)
fn=(1122)
28 1
+1 5
cfi=(202)
cfn=(1124)
calls=1 -5 
* 453

fl=(203)
fn=(1128)
206 3
+24 3
+5 3
+14 3
+25 3
+1 3
+1 3
+2 3
+1 3
+4 2
+4 2
+2 2
+2 2
+3 2
+2 2
+1 2
+11 2
+10 2
+1 2
+3 2
+4 4
+5 2
+1 2
+1 2
957 1
+1 1
+1 1
+1 1
+2 1
+3 1
+1 1
+27 1
+1 1
+1 1
+1 1
+1 1
+1 1
+2 1
+47 1
+1 1
+3 1
+1 1
+1 1
+3 2
+7 1
+1 1
+1 1
+1 1
+10 1
+1 1
+3 1
+1 1
+1 1
+1 1
+6 1
+2 1
+3 1
+1 1

fl=(126)
fn=(386)
31 1
fi=(114)
+6 2
-1 4
fe=(126)
-5 2
fi=(114)
+7 3
+3 2
+4 3
+3 4
fe=(126)

fl=(96)
fn=(316)
31 1
fi=(97)
+9 3
-1 4
+2 3
+3 2
+4 4
fe=(96)
-17 1

fl=(138)
fn=(428)
33 1
fi=(99)
+24 3
-1 2
+4 3
+14 2
+3 2
+8 2
+8 2
+3 5
fe=(138)

fl=(215)
fn=(1328)
31 1
+2 1
+9 1
+1 2
+1 1
+4 1
+1 1
+1 1
+1 1
+1 1
+2 2
+2 1
+1 1
+1 1
+2 2
+2 1
+5 1
+1 1
+17 1
cfi=(216)
cfn=(1330)
calls=1 -57 
* 13

fl=(113)
fn=(354)
31 1
fi=(114)
+6 2
-1 4
fe=(113)
-5 2
fi=(114)
+7 3
+3 2
+4 3
+3 4
fe=(113)

fl=(129)
fn=(402)
29 1
fi=(130) ./wcsmbs/../sysdeps/x86_64/multiarch/ifunc-memcmp.h
+5 5
+1 2
+1 2
+1 3
+3 2
+4 3
+3 4
fe=(129)
-18 2

fl=(137)
fn=(424)
31 1
fi=(97)
+9 3
-1 4
+2 3
+3 2
+4 4
fi=(332) ./wcsmbs/../sysdeps/x86_64/multiarch/wcpncpy.c
-17 1
fe=(137)

fl=(196)
fn=(806)
49 128
+2 512
+3 128

fl=(235)
fn=(1584)
25 5
+1 30
+1 5

fl=(307)
fn=(3572)
148 4
+1 1
-1 1
+1 3
+16 4

ob=(3)
fl=(147)
fn=(456)
27 1
fi=(142) ./math/../sysdeps/x86_64/fpu/multiarch/ifunc-fma.h
+2 4
+1 3
fe=(147)
-3 1

fl=(153)
fn=(476)
27 1
fi=(142)
+2 4
+1 3
fe=(153)
-3 1

fl=(158)
fn=(496)
49 6

fl=(141)
fn=(440)
26 1
fi=(142)
+3 4
+1 3
fe=(141)
-4 1

fl=(151)
fn=(472)
27 1
fi=(152) ./math/../sysdeps/x86_64/fpu/multiarch/ifunc-fma4.h
+4 4
+1 2
fe=(151)
-5 1

fl=(157)
fn=(492)
26 1
fi=(142)
+3 4
+1 3
fe=(157)
-4 1

fl=(146)
fn=(452)
34 1
fi=(144) ./math/../sysdeps/x86_64/fpu/multiarch/ifunc-avx-fma4.h
-2 5
+1 2
fe=(146)
+1 1

fn=(514)
27 1
fi=(144)
+5 5
+1 2
fe=(146)
-6 1

fl=(150)
fn=(468)
30 1
fi=(142)
-1 4
+1 4
fe=(150)

fl=(145)
fn=(448)
27 1
fi=(142)
+2 4
+1 3
fe=(145)
-3 1

fl=(161)
fn=(510)
26 1
fi=(144)
+6 5
+1 2
fe=(161)
-7 1

fl=(156)
fn=(498)
27 1
fi=(152)
+4 4
+1 2
fe=(156)
-5 1

fn=(488)
35 1
fi=(152)
-4 4
+1 2
+3 1
fe=(156)

fl=(159)
fn=(502)
26 1
fi=(142)
+3 4
+1 3
fe=(159)
-4 1

fl=(143)
fn=(444)
27 1
fi=(144)
+5 5
+1 2
fe=(143)
-6 1

fl=(154)
fn=(480)
26 1
fi=(142)
+3 4
+1 3
fe=(154)
-4 1

fl=(183)
fn=(612)
0 12

fn=(3768) 0x0000000000010430
0 5

fn=(3758)
0 9
cob=(4)
cfi=(175)
cfn=(3764)
calls=1 0 
0 134
0 1
cfn=(3768)
calls=1 0 
0 5
0 3

fl=(160)
fn=(506)
27 1
fi=(142)
+2 4
+1 3
fe=(160)
-3 1

fl=(162)
fn=(518)
26 1
fi=(152)
+5 4
+1 2
fe=(162)
-6 1

fl=(149)
fn=(464)
26 1
fi=(142)
+3 4
+1 3
fe=(149)
-4 1

fl=(155)
fn=(484)
27 1
fi=(144)
+5 5
+1 2
fe=(155)
-6 1

fl=(148)
fn=(460)
27 1
fi=(142)
+2 4
+1 3
fe=(148)
-3 1

ob=(8)
fl=(284) /home/steph/projects/drone-logistics/src/../include/PathExporter.hpp
fn=(3312) PathExporter::export_paths_json(std::vector<std::vector<Location, std::allocator<Location> >, std::allocator<std::vector<Location, std::allocator<Location> > > > const&, std::__cxx11::basic_string<char, std::char_traits<char>, std::allocator<char> > const&)
10 11
+1 6
cob=(4)
cfi=(175)
cfn=(3314)
calls=1 -11 
* 1551
+1 3
cob=(4)
cfi=(175)
cfn=(3320)
calls=1 -12 
* 11
* 3
+4 5
cob=(4)
cfi=(175)
cfn=(3270)
calls=1 -16 
* 1214
+1 2
+1 2000
cob=(4)
cfi=(175)
cfn=(3270)
calls=400 -18 
* 89600
+1 2000
cob=(4)
cfi=(175)
cfn=(3270)
calls=400 -19 
* 88000
* 2000
cob=(4)
cfi=(175)
cfn=(3334)
calls=400 -19 
* 148394
* 2000
cob=(4)
cfi=(175)
cfn=(3270)
calls=400 -19 
* 90800
+1 2000
cob=(4)
cfi=(175)
cfn=(3270)
calls=400 -20 
* 88890
+2 2000
cfi=(240) /usr/include/c++/13/bits/stl_vector.h
cfn=(2942) std::vector<std::vector<Location, std::allocator<Location> >, std::allocator<std::vector<Location, std::allocator<Location> > > >::operator[](unsigned long) const
calls=400 1145 
* 6000
* 400
+1 800
+1 439000
cob=(4)
cfi=(175)
cfn=(3270)
calls=87800 -24 
* 19670511
* 526800
cfi=(240)
cfn=(2488) std::vector<Location, std::allocator<Location> >::operator[](unsigned long) const
calls=87800 1145 
* 1317000
* 351200
cob=(4)
cfi=(175)
cfn=(3358)
calls=87800 -24 
* 31836453
* 439000
cob=(4)
cfi=(175)
cfn=(3270)
calls=87800 -24 
* 19931280
* 526800
cfi=(240)
cfn=(2488)
calls=87800 1145 
* 1317000
* 351200
cob=(4)
cfi=(175)
cfn=(3358)
calls=87800 -24 
* 32229062
* 439000
cob=(4)
cfi=(175)
cfn=(3270)
calls=87800 -24 
* 19931440
* 526800
cfi=(240)
cfn=(2488)
calls=87800 1145 
* 1317000
* 351200
cob=(4)
cfi=(175)
cfn=(3358)
calls=87800 -24 
* 32510134
* 439000
cob=(4)
cfi=(175)
cfn=(3270)
calls=87800 -24 
* 19755462
+1 263400
cfi=(240)
cfn=(1870) std::vector<Location, std::allocator<Location> >::size() const
calls=87800 992 
* 1229200
* 876000
cob=(4)
cfi=(175)
cfn=(3270)
calls=87400 -25 
* 19665378
+1 439000
cob=(4)
cfi=(175)
cfn=(3270)
calls=87800 -26 
* 19755714
-3 351200
cfi=(240)
cfn=(1870)
calls=87800 992 
* 1229200
* 1200
cfi=(240)
cfn=(1870)
calls=400 992 
* 5600
* 352800
+6 2000
cob=(4)
cfi=(175)
cfn=(3270)
calls=400 -29 
* 89600
+2 2000
cob=(4)
cfi=(175)
cfn=(3270)
calls=400 -31 
* 90800
+1 1200
cfi=(240)
cfn=(2234) std::vector<std::vector<Location, std::allocator<Location> >, std::allocator<std::vector<Location, std::allocator<Location> > > >::size() const
calls=400 992 
* 5600
* 3995
cob=(4)
cfi=(175)
cfn=(3270)
calls=399 -32 
* 89775
+1 2000
cob=(4)
cfi=(175)
cfn=(3270)
calls=400 -33 
* 90000
-16 1600
cfi=(240)
cfn=(2234)
calls=400 992 
* 5600
* 3
cfi=(240)
cfn=(2234)
calls=1 992 
* 14
* 1604
+18 5
cob=(4)
cfi=(175)
cfn=(3270)
calls=1 -35 
* 227
+2 3
cob=(4)
cfi=(175)
cfn=(3390)
calls=1 -37 
* 3537
+1 3
cob=(4)
cfi=(175)
cfn=(3412)
calls=1 -38 
* 189
* 8

fl=(260) /home/steph/projects/drone-logistics/src/../include/Heuristics.hpp
fn=(2294) ManhattanHeuristic::get_h_value(Location const&, Location const&) const
9 12116364
+1 20193940
+1 18174546
-1 2019394
+2 20193940
+1 4038788

fl=(245) /usr/include/c++/13/bits/cpp_type_traits.h
fn=(1766) std::_Bit_const_iterator std::__miter_base<std::_Bit_const_iterator>(std::_Bit_const_iterator)
607 42
+1 48

fn=(1984) __gnu_cxx::__normal_iterator<Location const*, std::vector<Location, std::allocator<Location> > > std::__miter_base<__gnu_cxx::__normal_iterator<Location const*, std::vector<Location, std::allocator<Location> > > >(__gnu_cxx::__normal_iterator<Location const*, std::vector<Location, std::allocator<Location> > >)
607 3208
+1 2406

fn=(1802) std::_Bit_iterator std::__miter_base<std::_Bit_iterator>(std::_Bit_iterator)
607 28
+1 32

fn=(2388) Location* std::__miter_base<Location*>(Location*)
607 1977096
+1 1482822

fn=(2642) __gnu_cxx::__normal_iterator<unsigned long*, std::vector<unsigned long, std::allocator<unsigned long> > > std::__miter_base<__gnu_cxx::__normal_iterator<unsigned long*, std::vector<unsigned long, std::allocator<unsigned long> > > >(__gnu_cxx::__normal_iterator<unsigned long*, std::vector<unsigned long, std::allocator<unsigned long> > >)
607 6552
+1 4914

fn=(1750) unsigned long* std::__miter_base<unsigned long*>(unsigned long*)
607 24
+1 18

fl=(220) /usr/include/x86_64-linux-gnu/c++/13/bits/c++config.h
fn=(1346) std::__is_constant_evaluated()
541 126
+6 42
+4 84

fl=(241) /usr/include/c++/13/bits/vector.tcc
fn=(1858) void std::vector<Location, std::allocator<Location> >::_M_realloc_insert<Location const&>(__gnu_cxx::__normal_iterator<Location*, std::vector<Location, std::allocator<Location> > >, Location const&)
445 7684050
+10 3492750
cfi=(240)
cfn=(1860) std::vector<Location, std::allocator<Location> >::_M_check_len(unsigned long, char const*) const
calls=698550 1896 
* 179003027
* 698550
+1 2095650
+1 2095650
+1 2095650
cfi=(240)
cfn=(1872) std::vector<Location, std::allocator<Location> >::begin()
calls=698550 873 
* 21655050
* 4191300
cfi=(247) /usr/include/c++/13/bits/stl_iterator.h
cfn=(1874) __gnu_cxx::__normal_iterator<Location*, std::vector<Location, std::allocator<Location> > >::difference_type __gnu_cxx::operator-<Location*, std::vector<Location, std::allocator<Location> > >(__gnu_cxx::__normal_iterator<Location*, std::vector<Location, std::allocator<Location> > > const&, __gnu_cxx::__normal_iterator<Location*, std::vector<Location, std::allocator<Location> > > const&)
calls=698550 1334 
* 25846350
* 698550
+1 3492750
cfi=(240)
cfn=(1878) std::_Vector_base<Location, std::allocator<Location> >::_M_allocate(unsigned long)
calls=698550 -81 
* 80232197
* 698550
+1 1397100
+8 2095650
cfi=(244) /usr/include/c++/13/bits/move.h
cfn=(1884) Location const& std::forward<Location const&>(std::remove_reference<Location const&>::type&)
calls=698550 70 
* 4889850
* 698550
+1 4191300
-1 4191300
fi=(243) /usr/include/c++/13/bits/alloc_traits.h
+70 2095650
cfi=(244)
cfn=(1884)
calls=698550 70 
* 4889850
* 3492750
fi=(223) /usr/include/c++/13/bits/new_allocator.h
191 2794200
cfi=(248) /usr/include/c++/13/new
cfn=(1888) operator new(unsigned long, void*)
calls=698550 -16 
* 5588400
* 2794200
cfi=(244)
cfn=(1884)
calls=698550 70 
* 4889850
* 3492750
fi=(243)
542 698550
fe=(241)
-67 698550
+6 2095650
cfi=(240)
cfn=(1892) std::_Vector_base<Location, std::allocator<Location> >::_M_get_Tp_allocator()
calls=698550 301 
* 4889850
* 698550
-1 2095650
cfi=(247)
cfn=(1876) __gnu_cxx::__normal_iterator<Location*, std::vector<Location, std::allocator<Location> > >::base() const
calls=698550 1162 
* 4889850
* 4191300
cfi=(240)
cfn=(1894) std::vector<Location, std::allocator<Location> >::_S_relocate(Location*, Location*, Location*, std::allocator<Location>&)
calls=698550 +24 
* 80329297
* 698550
+3 698550
+3 2095650
cfi=(240)
cfn=(1892)
calls=698550 301 
* 4889850
* 698550
-1 2095650
cfi=(247)
cfn=(1876)
calls=698550 1162 
* 4889850
* 4191300
cfi=(240)
cfn=(1894)
calls=698550 +19 
* 67060800
* 698550
+34 698550
+1 4889850
-1 2794200
cfi=(240)
cfn=(1902) std::_Vector_base<Location, std::allocator<Location> >::_M_deallocate(Location*, unsigned long)
calls=698550 386 
* 75159020
+2 2095650
+1 2095650
+1 6985500
+1 4889850

fn=(2236) std::vector<std::vector<Location, std::allocator<Location> >, std::allocator<std::vector<Location, std::allocator<Location> > > >::_M_default_append(unsigned long)
634 7
+3 2
+2 3
cfi=(240)
cfn=(2234)
calls=1 992 
* 14
* 1
+1 2
+1 6
-1 1
+3 3
cfi=(240)
cfn=(2238) std::vector<std::vector<Location, std::allocator<Location> >, std::allocator<std::vector<Location, std::allocator<Location> > > >::max_size() const
calls=1 998 
* 64
* 5
cfi=(240)
cfn=(2238)
calls=1 998 
* 64
* 5
+3 3
+12 3
+1 3
+3 6
cfi=(240)
cfn=(2244) std::vector<std::vector<Location, std::allocator<Location> >, std::allocator<std::vector<Location, std::allocator<Location> > > >::_M_check_len(unsigned long, char const*) const
calls=1 1896 
* 257
* 1
+1 5
cfi=(240)
cfn=(2246) std::_Vector_base<std::vector<Location, std::allocator<Location> >, std::allocator<std::vector<Location, std::allocator<Location> > > >::_M_allocate(unsigned long)
calls=1 378 
* 401
* 1
+6 3
cfi=(240)
cfn=(2252) std::_Vector_base<std::vector<Location, std::allocator<Location> >, std::allocator<std::vector<Location, std::allocator<Location> > > >::_M_get_Tp_allocator()
calls=1 301 
* 7
* 1
-1 13
cfi=(249) /usr/include/c++/13/bits/stl_uninitialized.h
cfn=(2254) std::vector<Location, std::allocator<Location> >* std::__uninitialized_default_n_a<std::vector<Location, std::allocator<Location> >*, unsigned long, std::vector<Location, std::allocator<Location> > >(std::vector<Location, std::allocator<Location> >*, unsigned long, std::allocator<std::vector<Location, std::allocator<Location> > >&)
calls=1 777 
* 37242
+9 3
cfi=(240)
cfn=(2252)
calls=1 301 
* 7
* 1
-1 5
cfi=(240)
cfn=(2264) std::vector<std::vector<Location, std::allocator<Location> >, std::allocator<std::vector<Location, std::allocator<Location> > > >::_S_relocate(std::vector<Location, std::allocator<Location> >*, std::vector<Location, std::allocator<Location> >*, std::vector<Location, std::allocator<Location> >*, std::allocator<std::vector<Location, std::allocator<Location> > >&)
calls=1 504 
* 88
+27 1
+1 7
-1 4
cfi=(240)
cfn=(2272) std::_Vector_base<std::vector<Location, std::allocator<Location> >, std::allocator<std::vector<Location, std::allocator<Location> > > >::_M_deallocate(std::vector<Location, std::allocator<Location> >*, unsigned long)
calls=1 386 
* 12
+2 3
+1 12
+1 10
+3 5

fn=(2290) std::vector<Location, std::allocator<Location> >::_M_fill_insert(__gnu_cxx::__normal_iterator<Location*, std::vector<Location, std::allocator<Location> > >, unsigned long, Location const&)
529 5200
+3 800
+2 300
+1 900
-1 300
+46 450
+1 450
+1 450
cfi=(247)
cfn=(1876)
calls=150 1162 
* 1050
* 300
+3 900
cfi=(240)
cfn=(1860)
calls=150 1896 
* 38550
* 150
+1 1050
+1 750
cfi=(240)
cfn=(1878)
calls=150 378 
* 32680
* 150
+1 300
+6 450
cfi=(240)
cfn=(1892)
calls=150 301 
* 1050
* 150
-2 1800
cfi=(249)
cfn=(2352) Location* std::__uninitialized_fill_n_a<Location*, unsigned long, Location, Location>(Location*, unsigned long, Location const&, std::allocator<Location>&)
calls=150 465 
* 24370
+3 150
+4 450
cfi=(240)
cfn=(1892)
calls=150 301 
* 1050
* 900
cfi=(249)
cfn=(2368) Location* std::__uninitialized_move_if_noexcept_a<Location*, Location*, std::allocator<Location> >(Location*, Location*, Location*, std::allocator<Location>&)
calls=150 393 
* 53700
* 150
+2 900
+4 450
cfi=(240)
cfn=(1892)
calls=150 301 
* 1050
* 900
cfi=(249)
cfn=(2368)
calls=150 393 
* 53700
* 150
+14 450
cfi=(240)
cfn=(1892)
calls=150 301 
* 1050
* 750
fi=(243)
948 750
cfi=(251) /usr/include/c++/13/bits/stl_construct.h
cfn=(2004) void std::_Destroy<Location*>(Location*, Location*)
calls=150 182 
* 3300
+1 150
fe=(241)
621 150
+1 1050
-1 600
cfi=(240)
cfn=(1902)
calls=150 386 
* 1800
+2 450
+1 450
+1 1500
+3 3750

fn=(2112) Location& std::vector<Location, std::allocator<Location> >::emplace_back<Location>(Location&&)
111 5600
+3 4800
+3 2340
cfi=(244)
cfn=(2114) Location&& std::forward<Location>(std::remove_reference<Location>::type&)
calls=780 -47 
* 5460
* 4680
fi=(243)
538 2340
cfi=(244)
cfn=(2114)
calls=780 70 
* 5460
* 3900
fi=(223)
191 3120
cfi=(248)
cfn=(1888)
calls=780 -16 
* 6240
* 3120
cfi=(244)
cfn=(2114)
calls=780 70 
* 5460
* 3900
fi=(243)
542 780
fe=(241)
119 4680
+4 60
cfi=(244)
cfn=(2114)
calls=20 -53 
* 140
* 80
cfi=(240)
cfn=(1854) std::vector<Location, std::allocator<Location> >::end()
calls=20 893 
* 640
* 120
cfn=(2116) void std::vector<Location, std::allocator<Location> >::_M_realloc_insert<Location>(__gnu_cxx::__normal_iterator<Location*, std::vector<Location, std::allocator<Location> > >, Location&&)
calls=20 445 
* 23777
+2 2400
cfi=(240)
cfn=(2122) std::vector<Location, std::allocator<Location> >::back()
calls=800 1233 
* 85600
+2 2400

fn=(2838) std::vector<std::vector<Location, std::allocator<Location> >, std::allocator<std::vector<Location, std::allocator<Location> > > >::operator=(std::vector<std::vector<Location, std::allocator<Location> >, std::allocator<std::vector<Location, std::allocator<Location> > > > const&)
210 13
+3 3
cfi=(244)
cfn=(2840) std::vector<std::vector<Location, std::allocator<Location> >, std::allocator<std::vector<Location, std::allocator<Location> > > > const* std::__addressof<std::vector<std::vector<Location, std::allocator<Location> >, std::allocator<std::vector<Location, std::allocator<Location> > > > const>(std::vector<std::vector<Location, std::allocator<Location> >, std::allocator<std::vector<Location, std::allocator<Location> > > > const&)
calls=1 51 
* 7
* 4
fi=(272) /usr/include/c++/13/ext/alloc_traits.h
106 1
fe=(241)
217 2
+18 3
cfi=(240)
cfn=(2234)
calls=1 992 
* 14
* 1
+1 3
cfi=(240)
cfn=(2844) std::vector<std::vector<Location, std::allocator<Location> >, std::allocator<std::vector<Location, std::allocator<Location> > > >::capacity() const
calls=1 1078 
* 14
* 4
+2 3
cfi=(240)
cfn=(2480) std::vector<std::vector<Location, std::allocator<Location> >, std::allocator<std::vector<Location, std::allocator<Location> > > >::end() const
calls=1 903 
* 32
* 4
cfi=(240)
cfn=(2476) std::vector<std::vector<Location, std::allocator<Location> >, std::allocator<std::vector<Location, std::allocator<Location> > > >::begin() const
calls=1 883 
* 31
* 6
cfi=(240)
cfn=(2846) std::vector<Location, std::allocator<Location> >* std::vector<std::vector<Location, std::allocator<Location> >, std::allocator<std::vector<Location, std::allocator<Location> > > >::_M_allocate_and_copy<__gnu_cxx::__normal_iterator<std::vector<Location, std::allocator<Location> > const*, std::vector<std::vector<Location, std::allocator<Location> >, std::allocator<std::vector<Location, std::allocator<Location> > > > > >(unsigned long, __gnu_cxx::__normal_iterator<std::vector<Location, std::allocator<Location> > const*, std::vector<std::vector<Location, std::allocator<Location> >, std::allocator<std::vector<Location, std::allocator<Location> > > > >, __gnu_cxx::__normal_iterator<std::vector<Location, std::allocator<Location> > const*, std::vector<std::vector<Location, std::allocator<Location> >, std::allocator<std::vector<Location, std::allocator<Location> > > > >)
calls=1 1616 
* 477067
* 1
+3 3
cfi=(240)
cfn=(2252)
calls=1 +60 
* 7
-1 7
fi=(243)
948 5
cfi=(251)
cfn=(2860) void std::_Destroy<std::vector<Location, std::allocator<Location> >*>(std::vector<Location, std::allocator<Location> >*, std::vector<Location, std::allocator<Location> >*)
calls=1 182 
* 28
+1 1
fe=(241)
242 1
+1 2
+1 6
-2 7
cfi=(240)
cfn=(2272)
calls=1 386 
* 12
+3 3
+1 11
+16 10
+2 1
+1 10

fn=(1720) std::vector<bool, std::allocator<bool> >::_M_fill_insert(std::_Bit_iterator, unsigned long, bool)
861 32
+3 4
+2 6
cfi=(239) /usr/include/c++/13/bits/stl_bvector.h
cfn=(1722) std::vector<bool, std::allocator<bool> >::capacity() const
calls=2 1075 
* 336
* 8
cfi=(239)
cfn=(1696) std::vector<bool, std::allocator<bool> >::size() const
calls=2 1057 
* 356
* 12
+10 12
cfi=(239)
cfn=(1726) std::vector<bool, std::allocator<bool> >::_M_check_len(unsigned long, char const*) const
calls=2 1530 
* 1698
* 2
+1 10
cfi=(239)
cfn=(1734) std::_Bvector_base<std::allocator<bool> >::_M_allocate(unsigned long)
calls=2 677 
* 371
* 2
+1 6
cfi=(244)
cfn=(1742) unsigned long* std::__addressof<unsigned long>(unsigned long&)
calls=2 51 
* 14
* 12
cfi=(239)
cfn=(1718) std::_Bit_iterator::_Bit_iterator(unsigned long*, unsigned int)
calls=2 316 
* 62
+1 10
cfi=(239)
cfn=(1704) std::_Bit_const_iterator::_Bit_const_iterator(std::_Bit_iterator const&)
calls=2 430 
* 64
* 6
cfi=(239)
cfn=(1744) std::vector<bool, std::allocator<bool> >::begin()
calls=2 995 
* 114
* 14
cfi=(239)
cfn=(1704)
calls=2 430 
* 64
* 26
cfi=(239)
cfn=(1746) std::vector<bool, std::allocator<bool> >::_M_copy_aligned(std::_Bit_const_iterator, std::_Bit_const_iterator, std::_Bit_iterator)
calls=2 1339 
* 1226
* 6
+1 10
cfi=(239)
cfn=(1782) std::operator+(std::_Bit_iterator const&, long)
calls=2 389 
* 180
* 22
cfi=(242) /usr/include/c++/13/bits/stl_algobase.h
cfn=(1788) void std::fill<std::_Bit_iterator, bool>(std::_Bit_iterator, std::_Bit_iterator, bool const&)
calls=2 1000 
* 338
+1 10
cfi=(239)
cfn=(1782)
calls=2 389 
* 180
* 10
cfi=(239)
cfn=(1710) std::vector<bool, std::allocator<bool> >::end()
calls=2 1005 
* 26
* 26
cfi=(242)
cfn=(1800) std::_Bit_iterator std::copy<std::_Bit_iterator, std::_Bit_iterator>(std::_Bit_iterator, std::_Bit_iterator, std::_Bit_iterator)
calls=2 624 
* 682
* 4
+2 6
cfi=(239)
cfn=(1812) std::_Bvector_base<std::allocator<bool> >::_M_deallocate()
calls=2 693 
* 24
+1 6
cfi=(239)
cfn=(1736) std::_Bvector_base<std::allocator<bool> >::_S_nword(unsigned long)
calls=2 714 
* 18
* 10
+1 10
+1 12
+2 12

fn=(2116)
445 220
+10 100
cfi=(240)
cfn=(1860)
calls=20 1896 
* 5122
* 20
+1 60
+1 60
+1 60
cfi=(240)
cfn=(1872)
calls=20 873 
* 620
* 120
cfi=(247)
cfn=(1874)
calls=20 1334 
* 740
* 20
+1 100
cfi=(240)
cfn=(1878)
calls=20 -81 
* 4771
* 20
+1 40
+8 60
cfi=(244)
cfn=(2114)
calls=20 70 
* 140
* 20
+1 120
-1 120
fi=(243)
+70 60
cfi=(244)
cfn=(2114)
calls=20 70 
* 140
* 100
fi=(223)
191 80
cfi=(248)
cfn=(1888)
calls=20 -16 
* 160
* 80
cfi=(244)
cfn=(2114)
calls=20 70 
* 140
* 100
fi=(243)
542 20
fe=(241)
-67 20
+6 60
cfi=(240)
cfn=(1892)
calls=20 301 
* 140
* 20
-1 60
cfi=(247)
cfn=(1876)
calls=20 1162 
* 140
* 120
cfi=(240)
cfn=(1894)
calls=20 +24 
* 3642
* 20
+3 20
+3 60
cfi=(240)
cfn=(1892)
calls=20 301 
* 140
* 20
-1 60
cfi=(247)
cfn=(1876)
calls=20 1162 
* 140
* 120
cfi=(240)
cfn=(1894)
calls=20 +19 
* 1920
* 20
+34 20
+1 140
-1 80
cfi=(240)
cfn=(1902)
calls=20 386 
* 2942
+2 60
+1 60
+1 200
+1 140

fn=(2302) void std::vector<float, std::allocator<float> >::_M_realloc_insert<float const&>(__gnu_cxx::__normal_iterator<float*, std::vector<float, std::allocator<float> > >, float const&)
445 220
+10 100
cfi=(240)
cfn=(2304) std::vector<float, std::allocator<float> >::_M_check_len(unsigned long, char const*) const
calls=20 1896 
* 5042
* 20
+1 60
+1 60
+1 60
cfi=(240)
cfn=(2314) std::vector<float, std::allocator<float> >::begin()
calls=20 873 
* 620
* 120
cfi=(247)
cfn=(2316) __gnu_cxx::__normal_iterator<float*, std::vector<float, std::allocator<float> > >::difference_type __gnu_cxx::operator-<float*, std::vector<float, std::allocator<float> > >(__gnu_cxx::__normal_iterator<float*, std::vector<float, std::allocator<float> > > const&, __gnu_cxx::__normal_iterator<float*, std::vector<float, std::allocator<float> > > const&)
calls=20 1334 
* 720
* 20
+1 100
cfi=(240)
cfn=(2320) std::_Vector_base<float, std::allocator<float> >::_M_allocate(unsigned long)
calls=20 -81 
* 2782
* 20
+1 40
+8 60
cfi=(244)
cfn=(2326) float const& std::forward<float const&>(std::remove_reference<float const&>::type&)
calls=20 70 
* 140
+1 40
-1 120
fi=(243)
+70 60
cfi=(244)
cfn=(2326)
calls=20 70 
* 140
* 100
fi=(223)
191 80
cfi=(248)
cfn=(1888)
calls=20 -16 
* 160
* 80
cfi=(244)
cfn=(2326)
calls=20 70 
* 140
* 60
fi=(243)
542 20
fe=(241)
-67 20
+6 60
cfi=(240)
cfn=(2332) std::_Vector_base<float, std::allocator<float> >::_M_get_Tp_allocator()
calls=20 301 
* 140
* 20
-1 60
cfi=(247)
cfn=(2318) __gnu_cxx::__normal_iterator<float*, std::vector<float, std::allocator<float> > >::base() const
calls=20 1162 
* 140
* 120
cfi=(240)
cfn=(2334) std::vector<float, std::allocator<float> >::_S_relocate(float*, float*, float*, std::allocator<float>&)
calls=20 +24 
* 2576
* 20
+3 20
+3 60
cfi=(240)
cfn=(2332)
calls=20 301 
* 140
* 20
-1 60
cfi=(247)
cfn=(2318)
calls=20 1162 
* 140
* 120
cfi=(240)
cfn=(2334)
calls=20 +19 
* 1780
* 20
+34 20
+1 80
-1 80
cfi=(240)
cfn=(2342) std::_Vector_base<float, std::allocator<float> >::_M_deallocate(float*, unsigned long)
calls=20 386 
* 2454
+2 60
+1 60
+1 120
+1 140

fn=(2134) void std::vector<int, std::allocator<int> >::_M_realloc_insert<int const&>(__gnu_cxx::__normal_iterator<int*, std::vector<int, std::allocator<int> > >, int const&)
445 220
+10 100
cfi=(240)
cfn=(2136) std::vector<int, std::allocator<int> >::_M_check_len(unsigned long, char const*) const
calls=20 1896 
* 5042
* 20
+1 60
+1 60
+1 60
cfi=(240)
cfn=(2146) std::vector<int, std::allocator<int> >::begin()
calls=20 873 
* 620
* 120
cfi=(247)
cfn=(2148) __gnu_cxx::__normal_iterator<int*, std::vector<int, std::allocator<int> > >::difference_type __gnu_cxx::operator-<int*, std::vector<int, std::allocator<int> > >(__gnu_cxx::__normal_iterator<int*, std::vector<int, std::allocator<int> > > const&, __gnu_cxx::__normal_iterator<int*, std::vector<int, std::allocator<int> > > const&)
calls=20 1334 
* 720
* 20
+1 100
cfi=(240)
cfn=(2152) std::_Vector_base<int, std::allocator<int> >::_M_allocate(unsigned long)
calls=20 -81 
* 5215
* 20
+1 40
+8 60
cfi=(244)
cfn=(2158) int const& std::forward<int const&>(std::remove_reference<int const&>::type&)
calls=20 70 
* 140
+1 40
-1 120
fi=(243)
+70 60
cfi=(244)
cfn=(2158)
calls=20 70 
* 140
* 100
fi=(223)
191 80
cfi=(248)
cfn=(1888)
calls=20 -16 
* 160
* 80
cfi=(244)
cfn=(2158)
calls=20 70 
* 140
* 60
fi=(243)
542 20
fe=(241)
-67 20
+6 60
cfi=(240)
cfn=(2164) std::_Vector_base<int, std::allocator<int> >::_M_get_Tp_allocator()
calls=20 301 
* 140
* 20
-1 60
cfi=(247)
cfn=(2150) __gnu_cxx::__normal_iterator<int*, std::vector<int, std::allocator<int> > >::base() const
calls=20 1162 
* 140
* 120
cfi=(240)
cfn=(2166) std::vector<int, std::allocator<int> >::_S_relocate(int*, int*, int*, std::allocator<int>&)
calls=20 +24 
* 2576
* 20
+3 20
+3 60
cfi=(240)
cfn=(2164)
calls=20 301 
* 140
* 20
-1 60
cfi=(247)
cfn=(2150)
calls=20 1162 
* 140
* 120
cfi=(240)
cfn=(2166)
calls=20 +19 
* 1780
* 20
+34 20
+1 80
-1 80
cfi=(240)
cfn=(2174) std::_Vector_base<int, std::allocator<int> >::_M_deallocate(int*, unsigned long)
calls=20 386 
* 2454
+2 60
+1 60
+1 120
+1 140

fl=(218) /usr/include/c++/13/bits/basic_string.h
fn=(3416) std::__cxx11::basic_string<char, std::char_traits<char>, std::allocator<char> > std::operator+<char, std::char_traits<char>, std::allocator<char> >(std::__cxx11::basic_string<char, std::char_traits<char>, std::allocator<char> > const&, char const*)
3607 12
+7 5
cob=(4)
cfi=(175)
cfn=(3418)
calls=1 0 
* 5
* 3
cfi=(219) /usr/include/c++/13/bits/char_traits.h
cfn=(1344) std::char_traits<char>::length(char const*)
calls=1 393 
* 36
* 4
cob=(4)
cfi=(175)
cfn=(1382)
calls=1 0 
* 5
* 4
cob=(4)
cfi=(175)
cfn=(3422)
calls=1 0 
* 5
* 10
cfn=(3426) std::__cxx11::basic_string<char, std::char_traits<char>, std::allocator<char> > std::__str_concat<std::__cxx11::basic_string<char, std::char_traits<char>, std::allocator<char> > >(std::__cxx11::basic_string<char, std::char_traits<char>, std::allocator<char> >::value_type const*, std::__cxx11::basic_string<char, std::char_traits<char>, std::allocator<char> >::size_type, std::__cxx11::basic_string<char, std::char_traits<char>, std::allocator<char> >::value_type const*, std::__cxx11::basic_string<char, std::char_traits<char>, std::allocator<char> >::size_type, std::__cxx11::basic_string<char, std::char_traits<char>, std::allocator<char> >::allocator_type const&)
calls=1 -86 
* 207
fi=(222) /usr/include/c++/13/bits/allocator.h
184 3
cfi=(223)
cfn=(1370) std::__new_allocator<char>::~__new_allocator()
calls=1 -80 
* 7
* 1
fe=(218)
3614 1
+1 9

fn=(3444) std::__cxx11::basic_string<char, std::char_traits<char>, std::allocator<char> > std::operator+<char, std::char_traits<char>, std::allocator<char> >(std::__cxx11::basic_string<char, std::char_traits<char>, std::allocator<char> >&&, std::__cxx11::basic_string<char, std::char_traits<char>, std::allocator<char> > const&)
3637 7
+2 5
cob=(4)
cfi=(175)
cfn=(3446)
calls=1 0 
* 61
* 2
cfi=(244)
cfn=(3450) std::remove_reference<std::__cxx11::basic_string<char, std::char_traits<char>, std::allocator<char> >&>::type&& std::move<std::__cxx11::basic_string<char, std::char_traits<char>, std::allocator<char> >&>(std::__cxx11::basic_string<char, std::char_traits<char>, std::allocator<char> >&)
calls=1 97 
* 7
* 5
cob=(4)
cfi=(175)
cfn=(3452)
calls=1 0 
* 34
* 3

fn=(1334) std::__cxx11::basic_string<char, std::char_traits<char>, std::allocator<char> >::basic_string<std::allocator<char> >(char const*, std::allocator<char> const&)
641 112
+1 56
cob=(4)
cfi=(175)
cfn=(1336)
calls=14 0 
* 70
* 84
cob=(4)
cfi=(175)
cfn=(1340)
calls=14 0 
* 70
+3 28
+3 42
cfi=(219)
cfn=(1344)
calls=14 393 
* 504
* 42
+1 84
cfi=(221) /usr/include/c++/13/bits/basic_string.tcc
cfn=(1350) void std::__cxx11::basic_string<char, std::char_traits<char>, std::allocator<char> >::_M_construct<char const*>(char const*, char const*, std::forward_iterator_tag)
calls=14 221 
* 2671
+1 56

fn=(3426)
3528 26
fi=(223)
92 1
fi=(222)
+76 1
fi=(243)
588 1
fi=(272)
98 1
fe=(218)
3536 5
cob=(4)
cfi=(175)
cfn=(3428)
calls=1 0 
* 8
fi=(222)
184 3
cfi=(223)
cfn=(1370)
calls=1 -80 
* 7
* 1
fe=(218)
3537 7
cob=(4)
cfi=(175)
cfn=(3434)
calls=1 0 
* 24
+1 6
cob=(4)
cfi=(175)
cfn=(3438)
calls=1 0 
* 59
+1 6
cob=(4)
cfi=(175)
cfn=(3438)
calls=1 0 
* 43
+1 1
+1 7

fn=(1380) bool std::operator==<char, std::char_traits<char>, std::allocator<char> >(std::__cxx11::basic_string<char, std::char_traits<char>, std::allocator<char> > const&, char const*)
3727 133
+3 57
cob=(4)
cfi=(175)
cfn=(1382)
calls=19 0 
* 95
* 76
cfi=(219)
cfn=(1344)
calls=19 393 
* 684
+1 62
cob=(4)
cfi=(175)
cfn=(1382)
calls=8 0 
* 40
* 32
cob=(4)
cfi=(175)
cfn=(1386)
calls=8 0 
* 40
* 48
cfi=(219)
cfn=(1390) std::char_traits<char>::compare(char const*, char const*, unsigned long)
calls=8 374 
* 390
* 41
+1 57

fl=(237) /usr/include/c++/13/bits/ios_base.h
fn=(1606) std::operator|(std::_Ios_Openmode, std::_Ios_Openmode)
131 7209

fl=(226) /home/steph/projects/drone-logistics/src/../include/FileIO.hpp
fn=(2096) FileIO::load_scenario(std::__cxx11::basic_string<char, std::char_traits<char>, std::allocator<char> > const&, int)
51 12
+1 6
cob=(4)
cfi=(175)
cfn=(1436)
calls=1 -52 
* 1485
+1 3
cob=(4)
cfi=(175)
cfn=(1524)
calls=1 -53 
* 11
* 3
+2 3
cfi=(255) /home/steph/projects/drone-logistics/src/../include/types.hpp
cfn=(2098) MAPFInstance::MAPFInstance()
calls=1 -37 
* 231
+1 3
cob=(4)
cfi=(175)
cfn=(1528)
calls=1 -56 
* 8
+1 1
+1 1
+2 1
+1 1203
cob=(4)
cfi=(175)
cfn=(1430)
calls=401 -61 
* 2406
* 2406
cob=(4)
cfi=(175)
cfn=(1602)
calls=401 -61 
* 2406
* 2407
+2 1200
cfi=(237)
cfn=(1606)
calls=400 +68 
* 3600
* 2400
cob=(4)
cfi=(175)
cfn=(1608)
calls=400 -63 
* 378000
+2 400
+1 2000
cob=(4)
cfi=(175)
cfn=(1624)
calls=400 -66 
* 193600
* 2000
cob=(4)
cfi=(175)
cfn=(1624)
calls=400 -66 
* 198800
* 2000
cob=(4)
cfi=(175)
cfn=(1624)
calls=400 -66 
* 198800
* 2000
cob=(4)
cfi=(175)
cfn=(1624)
calls=400 -66 
* 182800
* 2000
cob=(4)
cfi=(175)
cfn=(1624)
calls=400 -66 
* 182800
* 2000
cob=(4)
cfi=(175)
cfn=(1624)
calls=400 -66 
* 182800
* 2000
cob=(4)
cfi=(175)
cfn=(1624)
calls=400 -66 
* 196000
* 2000
cob=(4)
cfi=(175)
cfn=(1624)
calls=400 -66 
* 184750
+2 4400
cfi=(240)
cfn=(2108) std::vector<Location, std::allocator<Location> >::push_back(Location&&)
calls=400 1298 
* 97819
+1 4800
cfi=(240)
cfn=(2108)
calls=400 1298 
* 98478
+1 2400
cfi=(240)
cfn=(2128) std::vector<int, std::allocator<int> >::push_back(int const&)
calls=400 1281 
* 39805
+1 2400
cfi=(240)
cfn=(2128)
calls=400 1281 
* 39662
+1 400
+1 1200
cob=(4)
cfi=(175)
cfn=(1814)
calls=400 -73 
* 88800
* 400
-12 1
-1 5
cob=(4)
cfi=(175)
cfn=(1532)
calls=1 -60 
* 232
* 2005
cob=(4)
cfi=(175)
cfn=(1532)
calls=401 -60 
* 93902
* 2412
cob=(4)
cfi=(175)
cfn=(1598)
calls=402 -60 
* 2412
* 3614
+14 1
+1 3
cob=(4)
cfi=(175)
cfn=(1426)
calls=1 -75 
* 100
* 3
cob=(4)
cfi=(175)
cfn=(2030)
calls=1 -75 
* 890
-1 1
+1 9

fn=(1434) FileIO::load_map(std::__cxx11::basic_string<char, std::char_traits<char>, std::allocator<char> > const&)
12 12
+1 6
cob=(4)
cfi=(175)
cfn=(1436)
calls=1 -13 
* 8689
+1 3
cob=(4)
cfi=(175)
cfn=(1524)
calls=1 -14 
* 11
* 3
+2 3
cob=(4)
cfi=(175)
cfn=(1528)
calls=1 -16 
* 8
+1 3
+1 1
+2 1
+2 1
+2 1212
cob=(4)
cfi=(175)
cfn=(1430)
calls=404 -24 
* 2424
* 2424
cob=(4)
cfi=(175)
cfn=(1602)
calls=404 -24 
* 2424
* 2427
+2 1203
cfi=(237)
cfn=(1606)
calls=401 131 
* 3609
* 2406
cob=(4)
cfi=(175)
cfn=(1608)
calls=401 -26 
* 348728
+1 1604
+1 5
cob=(4)
cfi=(175)
cfn=(1624)
calls=1 -28 
* 1750
* 5
cob=(4)
cfi=(175)
cfn=(1624)
calls=1 -28 
* 457
* 5
cob=(4)
cfi=(175)
cfn=(1624)
calls=1 -28 
* 493
+1 2
cob=(4)
cfi=(175)
cfn=(1668)
calls=1 -29 
* 210
* 8
cfi=(238) /home/steph/projects/drone-logistics/src/Environment.cpp
cfn=(1670) Environment::Environment(int, int, int)
calls=1 -26 
* 4170
* 1
+1 2
+4 2000
cob=(4)
cfi=(175)
cfn=(1836)
calls=400 -34 
* 36000
* 2000
cob=(4)
cfi=(175)
cfn=(1624)
calls=400 -34 
* 175900
* 2000
cob=(4)
cfi=(175)
cfn=(1624)
calls=400 -34 
* 175900
* 2000
cob=(4)
cfi=(175)
cfn=(1624)
calls=400 -34 
* 192800
+2 1200
+2 1200
+1 4400
cfi=(238)
cfn=(1850) Environment::add_pad(Location const&)
calls=400 -11 
* 48975
+3 1203
cob=(4)
cfi=(175)
cfn=(1814)
calls=401 -42 
* 54531
* 401
-18 3
-2 15
cob=(4)
cfi=(175)
cfn=(1532)
calls=3 -22 
* 700
* 2010
cob=(4)
cfi=(175)
cfn=(1532)
calls=402 -22 
* 103898
* 2430
cob=(4)
cfi=(175)
cfn=(1598)
calls=405 -22 
* 2430
* 810
+22 2
+2 5
cfi=(250) /home/steph/projects/drone-logistics/src/../include/Environment.hpp
cfn=(1940) Environment::Environment(Environment const&)
calls=1 -41 
* 3352
+1 5
cfi=(250)
cfn=(2000) Environment::~Environment()
calls=1 -42 
* 711
* 3
cob=(4)
cfi=(175)
cfn=(1908)
calls=1 -47 
* 95
+1 1
+1 3
cob=(4)
cfi=(175)
cfn=(1426)
calls=1 -49 
* 100
* 3
cob=(4)
cfi=(175)
cfn=(2030)
calls=1 -49 
* 6079
-1 1
+1 10

fl=(257) /home/steph/projects/drone-logistics/src/../include/solvers/../Timer.hpp
fn=(2202) Timer::Timer()
8 8
cfi=(258) /usr/include/c++/13/bits/chrono.h
cfn=(2204) std::chrono::time_point<std::chrono::_V2::system_clock, std::chrono::duration<long, std::ratio<1l, 1000000000l> > >::time_point()
calls=1 933 
* 51
+1 3
cfn=(2212) Timer::reset()
calls=1 +3 
* 870
+1 3

fn=(2866) Timer::elapsed_microseconds() const
16 8
+1 1
cob=(4)
cfi=(175)
cfn=(2214)
calls=1 -17 
* 31
* 1
+1 5
cfi=(258)
cfn=(2868) std::common_type<std::chrono::duration<long, std::ratio<1l, 1000000000l> >, std::chrono::duration<long, std::ratio<1l, 1000000000l> > >::type std::chrono::operator-<std::chrono::_V2::system_clock, std::chrono::duration<long, std::ratio<1l, 1000000000l> >, std::chrono::duration<long, std::ratio<1l, 1000000000l> > >(std::chrono::time_point<std::chrono::_V2::system_clock, std::chrono::duration<long, std::ratio<1l, 1000000000l> > > const&, std::chrono::time_point<std::chrono::_V2::system_clock, std::chrono::duration<long, std::ratio<1l, 1000000000l> > > const&)
calls=1 1141 
* 109
* 4
cfi=(258)
cfn=(2876) std::enable_if<std::chrono::__is_duration<std::chrono::duration<long, std::ratio<1l, 1000000l> > >::value, std::chrono::duration<long, std::ratio<1l, 1000000l> > >::type std::chrono::duration_cast<std::chrono::duration<long, std::ratio<1l, 1000000l> >, long, std::ratio<1l, 1000000000l> >(std::chrono::duration<long, std::ratio<1l, 1000000000l> > const&)
calls=1 273 
* 62
* 1
+1 3
cfi=(258)
cfn=(2882) std::chrono::duration<long, std::ratio<1l, 1000000l> >::count() const
calls=1 589 
* 8
* 2
+1 5

fn=(2212)
12 6
+1 2
cob=(4)
cfi=(175)
cfn=(2214)
calls=1 -13 
* 857
* 1
+1 4

fl=(270) /usr/include/c++/13/bits/stl_pair.h
fn=(3110) std::pair<std::__detail::_Node_iterator<std::pair<Location const, unsigned long>, false, true>, bool>::pair<std::__detail::_Node_iterator<std::pair<Location const, unsigned long>, false, true>&, bool, true>(std::__detail::_Node_iterator<std::pair<Location const, unsigned long>, false, true>&, bool&&)
687 611716
+1 262164
cfi=(244)
cfn=(3112) std::__detail::_Node_iterator<std::pair<Location const, unsigned long>, false, true>& std::forward<std::__detail::_Node_iterator<std::pair<Location const, unsigned long>, false, true>&>(std::remove_reference<std::__detail::_Node_iterator<std::pair<Location const, unsigned long>, false, true>&>::type&)
calls=87388 70 
* 611716
* 524328
cfi=(244)
cfn=(3114) bool&& std::forward<bool>(std::remove_reference<bool>::type&)
calls=87388 70 
* 611716
* 262164
+1 262164

fn=(2714) std::pair<Location*, long>::pair<Location*&, long&, true>(Location*&, long&)
687 608916
+1 260964
cfi=(244)
cfn=(2716) Location*& std::forward<Location*&>(std::remove_reference<Location*&>::type&)
calls=86988 70 
* 608916
* 521928
cfi=(244)
cfn=(2718) long& std::forward<long&>(std::remove_reference<long&>::type&)
calls=86988 70 
* 608916
* 260964
+1 260964

fn=(3128) bool&& std::__pair_get<1ul>::__move_get<std::__detail::_Node_iterator<std::pair<Location const, unsigned long>, false, true>, bool>(std::pair<std::__detail::_Node_iterator<std::pair<Location const, unsigned long>, false, true>, bool>&&)
1014 436940
+1 349552
cfi=(244)
cfn=(3114)
calls=87388 70 
* 611716
* 174776

fn=(2990) std::pair<Location const, unsigned long>::pair<Location const&, unsigned long&, true>(Location const&, unsigned long&)
687 611716
+1 262164
cfi=(244)
cfn=(1884)
calls=87388 70 
* 611716
* 699104
cfi=(244)
cfn=(2992) unsigned long& std::forward<unsigned long&>(std::remove_reference<unsigned long&>::type&)
calls=87388 70 
* 611716
* 262164
+1 262164

fn=(3122) std::__detail::_Node_iterator<std::pair<Location const, unsigned long>, false, true>&& std::__pair_get<0ul>::__move_get<std::__detail::_Node_iterator<std::pair<Location const, unsigned long>, false, true>, bool>(std::pair<std::__detail::_Node_iterator<std::pair<Location const, unsigned long>, false, true>, bool>&&)
990 436940
+1 262164
cfi=(244)
cfn=(3124) std::__detail::_Node_iterator<std::pair<Location const, unsigned long>, false, true>&& std::forward<std::__detail::_Node_iterator<std::pair<Location const, unsigned long>, false, true> >(std::remove_reference<std::__detail::_Node_iterator<std::pair<Location const, unsigned long>, false, true> >::type&)
calls=87388 70 
* 611716
* 174776

fn=(3118) std::tuple_element<0ul, std::pair<std::__detail::_Node_iterator<std::pair<Location const, unsigned long>, false, true>, bool> >::type&& std::get<0ul, std::__detail::_Node_iterator<std::pair<Location const, unsigned long>, false, true>, bool>(std::pair<std::__detail::_Node_iterator<std::pair<Location const, unsigned long>, false, true>, bool>&&)
1040 436940
+1 262164
cfi=(244)
cfn=(3120) std::remove_reference<std::pair<std::__detail::_Node_iterator<std::pair<Location const, unsigned long>, false, true>, bool>&>::type&& std::move<std::pair<std::__detail::_Node_iterator<std::pair<Location const, unsigned long>, false, true>, bool>&>(std::pair<std::__detail::_Node_iterator<std::pair<Location const, unsigned long>, false, true>, bool>&)
calls=87388 97 
* 611716
* 174776
cfn=(3122)
calls=87388 -51 
* 1485596
* 174776

fn=(3126) std::tuple_element<1ul, std::pair<std::__detail::_Node_iterator<std::pair<Location const, unsigned long>, false, true>, bool> >::type&& std::get<1ul, std::__detail::_Node_iterator<std::pair<Location const, unsigned long>, false, true>, bool>(std::pair<std::__detail::_Node_iterator<std::pair<Location const, unsigned long>, false, true>, bool>&&)
1040 436940
+1 262164
cfi=(244)
cfn=(3120)
calls=87388 97 
* 611716
* 174776
cfn=(3128)
calls=87388 -27 
* 1572984
* 174776

fl=(248)
fn=(1888)
175 12074656

fl=(217)
fn=(1332)
36 14
fi=(223)
+52 1
fi=(222)
+75 1
fe=(217)
37 6
cfi=(218)
cfn=(1334)
calls=1 641 
* 183
fi=(222)
184 3
cfi=(223)
cfn=(1370)
calls=1 -80 
* 7
* 3
fi=(223)
-96 1
fi=(222)
+75 1
fe=(217)
38 6
cfi=(218)
cfn=(1334)
calls=1 641 
* 183
fi=(222)
184 3
cfi=(223)
cfn=(1370)
calls=1 -80 
* 7
* 3
fi=(223)
-96 1
fi=(222)
+75 1
fe=(217)
39 6
cfi=(218)
cfn=(1334)
calls=1 641 
* 183
fi=(222)
184 3
cfi=(223)
cfn=(1370)
calls=1 -80 
* 7
* 3
fi=(223)
-96 1
fi=(222)
+75 1
fe=(217)
41 6
cfi=(218)
cfn=(1334)
calls=1 641 
* 1216
fi=(222)
184 3
cfi=(223)
cfn=(1370)
calls=1 -80 
* 7
* 3
fi=(223)
-96 1
fi=(222)
+75 1
fe=(217)
42 6
cfi=(218)
cfn=(1334)
calls=1 641 
* 200
fi=(222)
184 3
cfi=(223)
cfn=(1370)
calls=1 -80 
* 7
* 1
fe=(217)
43 1
+2 12
fi=(223)
+43 5
fi=(222)
+75 5
fe=(217)
47 55
cfi=(218)
cfn=(1334)
calls=5 641 
* 1006
fi=(222)
184 15
cfi=(223)
cfn=(1370)
calls=5 -80 
* 35
* 5
fe=(217)
48 25
cfi=(218)
cfn=(1380)
calls=5 3727 
* 455
* 30
+1 11
cob=(4)
cfi=(175)
cfn=(1394)
calls=1 -49 
* 4874
* 1
+1 20
cfi=(218)
cfn=(1380)
calls=4 3727 
* 318
* 25
+1 11
cob=(4)
cfi=(175)
cfn=(1394)
calls=1 -51 
* 390
* 1
+1 15
cfi=(218)
cfn=(1380)
calls=3 3727 
* 183
* 15
+2 15
cfi=(218)
cfn=(1380)
calls=3 3727 
* 257
* 20
+1 11
cob=(4)
cfi=(175)
cfn=(1394)
calls=1 -55 
* 390
* 1
+1 10
cfi=(218)
cfn=(1380)
calls=2 3727 
* 272
* 15
+1 11
cob=(4)
cfi=(175)
cfn=(1394)
calls=1 -57 
* 112
* 1
+1 5
cfi=(218)
cfn=(1380)
calls=1 3727 
* 135
* 10
+1 11
cob=(4)
cfi=(175)
cfn=(1394)
calls=1 -59 
* 112
+1 15
cob=(4)
cfi=(175)
cfn=(1426)
calls=5 -60 
* 40
-15 23
+17 3
cob=(4)
cfi=(175)
cfn=(1430)
calls=1 -62 
* 6
* 5
cob=(4)
cfi=(175)
cfn=(1430)
calls=1 -62 
* 6
* 5
+9 5
cfi=(226)
cfn=(1434)
calls=1 -59 
* 1207486
+1 6
cfi=(226)
cfn=(2096)
calls=1 -21 
* 2420700
+2 3
cfi=(240)
cfn=(1870)
calls=1 992 
* 14
* 1
+4 3
cfi=(255)
cfn=(2188) SearchMetrics::SearchMetrics()
calls=1 -52 
* 83
+6 5
cfi=(218)
cfn=(1380)
calls=1 3727 
* 135
* 2
+1 3
cfi=(256) /home/steph/projects/drone-logistics/src/../include/solvers/PIBT.hpp
cfn=(2198) PIBT::PIBT()
calls=1 -74 
* 190
+1 11
cfi=(256)
cfn=(2200) bool PIBT::solve<ManhattanExpander, ManhattanHeuristic, SafePlanner>(Environment const&, MAPFInstance&, ManhattanExpander const&, ManhattanHeuristic const&, SafePlanner&, SearchMetrics&)
calls=1 -9 
* 2248620031
* 1
+1 3
cfi=(256)
cfn=(2914) PIBT::~PIBT()
calls=1 -76 
* 152537
* 1
+46 7
cfi=(240)
cfn=(2934) std::vector<std::vector<Location, std::allocator<Location> >, std::allocator<std::vector<Location, std::allocator<Location> > > >::empty() const
calls=1 1088 
* 123
* 7
+1 9
cfi=(273) /home/steph/projects/drone-logistics/src/../include/test/SolutionValidator.hpp
cfn=(2938) SolutionValidator::ValidationResult SolutionValidator::validate<ManhattanExpander>(Environment const&, std::vector<std::vector<Location, std::allocator<Location> >, std::allocator<std::vector<Location, std::allocator<Location> > > > const&, ManhattanExpander const&)
calls=1 18 
* 1111690957
+1 4
+5 5
cob=(4)
cfi=(175)
cfn=(3270)
calls=1 0 
* 14808
+2 3
cfi=(273)
cfn=(2966) SolutionValidator::ValidationResult::~ValidationResult()
calls=1 12 
* 112
+2 3
cob=(4)
cfi=(175)
cfn=(1430)
calls=1 0 
* 6
* 3
+2 6
cfi=(284)
cfn=(3312)
calls=1 10 
* 229291487
+4 6
cfi=(218)
cfn=(3416)
calls=1 3607 
* 317
* 6
cfi=(218)
cfn=(3444)
calls=1 3637 
* 124
* 3
cob=(4)
cfi=(175)
cfn=(1426)
calls=1 0 
* 8
+4 5
cob=(4)
cfi=(175)
cfn=(3456)
calls=1 0 
* 231
* 5
cob=(4)
cfi=(175)
cfn=(3270)
calls=1 0 
* 268
* 5
cob=(4)
cfi=(175)
cfn=(3456)
calls=1 0 
* 231
* 5
cob=(4)
cfi=(175)
cfn=(3270)
calls=1 0 
* 268
* 5
cob=(4)
cfi=(175)
cfn=(3456)
calls=1 0 
* 233
* 5
cob=(4)
cfi=(175)
cfn=(3270)
calls=1 0 
* 268
* 1
+1 4
cob=(4)
cfi=(175)
cfn=(3358)
calls=1 0 
* 442
* 5
cob=(4)
cfi=(175)
cfn=(3270)
calls=1 0 
* 268
* 1
+1 5
cob=(4)
cfi=(175)
cfn=(3464)
calls=1 0 
* 1171
* 5
cob=(4)
cfi=(175)
cfn=(3270)
calls=1 0 
* 268
* 1
+1 4
cob=(4)
cfi=(175)
cfn=(3358)
calls=1 0 
* 428
* 5
cob=(4)
cfi=(175)
cfn=(3270)
calls=1 0 
* 268
* 1
+1 4
cob=(4)
cfi=(175)
cfn=(3358)
calls=1 0 
* 453
* 5
cob=(4)
cfi=(175)
cfn=(3270)
calls=1 0 
* 268
* 1
+1 4
cob=(4)
cfi=(175)
cfn=(3476)
calls=1 0 
* 6556
* 5
cob=(4)
cfi=(175)
cfn=(3270)
calls=1 0 
* 268
* 1
+1 4
cob=(4)
cfi=(175)
cfn=(3358)
calls=1 0 
* 401
* 5
cob=(4)
cfi=(175)
cfn=(3270)
calls=1 0 
* 268
* 1
+1 4
cob=(4)
cfi=(175)
cfn=(3358)
calls=1 0 
* 401
* 5
cob=(4)
cfi=(175)
cfn=(3270)
calls=1 0 
* 268
* 1
+1 4
cob=(4)
cfi=(175)
cfn=(3358)
calls=1 0 
* 401
* 5
cob=(4)
cfi=(175)
cfn=(3270)
calls=1 0 
* 268
* 1
+1 4
cob=(4)
cfi=(175)
cfn=(3358)
calls=1 0 
* 401
* 5
cob=(4)
cfi=(175)
cfn=(3270)
calls=1 0 
* 268
+1 3
cob=(4)
cfi=(175)
cfn=(1426)
calls=1 0 
* 8
* 3
cfi=(255)
cfn=(3564) SearchMetrics::~SearchMetrics()
calls=1 26 
* 152474
* 3
cfi=(255)
cfn=(3566) MAPFInstance::~MAPFInstance()
calls=1 18 
* 1367
* 3
cfi=(250)
cfn=(2000)
calls=1 5 
* 696
+7 1
+1 3
cob=(4)
cfi=(175)
cfn=(1426)
calls=1 0 
* 8
* 3
cob=(4)
cfi=(175)
cfn=(1426)
calls=1 0 
* 8
* 3
cob=(4)
cfi=(175)
cfn=(1426)
calls=1 0 
* 119
* 3
cob=(4)
cfi=(175)
cfn=(1426)
calls=1 0 
* 121
* 3
cob=(4)
cfi=(175)
cfn=(1426)
calls=1 0 
* 121
* 10

fl=(278) /usr/include/c++/13/ext/aligned_buffer.h
fn=(3024) __gnu_cxx::__aligned_buffer<std::pair<Location const, unsigned long> >::_M_addr()
104 2109996
+2 527499
+1 1054998

fn=(3150) __gnu_cxx::__aligned_buffer<std::pair<Location const, unsigned long> >::_M_ptr() const
120 2700720
+1 1620432
cfn=(3152) __gnu_cxx::__aligned_buffer<std::pair<Location const, unsigned long> >::_M_addr() const
calls=540144 -11 
* 3781008
* 1080288

fn=(3152)
110 2160576
+2 540144
+1 1080288

fn=(3022) __gnu_cxx::__aligned_buffer<std::pair<Location const, unsigned long> >::_M_ptr()
116 2637495
+1 1582497
cfn=(3024)
calls=527499 -13 
* 3692493
* 1054998

fl=(221)
fn=(1352) std::__cxx11::basic_string<char, std::char_traits<char>, std::allocator<char> >::_M_construct<char const*>(char const*, char const*, std::forward_iterator_tag)::_Guard::_Guard(std::__cxx11::basic_string<char, std::char_traits<char>, std::allocator<char> >*)
239 154

fn=(1350)
221 196
fi=(333) /usr/include/c++/13/bits/stl_iterator_base_types.h
+19 14
fi=(334) /usr/include/c++/13/bits/stl_iterator_base_funcs.h
-89 56
-45 28
+46 14
fe=(221)
+73 14
+2 42
+2 6
cob=(4)
cfi=(175)
cfn=(3258)
calls=1 0 
* 79
* 5
cob=(4)
cfi=(175)
cfn=(3260)
calls=1 0 
* 5
+1 5
cob=(4)
cfi=(175)
cfn=(3264)
calls=1 0 
* 5
* 27
fi=(218)
355 13
fe=(221)
245 65
cfn=(1352)
calls=13 -6 
* 143
* 5
cfn=(1352)
calls=1 -6 
* 11
+2 42
cob=(4)
cfi=(175)
cfn=(1354)
calls=14 0 
* 70
* 84
cob=(4)
cfi=(175)
cfn=(1358)
calls=14 0 
* 1280
+2 14
+2 70
cob=(4)
cfi=(175)
cfn=(1362)
calls=14 0 
* 98
+1 42
cfn=(1366) std::__cxx11::basic_string<char, std::char_traits<char>, std::allocator<char> >::_M_construct<char const*>(char const*, char const*, std::forward_iterator_tag)::_Guard::~_Guard()
calls=14 -10 
* 168
* 70

fn=(1366)
242 168

fl=(280) /usr/include/c++/13/bits/stl_function.h
fn=(3158) std::equal_to<Location>::operator()(Location const&, Location const&) const
377 3781008
+1 2700720
cfi=(255)
cfn=(2490) Location::operator==(Location const&) const
calls=540144 7 
* 7899549
* 1080288

fl=(264) /usr/include/c++/13/tuple
fn=(3214) std::_Tuple_impl<0ul, Location const&>::_Tuple_impl(Location const&)
507 521928
+1 434940
cfn=(3216) std::_Head_base<0ul, Location const&, false>::_Head_base(Location const&)
calls=86988 193 
* 956868
+1 260964

fn=(2510) std::_Tuple_impl<0ul, Location, int>::_M_head(std::_Tuple_impl<0ul, Location, int>&)
269 3600
cfn=(2512) std::_Head_base<0ul, Location, false>::_M_head(std::_Head_base<0ul, Location, false>&)
calls=400 -35 
* 2800
* 800

fn=(3234) std::_Tuple_impl<0ul, Location const&>::_Tuple_impl(std::_Tuple_impl<0ul, Location const&>&&)
527 434940
+2 347952
+1 260964

fn=(3238) std::pair<Location const, unsigned long>::pair<Location const&, 0ul>(std::tuple<Location const&>&, std::tuple<>&, std::_Index_tuple<0ul>, std::_Index_tuple<>)
2264 608916
+3 260964
cfn=(3240) std::tuple_element<0ul, std::tuple<Location const&> >::type& std::get<0ul, Location const&>(std::tuple<Location const&>&)
calls=86988 1803 
* 3305544
* 173976
cfi=(244)
cfn=(1884)
calls=86988 70 
* 608916
* 434940
+1 173976
+1 260964

fn=(3240)
1803 434940
+1 260964
cfn=(3242) Location const& std::__get_helper<0ul, Location const&>(std::_Tuple_impl<0ul, Location const&>&)
calls=86988 -17 
* 2435664
* 173976

fn=(3246) std::_Head_base<0ul, Location const&, false>::_M_head(std::_Head_base<0ul, Location const&, false>&)
234 695904

fn=(2514) std::tuple_element<1ul, std::tuple<Location, int> >::type&& std::get<1ul, Location, int>(std::tuple<Location, int>&&)
1815 2000
+3 1200
cfn=(2516) int& std::__get_helper<1ul, int>(std::_Tuple_impl<1ul, int>&)
calls=400 -31 
* 10800
* 800
cfi=(244)
cfn=(2522) int&& std::forward<int>(std::remove_reference<int>::type&)
calls=400 70 
* 2800
+1 800

fn=(3236) std::pair<Location const, unsigned long>::pair<Location const&>(std::piecewise_construct_t, std::tuple<Location const&>, std::tuple<>)
2252 521928
+5 521928
cfn=(3238)
calls=86988 +7 
* 5828196
+1 260964

fn=(3242)
1787 434940
+1 260964
cfn=(3244) std::_Tuple_impl<0ul, Location const&>::_M_head(std::_Tuple_impl<0ul, Location const&>&)
calls=86988 497 
* 1565784
* 173976

fn=(2500) std::_Tuple_impl<1ul, int>::_Tuple_impl<int&>(int&)
513 2800
+1 1600
cfi=(244)
cfn=(2496) int& std::forward<int&>(std::remove_reference<int&>::type&)
calls=400 70 
* 2800
* 1200
cfn=(2502) std::_Head_base<1ul, int, false>::_Head_base<int&>(int&)
calls=400 200 
* 8800
+1 1600

fn=(2502)
200 2400
+1 1200
cfi=(244)
cfn=(2496)
calls=400 70 
* 2800
* 2400

fn=(2506) std::tuple_element<0ul, std::tuple<Location, int> >::type&& std::get<0ul, Location, int>(std::tuple<Location, int>&&)
1815 2000
+3 1200
cfn=(2508) Location& std::__get_helper<0ul, Location, int>(std::_Tuple_impl<0ul, Location, int>&)
calls=400 -31 
* 11200
* 800
cfi=(244)
cfn=(2114)
calls=400 70 
* 2800
+1 800

fn=(2516)
1787 2000
+1 1200
cfn=(2518) std::_Tuple_impl<1ul, int>::_M_head(std::_Tuple_impl<1ul, int>&)
calls=400 497 
* 6800
* 800

fn=(2508)
1787 2000
+1 1200
cfn=(2510)
calls=400 269 
* 7200
* 800

fn=(2512)
234 2800

fn=(2520) std::_Head_base<1ul, int, false>::_M_head(std::_Head_base<1ul, int, false>&)
234 2800

fn=(3216)
193 434940
+1 521928

fn=(2498) std::_Tuple_impl<0ul, Location, int>::_Tuple_impl<Location const&, int&, void>(Location const&, int&)
291 3200
+2 1600
cfi=(244)
cfn=(2496)
calls=400 70 
* 2800
* 1200
cfn=(2500)
calls=400 513 
* 18800
* 2000
cfi=(244)
cfn=(1884)
calls=400 70 
* 2800
* 1200
cfn=(2504) std::_Head_base<0ul, Location, false>::_Head_base(Location const&)
calls=400 193 
* 5600
+1 1600

fn=(2504)
193 2000
+1 3600

fn=(2518)
497 3200
cfn=(2520)
calls=400 234 
* 2800
* 800

fn=(3232) std::tuple<Location const&>::tuple(std::tuple<Location const&>&&)
903 956868
cfn=(3234)
calls=86988 527 
* 1043856
* 260964

fn=(2494) std::tuple<Location, int>::tuple<Location const&, int&, true>(Location const&, int&)
1345 3600
+2 1600
cfi=(244)
cfn=(2496)
calls=400 70 
* 2800
* 1600
cfi=(244)
cfn=(1884)
calls=400 70 
* 2800
* 1600
cfn=(2498)
calls=400 291 
* 40800
* 2400

fn=(3212) std::tuple<Location const&>::tuple<true, true>(Location const&)
874 521928
+2 434940
cfn=(3214)
calls=86988 507 
* 2174700
* 260964

fn=(3244)
497 695904
cfn=(3246)
calls=86988 234 
* 695904
* 173976

fl=(211)
fn=(1314)
0 12

fn=(3582)
0 9
cob=(4)
cfi=(175)
cfn=(3588)
calls=1 0 
0 134
0 1
cfn=(3598) 0x00000000000039d0
calls=1 0 
0 5
0 3

fn=(3598)
0 5

fn=(1306)
0 12
cob=(2)
cfi=(212)
cfn=(1308)
calls=1 242 
0 3593591146

fl=(247)
fn=(2318)
1162 320
+1 240

fn=(2484) __gnu_cxx::__normal_iterator<std::vector<Location, std::allocator<Location> > const*, std::vector<std::vector<Location, std::allocator<Location> >, std::allocator<std::vector<Location, std::allocator<Location> > > > >::base() const
1162 36447216
+1 27335412

fn=(2612) __gnu_cxx::__normal_iterator<unsigned long*, std::vector<unsigned long, std::allocator<unsigned long> > >::operator+(long) const
1147 1296198
+1 1584242
cfn=(2576) __gnu_cxx::__normal_iterator<unsigned long*, std::vector<unsigned long, std::allocator<unsigned long> > >::__normal_iterator(unsigned long* const&)
calls=144022 -72 
* 1728264
* 864132

fn=(2892) __gnu_cxx::__normal_iterator<std::vector<Location, std::allocator<Location> >*, std::vector<std::vector<Location, std::allocator<Location> >, std::allocator<std::vector<Location, std::allocator<Location> > > > >::base() const
1162 6416
+1 4812

fn=(2896) __gnu_cxx::__normal_iterator<std::vector<Location, std::allocator<Location> >*, std::vector<std::vector<Location, std::allocator<Location> >, std::allocator<std::vector<Location, std::allocator<Location> > > > >::operator++()
1109 3200
+2 4000
+1 800
+1 1600

fn=(2124) __gnu_cxx::__normal_iterator<Location*, std::vector<Location, std::allocator<Location> > >::operator-(long) const
1157 10800
+1 18000
cfn=(1856) __gnu_cxx::__normal_iterator<Location*, std::vector<Location, std::allocator<Location> > >::__normal_iterator(Location* const&)
calls=1200 -82 
* 14400
* 7200

fn=(2316)
1334 140
+3 60
cfn=(2318)
calls=20 1162 
* 140
* 80
cfn=(2318)
calls=20 1162 
* 140
* 160

fn=(2370) std::move_iterator<Location*> std::__make_move_if_noexcept_iterator<Location, std::move_iterator<Location*> >(Location*)
1832 4800
+1 3000
cfn=(2372) std::move_iterator<Location*>::move_iterator(Location*)
calls=600 1519 
* 13200
* 3600

fn=(2586) __gnu_cxx::__normal_iterator<unsigned long*, std::vector<unsigned long, std::allocator<unsigned long> > >::operator*() const
1099 18934792
+1 18934792

fn=(2886) __gnu_cxx::__normal_iterator<std::vector<Location, std::allocator<Location> >*, std::vector<std::vector<Location, std::allocator<Location> >, std::allocator<std::vector<Location, std::allocator<Location> > > > >::__normal_iterator(std::vector<Location, std::allocator<Location> >* const&)
1076 20
+1 28

fn=(2890) bool __gnu_cxx::operator!=<std::vector<Location, std::allocator<Location> >*, std::vector<std::vector<Location, std::allocator<Location> >, std::allocator<std::vector<Location, std::allocator<Location> > > > >(__gnu_cxx::__normal_iterator<std::vector<Location, std::allocator<Location> >*, std::vector<std::vector<Location, std::allocator<Location> >, std::allocator<std::vector<Location, std::allocator<Location> > > > > const&, __gnu_cxx::__normal_iterator<std::vector<Location, std::allocator<Location> >*, std::vector<std::vector<Location, std::allocator<Location> >, std::allocator<std::vector<Location, std::allocator<Location> > > > > const&)
1241 5614
+3 2406
cfn=(2892)
calls=802 -82 
* 5614
* 3208
cfn=(2892)
calls=802 -82 
* 5614
* 4812

fn=(2962) bool __gnu_cxx::operator==<Location*, std::vector<Location, std::allocator<Location> > >(__gnu_cxx::__normal_iterator<Location*, std::vector<Location, std::allocator<Location> > > const&, __gnu_cxx::__normal_iterator<Location*, std::vector<Location, std::allocator<Location> > > const&)
1225 608916
+3 260964
cfn=(1876)
calls=86988 -66 
* 608916
* 347952
cfn=(1876)
calls=86988 -66 
* 608916
* 521928

fn=(2132) __gnu_cxx::__normal_iterator<int*, std::vector<int, std::allocator<int> > >::__normal_iterator(int* const&)
1076 200
+1 280

fn=(2384) decltype (__miter_base(({parm#1}.base)())) std::__miter_base<Location*>(std::move_iterator<Location*>)
2968 3000
+2 1800
cfn=(2386) std::move_iterator<Location*>::base() const
calls=600 1545 
* 4800
* 1200
cfi=(245)
cfn=(2388)
calls=600 607 
* 4200
* 1200

fn=(2486) __gnu_cxx::__normal_iterator<std::vector<Location, std::allocator<Location> > const*, std::vector<std::vector<Location, std::allocator<Location> >, std::allocator<std::vector<Location, std::allocator<Location> > > > >::operator*() const
1099 18221984
+1 18221984

fn=(2894) __gnu_cxx::__normal_iterator<std::vector<Location, std::allocator<Location> >*, std::vector<std::vector<Location, std::allocator<Location> >, std::allocator<std::vector<Location, std::allocator<Location> > > > >::operator*() const
1099 3200
+1 3200

fn=(2946) bool __gnu_cxx::operator==<Location const*, std::vector<Location, std::allocator<Location> > >(__gnu_cxx::__normal_iterator<Location const*, std::vector<Location, std::allocator<Location> > > const&, __gnu_cxx::__normal_iterator<Location const*, std::vector<Location, std::allocator<Location> > > const&)
1225 2800
+3 1200
cfn=(1990) __gnu_cxx::__normal_iterator<Location const*, std::vector<Location, std::allocator<Location> > >::base() const
calls=400 -66 
* 2800
* 1600
cfn=(1990)
calls=400 -66 
* 2800
* 2400

fn=(1972) __gnu_cxx::__normal_iterator<Location const*, std::vector<Location, std::allocator<Location> > >::__normal_iterator(Location const* const&)
1076 14010
+1 19614

fn=(1988) Location const* std::__niter_base<Location const*, std::vector<Location, std::allocator<Location> > >(__gnu_cxx::__normal_iterator<Location const*, std::vector<Location, std::allocator<Location> > >)
1357 4010
+2 2406
cfn=(1990)
calls=802 1162 
* 5614
* 2406

fn=(2126) __gnu_cxx::__normal_iterator<Location*, std::vector<Location, std::allocator<Location> > >::operator*() const
1099 2584576
+1 2584576

fn=(2280) __gnu_cxx::__normal_iterator<Location const*, std::vector<Location, std::allocator<Location> > >::__normal_iterator<Location*, void>(__gnu_cxx::__normal_iterator<Location*, std::vector<Location, std::allocator<Location> > > const&)
1083 2400
+11 1200
cfn=(1876)
calls=400 +68 
* 2800
* 2400

fn=(2638) bool __gnu_cxx::operator==<unsigned long*, std::vector<unsigned long, std::allocator<unsigned long> > >(__gnu_cxx::__normal_iterator<unsigned long*, std::vector<unsigned long, std::allocator<unsigned long> > > const&, __gnu_cxx::__normal_iterator<unsigned long*, std::vector<unsigned long, std::allocator<unsigned long> > > const&)
1225 2926
+3 1254
cfn=(2584) __gnu_cxx::__normal_iterator<unsigned long*, std::vector<unsigned long, std::allocator<unsigned long> > >::base() const
calls=418 -66 
* 2926
* 1672
cfn=(2584)
calls=418 -66 
* 2926
* 2508

fn=(2936) bool __gnu_cxx::operator==<std::vector<Location, std::allocator<Location> > const*, std::vector<std::vector<Location, std::allocator<Location> >, std::allocator<std::vector<Location, std::allocator<Location> > > > >(__gnu_cxx::__normal_iterator<std::vector<Location, std::allocator<Location> > const*, std::vector<std::vector<Location, std::allocator<Location> >, std::allocator<std::vector<Location, std::allocator<Location> > > > > const&, __gnu_cxx::__normal_iterator<std::vector<Location, std::allocator<Location> > const*, std::vector<std::vector<Location, std::allocator<Location> >, std::allocator<std::vector<Location, std::allocator<Location> > > > > const&)
1225 21
+3 9
cfn=(2484)
calls=3 -66 
* 21
* 12
cfn=(2484)
calls=3 -66 
* 21
* 18

fn=(2472) bool __gnu_cxx::operator!=<Location const*, std::vector<Location, std::allocator<Location> > >(__gnu_cxx::__normal_iterator<Location const*, std::vector<Location, std::allocator<Location> > > const&, __gnu_cxx::__normal_iterator<Location const*, std::vector<Location, std::allocator<Location> > > const&)
1241 264488
+3 113352
cfn=(1990)
calls=37784 -82 
* 264488
* 151136
cfn=(1990)
calls=37784 -82 
* 264488
* 226704

fn=(2692) __gnu_cxx::__normal_iterator<Location*, std::vector<Location, std::allocator<Location> > >::operator++()
1109 2231824
+2 2789780
+1 557956
+1 1115912

fn=(1876)
1162 17555032
+1 13166274

fn=(2474) __gnu_cxx::__normal_iterator<Location const*, std::vector<Location, std::allocator<Location> > >::operator*() const
1099 151136
+1 151136

fn=(2492) __gnu_cxx::__normal_iterator<std::vector<Location, std::allocator<Location> > const*, std::vector<std::vector<Location, std::allocator<Location> >, std::allocator<std::vector<Location, std::allocator<Location> > > > >::operator++()
1109 18072448
+2 22590560
+1 4518112
+1 9036224

fn=(2614) __gnu_cxx::__normal_iterator<unsigned long*, std::vector<unsigned long, std::allocator<unsigned long> > >::operator-(long) const
1157 152073
+1 202764
cfn=(2576)
calls=16897 -82 
* 202764
* 101382

fn=(2646) unsigned long* std::__niter_base<unsigned long*, std::vector<unsigned long, std::allocator<unsigned long> > >(__gnu_cxx::__normal_iterator<unsigned long*, std::vector<unsigned long, std::allocator<unsigned long> > >)
1357 16380
+2 9828
cfn=(2584)
calls=3276 1162 
* 22932
* 9828

fn=(2300) __gnu_cxx::__normal_iterator<float*, std::vector<float, std::allocator<float> > >::__normal_iterator(float* const&)
1076 200
+1 280

fn=(2372)
1519 3600
+1 1800
cfi=(244)
cfn=(2374) std::remove_reference<Location*&>::type&& std::move<Location*&>(Location*&)
calls=600 97 
* 4200
* 3600

fn=(2478) __gnu_cxx::__normal_iterator<std::vector<Location, std::allocator<Location> > const*, std::vector<std::vector<Location, std::allocator<Location> >, std::allocator<std::vector<Location, std::allocator<Location> > > > >::__normal_iterator(std::vector<Location, std::allocator<Location> > const* const&)
1076 377900
+1 529060

fn=(2482) bool __gnu_cxx::operator!=<std::vector<Location, std::allocator<Location> > const*, std::vector<std::vector<Location, std::allocator<Location> >, std::allocator<std::vector<Location, std::allocator<Location> > > > >(__gnu_cxx::__normal_iterator<std::vector<Location, std::allocator<Location> > const*, std::vector<std::vector<Location, std::allocator<Location> >, std::allocator<std::vector<Location, std::allocator<Location> > > > > const&, __gnu_cxx::__normal_iterator<std::vector<Location, std::allocator<Location> > const*, std::vector<std::vector<Location, std::allocator<Location> >, std::allocator<std::vector<Location, std::allocator<Location> > > > > const&)
1241 31891293
+3 13667697
cfn=(2484)
calls=4555899 -82 
* 31891293
* 18223596
cfn=(2484)
calls=4555899 -82 
* 31891293
* 27335394

fn=(2576)
1076 817135
+1 1143989

fn=(2582) bool __gnu_cxx::operator!=<unsigned long*, std::vector<unsigned long, std::allocator<unsigned long> > >(__gnu_cxx::__normal_iterator<unsigned long*, std::vector<unsigned long, std::allocator<unsigned long> > > const&, __gnu_cxx::__normal_iterator<unsigned long*, std::vector<unsigned long, std::allocator<unsigned long> > > const&)
1241 3522904
+3 1509816
cfn=(2584)
calls=503272 -82 
* 3522904
* 2013088
cfn=(2584)
calls=503272 -82 
* 3522904
* 3019632

fn=(2584)
1162 5937200
+1 4452900

fn=(2632) bool __gnu_cxx::operator< <unsigned long*, std::vector<unsigned long, std::allocator<unsigned long> > >(__gnu_cxx::__normal_iterator<unsigned long*, std::vector<unsigned long, std::allocator<unsigned long> > > const&, __gnu_cxx::__normal_iterator<unsigned long*, std::vector<unsigned long, std::allocator<unsigned long> > > const&)
1258 1238328
+3 530712
cfn=(2584)
calls=176904 -99 
* 1238328
* 707616
cfn=(2584)
calls=176904 -99 
* 1238328
* 1061424

fn=(2688) bool __gnu_cxx::operator!=<Location*, std::vector<Location, std::allocator<Location> > >(__gnu_cxx::__normal_iterator<Location*, std::vector<Location, std::allocator<Location> > > const&, __gnu_cxx::__normal_iterator<Location*, std::vector<Location, std::allocator<Location> > > const&)
1241 4351025
+3 1864725
cfn=(1876)
calls=621575 -82 
* 4351025
* 2486300
cfn=(1876)
calls=621575 -82 
* 4351025
* 3729450

fn=(1874)
1334 5508797
+3 2360913
cfn=(1876)
calls=786971 1162 
* 5508797
* 3147884
cfn=(1876)
calls=786971 1162 
* 5508797
* 7082739

fn=(1990)
1162 311880
+1 233910

fn=(2286) __gnu_cxx::__normal_iterator<Location const*, std::vector<Location, std::allocator<Location> > >::difference_type __gnu_cxx::operator-<Location const*, std::vector<Location, std::allocator<Location> > >(__gnu_cxx::__normal_iterator<Location const*, std::vector<Location, std::allocator<Location> > > const&, __gnu_cxx::__normal_iterator<Location const*, std::vector<Location, std::allocator<Location> > > const&)
1334 2800
+3 1200
cfn=(1990)
calls=400 1162 
* 2800
* 1600
cfn=(1990)
calls=400 1162 
* 2800
* 3600

fn=(2588) __gnu_cxx::__normal_iterator<unsigned long*, std::vector<unsigned long, std::allocator<unsigned long> > >::operator++()
1109 4636056
+2 5795070
+1 1159014
+1 2318028

fn=(1856)
1076 9182400
+1 12855360

fn=(2148)
1334 140
+3 60
cfn=(2150)
calls=20 1162 
* 140
* 80
cfn=(2150)
calls=20 1162 
* 140
* 160

fn=(2150)
1162 320
+1 240

fn=(2288) __gnu_cxx::__normal_iterator<Location*, std::vector<Location, std::allocator<Location> > >::operator+(long) const
1147 7200
+1 11200
cfn=(1856)
calls=800 -72 
* 9600
* 4800

fn=(2386)
1545 2400
+1 2400

fn=(2532) __gnu_cxx::__normal_iterator<Location const*, std::vector<Location, std::allocator<Location> > >::operator++()
1109 149536
+2 186920
+1 37384
+1 74768

fn=(2600) __gnu_cxx::__normal_iterator<unsigned long*, std::vector<unsigned long, std::allocator<unsigned long> > >::difference_type __gnu_cxx::operator-<unsigned long*, std::vector<unsigned long, std::allocator<unsigned long> > >(__gnu_cxx::__normal_iterator<unsigned long*, std::vector<unsigned long, std::allocator<unsigned long> > > const&, __gnu_cxx::__normal_iterator<unsigned long*, std::vector<unsigned long, std::allocator<unsigned long> > > const&)
1334 419426
+3 179754
cfn=(2584)
calls=59918 1162 
* 419426
* 239672
cfn=(2584)
calls=59918 1162 
* 419426
* 479344

fn=(2630) __gnu_cxx::__normal_iterator<unsigned long*, std::vector<unsigned long, std::allocator<unsigned long> > >::operator--()
1123 3937624
+2 4922030
+1 984406
+1 1968812

fl=(271) /usr/include/c++/13/bits/stl_heap.h
fn=(2830) void std::__push_heap<__gnu_cxx::__normal_iterator<unsigned long*, std::vector<unsigned long, std::allocator<unsigned long> > >, long, unsigned long, __gnu_cxx::__ops::_Iter_comp_val<PIBT::solve<ManhattanExpander, ManhattanHeuristic, SafePlanner>(Environment const&, MAPFInstance&, ManhattanExpander const&, ManhattanHeuristic const&, SafePlanner&, SearchMetrics&)::{lambda(unsigned long, unsigned long)#1}> >(__gnu_cxx::__normal_iterator<unsigned long*, std::vector<unsigned long, std::allocator<unsigned long> > >, long, long, unsigned long, __gnu_cxx::__ops::_Iter_comp_val<PIBT::solve<ManhattanExpander, ManhattanHeuristic, SafePlanner>(Environment const&, MAPFInstance&, ManhattanExpander const&, ManhattanHeuristic const&, SafePlanner&, SearchMetrics&)::{lambda(unsigned long, unsigned long)#1}>&)
135 76128
+4 40992
+1 5856
+2 9395
cfi=(247)
cfn=(2612)
calls=1879 1147 
* 71402
* 7516
cfi=(247)
cfn=(2586)
calls=1879 1099 
* 15032
* 3758
cfi=(244)
cfn=(2626) std::remove_reference<unsigned long&>::type&& std::move<unsigned long&>(unsigned long&)
calls=1879 -45 
* 13153
* 11274
cfi=(247)
cfn=(2612)
calls=1879 1147 
* 71402
* 7516
cfi=(247)
cfn=(2586)
calls=1879 1099 
* 15032
* 1879
+1 3758
+1 13153
-4 59860
cfi=(247)
cfn=(2612)
calls=7331 1147 
* 278578
* 43986
cfi=(262) /usr/include/c++/13/bits/predefined_ops.h
cfn=(2832) bool __gnu_cxx::__ops::_Iter_comp_val<PIBT::solve<ManhattanExpander, ManhattanHeuristic, SafePlanner>(Environment const&, MAPFInstance&, ManhattanExpander const&, ManhattanHeuristic const&, SafePlanner&, SearchMetrics&)::{lambda(unsigned long, unsigned long)#1}>::operator()<__gnu_cxx::__normal_iterator<unsigned long*, std::vector<unsigned long, std::allocator<unsigned long> > >, unsigned long>(__gnu_cxx::__normal_iterator<unsigned long*, std::vector<unsigned long, std::allocator<unsigned long> > >, unsigned long&)
calls=7331 +55 
* 615804
* 39746
+6 17568
cfi=(244)
cfn=(2626)
calls=5856 -49 
* 40992
* 35136
cfi=(247)
cfn=(2612)
calls=5856 1147 
* 222528
* 23424
cfi=(247)
cfn=(2586)
calls=5856 1099 
* 46848
* 5856
+1 40992

fn=(2826) void std::__adjust_heap<__gnu_cxx::__normal_iterator<unsigned long*, std::vector<unsigned long, std::allocator<unsigned long> > >, long, unsigned long, __gnu_cxx::__ops::_Iter_comp_iter<PIBT::solve<ManhattanExpander, ManhattanHeuristic, SafePlanner>(Environment const&, MAPFInstance&, ManhattanExpander const&, ManhattanHeuristic const&, SafePlanner&, SearchMetrics&)::{lambda(unsigned long, unsigned long)#1}> >(__gnu_cxx::__normal_iterator<unsigned long*, std::vector<unsigned long, std::allocator<unsigned long> > >, long, long, unsigned long, __gnu_cxx::__ops::_Iter_comp_iter<PIBT::solve<ManhattanExpander, ManhattanHeuristic, SafePlanner>(Environment const&, MAPFInstance&, ManhattanExpander const&, ManhattanHeuristic const&, SafePlanner&, SearchMetrics&)::{lambda(unsigned long, unsigned long)#1}>)
224 76128
+3 11712
+1 11712
+1 5856
+2 70616
+1 105924
cfi=(247)
cfn=(2612)
calls=17654 1147 
* 670852
* 105924
cfi=(247)
cfn=(2612)
calls=17654 1147 
* 670852
* 105924
cfi=(262)
cfn=(2618) bool __gnu_cxx::__ops::_Iter_comp_iter<PIBT::solve<ManhattanExpander, ManhattanHeuristic, SafePlanner>(Environment const&, MAPFInstance&, ManhattanExpander const&, ManhattanHeuristic const&, SafePlanner&, SearchMetrics&)::{lambda(unsigned long, unsigned long)#1}>::operator()<__gnu_cxx::__normal_iterator<unsigned long*, std::vector<unsigned long, std::allocator<unsigned long> > >, __gnu_cxx::__normal_iterator<unsigned long*, std::vector<unsigned long, std::allocator<unsigned long> > > >(__gnu_cxx::__normal_iterator<unsigned long*, std::vector<unsigned long, std::allocator<unsigned long> > >, __gnu_cxx::__normal_iterator<unsigned long*, std::vector<unsigned long, std::allocator<unsigned long> > >)
calls=17654 -75 
* 1659476
* 35308
+2 8911
+1 44555
cfi=(247)
cfn=(2612)
calls=8911 1147 
* 338618
* 43715
cfi=(247)
cfn=(2612)
calls=8743 1147 
* 332234
* 70616
cfi=(247)
cfn=(2586)
calls=17654 1099 
* 141232
* 35308
cfi=(244)
cfn=(2626)
calls=17654 97 
* 123578
* 105924
cfi=(247)
cfn=(2612)
calls=17654 1147 
* 670852
* 70616
cfi=(247)
cfn=(2586)
calls=17654 1099 
* 141232
* 17654
+1 35308
-7 188080
+9 46920
+2 1828
+1 2742
cfi=(247)
cfn=(2612)
calls=457 1147 
* 17366
* 1828
cfi=(247)
cfn=(2586)
calls=457 1099 
* 3656
* 914
cfi=(244)
cfn=(2626)
calls=457 97 
* 3199
* 2742
cfi=(247)
cfn=(2612)
calls=457 1147 
* 17366
* 1828
cfi=(247)
cfn=(2586)
calls=457 1099 
* 3656
* 457
+2 1371
+3 1371
cfi=(244)
cfn=(2660) std::remove_reference<__gnu_cxx::__ops::_Iter_comp_iter<PIBT::solve<ManhattanExpander, ManhattanHeuristic, SafePlanner>(Environment const&, MAPFInstance&, ManhattanExpander const&, ManhattanHeuristic const&, SafePlanner&, SearchMetrics&)::{lambda(unsigned long, unsigned long)#1}>&>::type&& std::move<__gnu_cxx::__ops::_Iter_comp_iter<PIBT::solve<ManhattanExpander, ManhattanHeuristic, SafePlanner>(Environment const&, MAPFInstance&, ManhattanExpander const&, ManhattanHeuristic const&, SafePlanner&, SearchMetrics&)::{lambda(unsigned long, unsigned long)#1}>&>(__gnu_cxx::__ops::_Iter_comp_iter<PIBT::solve<ManhattanExpander, ManhattanHeuristic, SafePlanner>(Environment const&, MAPFInstance&, ManhattanExpander const&, ManhattanHeuristic const&, SafePlanner&, SearchMetrics&)::{lambda(unsigned long, unsigned long)#1}>&)
calls=457 97 
* 3199
* 16197
cfi=(244)
cfn=(2660)
calls=5399 97 
* 37793
* 29280
cfi=(262)
cfn=(2828) __gnu_cxx::__ops::_Iter_comp_val<PIBT::solve<ManhattanExpander, ManhattanHeuristic, SafePlanner>(Environment const&, MAPFInstance&, ManhattanExpander const&, ManhattanHeuristic const&, SafePlanner&, SearchMetrics&)::{lambda(unsigned long, unsigned long)#1}>::_Iter_comp_val(__gnu_cxx::__ops::_Iter_comp_iter<PIBT::solve<ManhattanExpander, ManhattanHeuristic, SafePlanner>(Environment const&, MAPFInstance&, ManhattanExpander const&, ManhattanHeuristic const&, SafePlanner&, SearchMetrics&)::{lambda(unsigned long, unsigned long)#1}>&&)
calls=5856 -59 
* 128832
+2 17568
cfi=(244)
cfn=(2626)
calls=5856 97 
* 40992
-1 46848
cfn=(2830)
calls=5856 135 
* 1838564
+2 40992

fn=(2824) void std::__make_heap<__gnu_cxx::__normal_iterator<unsigned long*, std::vector<unsigned long, std::allocator<unsigned long> > >, __gnu_cxx::__ops::_Iter_comp_iter<PIBT::solve<ManhattanExpander, ManhattanHeuristic, SafePlanner>(Environment const&, MAPFInstance&, ManhattanExpander const&, ManhattanHeuristic const&, SafePlanner&, SearchMetrics&)::{lambda(unsigned long, unsigned long)#1}> >(__gnu_cxx::__normal_iterator<unsigned long*, std::vector<unsigned long, std::allocator<unsigned long> > >, __gnu_cxx::__normal_iterator<unsigned long*, std::vector<unsigned long, std::allocator<unsigned long> > >, __gnu_cxx::__ops::_Iter_comp_iter<PIBT::solve<ManhattanExpander, ManhattanHeuristic, SafePlanner>(Environment const&, MAPFInstance&, ManhattanExpander const&, ManhattanHeuristic const&, SafePlanner&, SearchMetrics&)::{lambda(unsigned long, unsigned long)#1}>&)
340 630
+8 315
cfi=(247)
cfn=(2600)
calls=63 1334 
* 2268
* 252
+3 315
cfi=(247)
cfn=(2600)
calls=63 1334 
* 2268
* 63
+1 441
+3 315
cfi=(247)
cfn=(2612)
calls=63 1147 
* 2394
* 9505
cfi=(247)
cfn=(2612)
calls=1901 1147 
* 72238
* 7856
cfi=(247)
cfn=(2586)
calls=1964 1099 
* 15712
* 3928
cfi=(244)
cfn=(2626)
calls=1964 97 
* 13748
* 3928
+1 5892
cfi=(244)
cfn=(2626)
calls=1964 97 
* 13748
* 17676
cfn=(2826)
calls=1964 224 
* 2096020
+2 3928
+2 1901
-7 1901
+6 63
+3 315

fn=(2836) void std::__pop_heap<__gnu_cxx::__normal_iterator<unsigned long*, std::vector<unsigned long, std::allocator<unsigned long> > >, __gnu_cxx::__ops::_Iter_comp_iter<PIBT::solve<ManhattanExpander, ManhattanHeuristic, SafePlanner>(Environment const&, MAPFInstance&, ManhattanExpander const&, ManhattanHeuristic const&, SafePlanner&, SearchMetrics&)::{lambda(unsigned long, unsigned long)#1}> >(__gnu_cxx::__normal_iterator<unsigned long*, std::vector<unsigned long, std::allocator<unsigned long> > >, __gnu_cxx::__normal_iterator<unsigned long*, std::vector<unsigned long, std::allocator<unsigned long> > >, __gnu_cxx::__normal_iterator<unsigned long*, std::vector<unsigned long, std::allocator<unsigned long> > >, __gnu_cxx::__ops::_Iter_comp_iter<PIBT::solve<ManhattanExpander, ManhattanHeuristic, SafePlanner>(Environment const&, MAPFInstance&, ManhattanExpander const&, ManhattanHeuristic const&, SafePlanner&, SearchMetrics&)::{lambda(unsigned long, unsigned long)#1}>&)
254 46704
+8 11676
cfi=(247)
cfn=(2586)
calls=3892 1099 
* 31136
* 7784
cfi=(244)
cfn=(2626)
calls=3892 97 
* 27244
* 7784
+1 11676
cfi=(247)
cfn=(2586)
calls=3892 1099 
* 31136
* 7784
cfi=(244)
cfn=(2626)
calls=3892 97 
* 27244
* 15568
cfi=(247)
cfn=(2586)
calls=3892 1099 
* 31136
* 3892
+3 11676
cfi=(244)
cfn=(2626)
calls=3892 97 
* 27244
-2 3892
+1 19460
cfi=(247)
cfn=(2600)
calls=3892 1334 
* 140112
* 3892
-1 31136
cfn=(2826)
calls=3892 -40 
* 6110206
+3 27244

fn=(2834) void std::__sort_heap<__gnu_cxx::__normal_iterator<unsigned long*, std::vector<unsigned long, std::allocator<unsigned long> > >, __gnu_cxx::__ops::_Iter_comp_iter<PIBT::solve<ManhattanExpander, ManhattanHeuristic, SafePlanner>(Environment const&, MAPFInstance&, ManhattanExpander const&, ManhattanHeuristic const&, SafePlanner&, SearchMetrics&)::{lambda(unsigned long, unsigned long)#1}> >(__gnu_cxx::__normal_iterator<unsigned long*, std::vector<unsigned long, std::allocator<unsigned long> > >, __gnu_cxx::__normal_iterator<unsigned long*, std::vector<unsigned long, std::allocator<unsigned long> > >, __gnu_cxx::__ops::_Iter_comp_iter<PIBT::solve<ManhattanExpander, ManhattanHeuristic, SafePlanner>(Environment const&, MAPFInstance&, ManhattanExpander const&, ManhattanHeuristic const&, SafePlanner&, SearchMetrics&)::{lambda(unsigned long, unsigned long)#1}>&)
419 441
+3 63
+2 11676
cfi=(247)
cfn=(2630)
calls=3892 1123 
* 46704
+1 23352
cfn=(2836)
calls=3892 254 
* 6635626
-3 19775
cfi=(247)
cfn=(2600)
calls=3955 1334 
* 142380
* 15820
+5 252

fl=(219)
fn=(1344)
393 170
+3 34
cfi=(220)
cfn=(1346)
calls=34 541 
* 204
* 68
+3 102
cob=(4)
cfi=(175)
cfn=(1348)
calls=34 0 
* 544
* 34
+1 68

fn=(1390)
374 56
+2 16
+3 8
cfi=(220)
cfn=(1346)
calls=8 541 
* 48
* 16
+10 48
cob=(4)
cfi=(175)
cfn=(1392)
calls=8 0 
* 174
* 8
+1 16

fl=(275) /usr/include/c++/13/bits/hashtable.h
fn=(3036) std::_Hashtable<Location, std::pair<Location const, unsigned long>, std::allocator<std::pair<Location const, unsigned long> >, std::__detail::_Select1st, std::equal_to<Location>, LocationHasher, std::__detail::_Mod_range_hashing, std::__detail::_Default_ranged_hash, std::__detail::_Prime_rehash_policy, std::__detail::_Hashtable_traits<true, false, true> >::__small_size_threshold()
424 563874
+3 187958
cfi=(276) /usr/include/c++/13/bits/hashtable_policy.h
cfn=(3038) std::__detail::_Hashtable_hash_traits<LocationHasher>::__small_size_threshold()
calls=187958 297 
* 1127748
+1 375916

fn=(3040) std::_Hashtable<Location, std::pair<Location const, unsigned long>, std::allocator<std::pair<Location const, unsigned long> >, std::__detail::_Select1st, std::equal_to<Location>, LocationHasher, std::__detail::_Mod_range_hashing, std::__detail::_Default_ranged_hash, std::__detail::_Prime_rehash_policy, std::__detail::_Hashtable_traits<true, false, true> >::begin()
623 3352
+1 1257
cfn=(3042) std::_Hashtable<Location, std::pair<Location const, unsigned long>, std::allocator<std::pair<Location const, unsigned long> >, std::__detail::_Select1st, std::equal_to<Location>, LocationHasher, std::__detail::_Mod_range_hashing, std::__detail::_Default_ranged_hash, std::__detail::_Prime_rehash_policy, std::__detail::_Hashtable_traits<true, false, true> >::_M_begin() const
calls=419 464 
* 3352
* 2095
cfi=(276)
cfn=(3044) std::__detail::_Node_iterator<std::pair<Location const, unsigned long>, false, true>::_Node_iterator(std::__detail::_Hash_node<std::pair<Location const, unsigned long>, true>*)
calls=419 436 
* 10475
* 2514

fn=(3178) std::_Hashtable<Location, std::pair<Location const, unsigned long>, std::allocator<std::pair<Location const, unsigned long> >, std::__detail::_Select1st, std::equal_to<Location>, LocationHasher, std::__detail::_Mod_range_hashing, std::__detail::_Default_ranged_hash, std::__detail::_Prime_rehash_policy, std::__detail::_Hashtable_traits<true, false, true> >::clear()
2520 4185
+4 2511
cfn=(3042)
calls=837 464 
* 6696
* 4185
cfi=(276)
cfn=(3180) std::__detail::_Hashtable_alloc<std::allocator<std::__detail::_Hash_node<std::pair<Location const, unsigned long>, true> > >::_M_deallocate_nodes(std::__detail::_Hash_node<std::pair<Location const, unsigned long>, true>*)
calls=837 2027 
* 51520538
+2 1674
-1 5022
cob=(4)
cfi=(175)
cfn=(1796)
calls=837 0 
* 1949515
+2 1674
+1 1674
+1 2511

fn=(2972) std::_Hashtable<Location, std::pair<Location const, unsigned long>, std::allocator<std::pair<Location const, unsigned long> >, std::__detail::_Select1st, std::equal_to<Location>, LocationHasher, std::__detail::_Mod_range_hashing, std::__detail::_Default_ranged_hash, std::__detail::_Prime_rehash_policy, std::__detail::_Hashtable_traits<true, false, true> >::_Hashtable()
530 6696
cfi=(276)
cfn=(2974) std::__detail::_Hashtable_base<Location, std::pair<Location const, unsigned long>, std::__detail::_Select1st, std::equal_to<Location>, LocationHasher, std::__detail::_Mod_range_hashing, std::__detail::_Default_ranged_hash, std::__detail::_Hashtable_traits<true, false, true> >::_Hashtable_base()
calls=837 1701 
* 32643
* 2511
cfi=(276)
cfn=(2982) std::__detail::_Hashtable_alloc<std::allocator<std::__detail::_Hash_node<std::pair<Location const, unsigned long>, true> > >::_Hashtable_alloc()
calls=837 1940 
* 20088
* 8370
cfi=(276)
cfn=(2986) std::__detail::_Hash_node_base::_Hash_node_base()
calls=837 313 
* 7533
* 6696
cfi=(276)
cfn=(2988) std::__detail::_Prime_rehash_policy::_Prime_rehash_policy(float)
calls=837 +14 
* 10881
* 4185

fn=(3004) std::pair<std::__detail::_Node_iterator<std::pair<Location const, unsigned long>, false, true>, bool> std::_Hashtable<Location, std::pair<Location const, unsigned long>, std::allocator<std::pair<Location const, unsigned long> >, std::__detail::_Select1st, std::equal_to<Location>, LocationHasher, std::__detail::_Mod_range_hashing, std::__detail::_Default_ranged_hash, std::__detail::_Prime_rehash_policy, std::__detail::_Hashtable_traits<true, false, true> >::_M_emplace<std::pair<Location const, unsigned long> >(std::integral_constant<bool, true>, std::pair<Location const, unsigned long>&&)
2081 1048656
+6 262164
cfi=(244)
cfn=(3002) std::pair<Location const, unsigned long>&& std::forward<std::pair<Location const, unsigned long> >(std::remove_reference<std::pair<Location const, unsigned long> >::type&)
calls=87388 70 
* 611716
* 524328
cfn=(3006) std::_Hashtable<Location, std::pair<Location const, unsigned long>, std::allocator<std::pair<Location const, unsigned long> >, std::__detail::_Select1st, std::equal_to<Location>, LocationHasher, std::__detail::_Mod_range_hashing, std::__detail::_Default_ranged_hash, std::__detail::_Prime_rehash_policy, std::__detail::_Hashtable_traits<true, false, true> >::_Scoped_node::_Scoped_node<std::pair<Location const, unsigned long> >(std::__detail::_Hashtable_alloc<std::allocator<std::__detail::_Hash_node<std::pair<Location const, unsigned long>, true> > >*, std::pair<Location const, unsigned long>&&)
calls=87388 305 
* 34885499
+1 436940
fi=(276)
333 262164
cfi=(278)
cfn=(3022)
calls=87388 116 
* 1485596
* 174776
+10 87388
fe=(275)
2088 349552
cfi=(276)
cfn=(3030) std::__detail::_Select1st::__1st_type<std::pair<Location const, unsigned long>&>::type&& std::__detail::_Select1st::operator()<std::pair<Location const, unsigned long>&>(std::pair<Location const, unsigned long>&) const
calls=87388 112 
* 1572984
* 87388
+1 262164
cfn=(3034) std::_Hashtable<Location, std::pair<Location const, unsigned long>, std::allocator<std::pair<Location const, unsigned long> >, std::__detail::_Select1st, std::equal_to<Location>, LocationHasher, std::__detail::_Mod_range_hashing, std::__detail::_Default_ranged_hash, std::__detail::_Prime_rehash_policy, std::__detail::_Hashtable_traits<true, false, true> >::size() const
calls=87388 647 
* 699104
* 174776
cfn=(3036)
calls=87388 424 
* 1048656
* 349552
+2 1257
cfn=(3040)
calls=419 623 
* 23045
* 2095
cfn=(3048) std::_Hashtable<Location, std::pair<Location const, unsigned long>, std::allocator<std::pair<Location const, unsigned long> >, std::__detail::_Select1st, std::equal_to<Location>, LocationHasher, std::__detail::_Mod_range_hashing, std::__detail::_Default_ranged_hash, std::__detail::_Prime_rehash_policy, std::__detail::_Hashtable_traits<true, false, true> >::end()
calls=419 631 
* 18017
* 2514
cfi=(276)
cfn=(3050) std::__detail::operator!=(std::__detail::_Node_iterator_base<std::pair<Location const, unsigned long>, true> const&, std::__detail::_Node_iterator_base<std::pair<Location const, unsigned long>, true> const&)
calls=419 407 
* 5447
* 838
+6 436940
cfi=(276)
cfn=(3052) std::__detail::_Hash_code_base<Location, std::pair<Location const, unsigned long>, std::__detail::_Select1st, LocationHasher, std::__detail::_Mod_range_hashing, std::__detail::_Default_ranged_hash, true>::_M_hash_code(Location const&) const
calls=87388 1306 
* 8826188
* 87388
+1 436940
cfn=(3062) std::_Hashtable<Location, std::pair<Location const, unsigned long>, std::allocator<std::pair<Location const, unsigned long> >, std::__detail::_Select1st, std::equal_to<Location>, LocationHasher, std::__detail::_Mod_range_hashing, std::__detail::_Default_ranged_hash, std::__detail::_Prime_rehash_policy, std::__detail::_Hashtable_traits<true, false, true> >::_M_bucket_index(unsigned long) const
calls=87388 796 
* 4194624
* 87388
+1 262164
cfn=(3034)
calls=87388 647 
* 699104
* 174776
cfn=(3036)
calls=87388 424 
* 1048656
* 349552
+1 521814
cfn=(3130) std::_Hashtable<Location, std::pair<Location const, unsigned long>, std::allocator<std::pair<Location const, unsigned long> >, std::__detail::_Select1st, std::equal_to<Location>, LocationHasher, std::__detail::_Mod_range_hashing, std::__detail::_Default_ranged_hash, std::__detail::_Prime_rehash_policy, std::__detail::_Hashtable_traits<true, false, true> >::_M_find_node(unsigned long, Location const&, unsigned long) const
calls=86969 812 
* 62955799
* 260907
+5 611716
cfn=(3068) std::_Hashtable<Location, std::pair<Location const, unsigned long>, std::allocator<std::pair<Location const, unsigned long> >, std::__detail::_Select1st, std::equal_to<Location>, LocationHasher, std::__detail::_Mod_range_hashing, std::__detail::_Default_ranged_hash, std::__detail::_Prime_rehash_policy, std::__detail::_Hashtable_traits<true, false, true> >::_M_insert_unique_node(unsigned long, unsigned long, std::__detail::_Hash_node<std::pair<Location const, unsigned long>, true>*, unsigned long)
calls=87388 +61 
* 32044499
* 87388
+1 87388
+1 611716
cfi=(270)
cfn=(3110)
calls=87388 687 
* 3145968
* 174776
+1 262164
cfn=(3116) std::_Hashtable<Location, std::pair<Location const, unsigned long>, std::allocator<std::pair<Location const, unsigned long> >, std::__detail::_Select1st, std::equal_to<Location>, LocationHasher, std::__detail::_Mod_range_hashing, std::__detail::_Default_ranged_hash, std::__detail::_Prime_rehash_policy, std::__detail::_Hashtable_traits<true, false, true> >::_Scoped_node::~_Scoped_node()
calls=87388 311 
* 1048656
* 961268

fn=(3048)
631 108808
+1 54404
cfi=(276)
cfn=(3044)
calls=13601 436 
* 340025
* 81606

fn=(3086) std::_Hashtable<Location, std::pair<Location const, unsigned long>, std::allocator<std::pair<Location const, unsigned long> >, std::__detail::_Select1st, std::equal_to<Location>, LocationHasher, std::__detail::_Mod_range_hashing, std::__detail::_Default_ranged_hash, std::__detail::_Prime_rehash_policy, std::__detail::_Hashtable_traits<true, false, true> >::_M_allocate_buckets(unsigned long)
434 24288
+2 20240
+6 20240
cfi=(276)
cfn=(3088) std::__detail::_Hashtable_alloc<std::allocator<std::__detail::_Hash_node<std::pair<Location const, unsigned long>, true> > >::_M_allocate_buckets(unsigned long)
calls=4048 2039 
* 10614590
* 4048
+1 8096

fn=(3132) std::_Hashtable<Location, std::pair<Location const, unsigned long>, std::allocator<std::pair<Location const, unsigned long> >, std::__detail::_Select1st, std::equal_to<Location>, LocationHasher, std::__detail::_Mod_range_hashing, std::__detail::_Default_ranged_hash, std::__detail::_Prime_rehash_policy, std::__detail::_Hashtable_traits<true, false, true> >::_M_find_before_node(unsigned long, Location const&, unsigned long) const
1948 1497112
+6 1309973
+1 374278
+1 65822
+2 462684
+3 1079596
cfi=(276)
cfn=(3134) std::__detail::_Hashtable_base<Location, std::pair<Location const, unsigned long>, std::__detail::_Select1st, std::equal_to<Location>, LocationHasher, std::__detail::_Mod_range_hashing, std::__detail::_Default_ranged_hash, std::__detail::_Hashtable_traits<true, false, true> >::_M_equals(Location const&, unsigned long, std::__detail::_Hash_node_value<std::pair<Location const, unsigned long>, true> const&) const
calls=154228 1732 
* 23748902
* 2756712
cfi=(276)
cfn=(3134)
calls=393816 1732 
* 62172754
* 1096088
+1 8742
+2 3793819
cfi=(276)
cfn=(3138) std::__detail::_Hash_node<std::pair<Location const, unsigned long>, true>::_M_next() const
calls=539709 380 
* 4317672
* 2698545
cfn=(3140) std::_Hashtable<Location, std::pair<Location const, unsigned long>, std::allocator<std::pair<Location const, unsigned long> >, std::__detail::_Select1st, std::equal_to<Location>, LocationHasher, std::__detail::_Mod_range_hashing, std::__detail::_Default_ranged_hash, std::__detail::_Prime_rehash_policy, std::__detail::_Hashtable_traits<true, false, true> >::_M_bucket_index(std::__detail::_Hash_node_value<std::pair<Location const, unsigned long>, true> const&) const
calls=539709 792 
* 26445741
* 2860294
+2 787632
-7 1181448
cfi=(276)
cfn=(3138)
calls=393816 380 
* 3150528
* 393816
+2 393816
+4 149857
+4 149857
+1 374278

fn=(3102) std::_Hashtable<Location, std::pair<Location const, unsigned long>, std::allocator<std::pair<Location const, unsigned long> >, std::__detail::_Select1st, std::equal_to<Location>, LocationHasher, std::__detail::_Mod_range_hashing, std::__detail::_Default_ranged_hash, std::__detail::_Prime_rehash_policy, std::__detail::_Hashtable_traits<true, false, true> >::_M_deallocate_buckets(std::__detail::_Hash_node_base**, unsigned long)
446 34195
+2 24425
cfn=(3104) std::_Hashtable<Location, std::pair<Location const, unsigned long>, std::allocator<std::pair<Location const, unsigned long> >, std::__detail::_Select1st, std::equal_to<Location>, LocationHasher, std::__detail::_Mod_range_hashing, std::__detail::_Default_ranged_hash, std::__detail::_Prime_rehash_policy, std::__detail::_Hashtable_traits<true, false, true> >::_M_uses_single_bucket(std::__detail::_Hash_node_base**) const
calls=4885 -32 
* 68390
* 9770
+3 24288
cfi=(276)
cfn=(3160) std::__detail::_Hashtable_alloc<std::allocator<std::__detail::_Hash_node<std::pair<Location const, unsigned long>, true> > >::_M_deallocate_buckets(std::__detail::_Hash_node_base**, unsigned long)
calls=4048 2052 
* 900682
* 4048
-2 837
+3 9770

fn=(3108) std::_Hashtable<Location, std::pair<Location const, unsigned long>, std::allocator<std::pair<Location const, unsigned long> >, std::__detail::_Select1st, std::equal_to<Location>, LocationHasher, std::__detail::_Mod_range_hashing, std::__detail::_Default_ranged_hash, std::__detail::_Prime_rehash_policy, std::__detail::_Hashtable_traits<true, false, true> >::_M_insert_bucket_begin(unsigned long, std::__detail::_Hash_node<std::pair<Location const, unsigned long>, true>*)
2007 1569384
+4 1395008
+4 1270179
+1 1129048
+17 141131
-10 132980
+1 99735
+2 132980
+3 194448
cfi=(276)
cfn=(3138)
calls=32408 380 
* 259264
* 162040
cfn=(3140)
calls=32408 792 
* 1587992
* 97224
+2 259264
+2 194448
-2 6696
+2 851808

fn=(3034)
647 751832
+1 751832

fn=(3084) std::_Hashtable<Location, std::pair<Location const, unsigned long>, std::allocator<std::pair<Location const, unsigned long> >, std::__detail::_Select1st, std::equal_to<Location>, LocationHasher, std::__detail::_Mod_range_hashing, std::__detail::_Default_ranged_hash, std::__detail::_Prime_rehash_policy, std::__detail::_Hashtable_traits<true, false, true> >::_M_rehash_aux(unsigned long, std::integral_constant<bool, true>)
2582 24288
+4 20240
cfn=(3086)
calls=4048 434 
* 10691502
* 4048
+1 12144
cfn=(3042)
calls=4048 464 
* 32384
* 4048
+1 8096
+1 4048
+1 4048
+2 694737
cfi=(276)
cfn=(3138)
calls=231579 380 
* 1852632
* 231579
+2 1621053
cfi=(276)
cfn=(3142) std::__detail::_Hash_code_base<Location, std::pair<Location const, unsigned long>, std::__detail::_Select1st, LocationHasher, std::__detail::_Mod_range_hashing, std::__detail::_Default_ranged_hash, true>::_M_bucket_index(std::__detail::_Hash_node_value<std::pair<Location const, unsigned long>, true> const&, unsigned long) const
calls=231579 1346 
* 7873686
* 231579
+1 1621053
+2 380736
+1 285552
+1 666288
+1 380736
+1 551838
+1 285552
+4 1091160
+1 954765
+3 272790
-20 272790
+20 190368
-20 198464
+23 12144
cfn=(3100) std::_Hashtable<Location, std::pair<Location const, unsigned long>, std::allocator<std::pair<Location const, unsigned long> >, std::__detail::_Select1st, std::equal_to<Location>, LocationHasher, std::__detail::_Mod_range_hashing, std::__detail::_Default_ranged_hash, std::__detail::_Prime_rehash_policy, std::__detail::_Hashtable_traits<true, false, true> >::_M_deallocate_buckets()
calls=4048 455 
* 891043
+1 12144
+1 12144
+1 12144

fn=(3100)
455 24425
+1 39080
cfn=(3102)
calls=4885 -10 
* 1076405
* 14655

fn=(3116)
311 2092512

fn=(3130)
812 1497112
+3 1122834
cfn=(3132)
calls=187139 1948 
* 141269966
* 187139
+1 374278
+1 13113
+1 182768
+1 374278

fn=(3252) std::_Hashtable<Location, std::pair<Location const, unsigned long>, std::allocator<std::pair<Location const, unsigned long> >, std::__detail::_Select1st, std::equal_to<Location>, LocationHasher, std::__detail::_Mod_range_hashing, std::__detail::_Default_ranged_hash, std::__detail::_Prime_rehash_policy, std::__detail::_Hashtable_traits<true, false, true> >::find(Location const&)
1664 131820
+5 39546
cfn=(3034)
calls=13182 647 
* 105456
* 26364
cfn=(3036)
calls=13182 424 
* 158184
* 52728
+8 65910
cfi=(276)
cfn=(3052)
calls=13182 1306 
* 1331382
* 13182
+1 65910
cfn=(3062)
calls=13182 796 
* 632736
* 13182
+1 79092
cfn=(3130)
calls=13182 812 
* 19688714
* 65910
cfi=(276)
cfn=(3044)
calls=13182 436 
* 329550
* 13182
+1 79092

fn=(3006)
305 699104
+1 262164
+1 349552
cfi=(244)
cfn=(3002)
calls=87388 70 
* 611716
* 262164
cfi=(276)
cfn=(3008) std::__detail::_Hash_node<std::pair<Location const, unsigned long>, true>* std::__detail::_Hashtable_alloc<std::allocator<std::__detail::_Hash_node<std::pair<Location const, unsigned long>, true> > >::_M_allocate_node<std::pair<Location const, unsigned long> >(std::pair<Location const, unsigned long>&&)
calls=87388 1987 
* 32176471
* 174776
+1 349552

fn=(3062)
796 1149636
+1 1341242
cfi=(276)
cfn=(3064) std::__detail::_Hash_code_base<Location, std::pair<Location const, unsigned long>, std::__detail::_Select1st, LocationHasher, std::__detail::_Mod_range_hashing, std::__detail::_Default_ranged_hash, true>::_M_bucket_index(unsigned long, unsigned long) const
calls=191606 1331 
* 6322998
* 383212

fn=(3068)
2166 2092512
+6 697504
cfi=(276)
cfn=(3070) std::__detail::_Prime_rehash_policy::_M_state() const
calls=174376 571 
* 1395008
* 523128
+2 1569384
cob=(4)
cfi=(175)
cfn=(3072)
calls=174376 0 
* 3736331
* 697504
+3 523128
+2 24288
cfn=(3082) std::_Hashtable<Location, std::pair<Location const, unsigned long>, std::allocator<std::pair<Location const, unsigned long> >, std::__detail::_Select1st, std::equal_to<Location>, LocationHasher, std::__detail::_Mod_range_hashing, std::__detail::_Default_ranged_hash, std::__detail::_Prime_rehash_policy, std::__detail::_Hashtable_traits<true, false, true> >::_M_rehash(unsigned long, unsigned long const&)
calls=4048 2559 
* 31470639
+1 20240
cfn=(3062)
calls=4048 796 
* 194304
* 4048
+3 28336
cfi=(276)
cfn=(3106) std::__detail::_Hash_code_base<Location, std::pair<Location const, unsigned long>, std::__detail::_Select1st, LocationHasher, std::__detail::_Mod_range_hashing, std::__detail::_Default_ranged_hash, true>::_M_store_code(std::__detail::_Hash_node_code_cache<true>&, unsigned long) const
calls=4048 1362 
* 48576
* 1192296
cfi=(276)
cfn=(3106)
calls=170328 1362 
* 2043936
+3 1046256
cfn=(3108)
calls=174376 2007 
* 9483629
+1 871880
+1 871880
cfi=(276)
cfn=(3044)
calls=174376 436 
* 4359400
* 174376
+1 871880

fn=(3082)
2559 32384
+6 20240
cfn=(3084)
calls=4048 +17 
* 31401823
+9 16192

fn=(3140)
792 3432702
+1 4004819
cfi=(276)
cfn=(3142)
calls=572117 1346 
* 19451978
* 1144234

fn=(3042)
464 21216
+1 21216

fn=(3104)
416 24425
+1 43965

fn=(3176) std::_Hashtable<Location, std::pair<Location const, unsigned long>, std::allocator<std::pair<Location const, unsigned long> >, std::__detail::_Select1st, std::equal_to<Location>, LocationHasher, std::__detail::_Mod_range_hashing, std::__detail::_Default_ranged_hash, std::__detail::_Prime_rehash_policy, std::__detail::_Hashtable_traits<true, false, true> >::~_Hashtable()
1595 4185
+13 2511
cfn=(3178)
calls=837 2520 
* 53500185
+1 2511
cfn=(3100)
calls=837 455 
* 263522
+1 2511
cfi=(276)
cfn=(3196) std::__detail::_Hashtable_alloc<std::allocator<std::__detail::_Hash_node<std::pair<Location const, unsigned long>, true> > >::~_Hashtable_alloc()
calls=837 1912 
* 26784
* 2511

fn=(3218) std::_Hashtable<Location, std::pair<Location const, unsigned long>, std::allocator<std::pair<Location const, unsigned long> >, std::__detail::_Select1st, std::equal_to<Location>, LocationHasher, std::__detail::_Mod_range_hashing, std::__detail::_Default_ranged_hash, std::__detail::_Prime_rehash_policy, std::__detail::_Hashtable_traits<true, false, true> >::_Scoped_node::_Scoped_node<std::piecewise_construct_t const&, std::tuple<Location const&>, std::tuple<> >(std::__detail::_Hashtable_alloc<std::allocator<std::__detail::_Hash_node<std::pair<Location const, unsigned long>, true> > >*, std::piecewise_construct_t const&, std::tuple<Location const&>&&, std::tuple<>&&)
305 1043856
+1 260964
+1 347952
cfi=(244)
cfn=(3220) std::tuple<>&& std::forward<std::tuple<> >(std::remove_reference<std::tuple<> >::type&)
calls=86988 70 
* 608916
* 347952
cfi=(244)
cfn=(3222) std::tuple<Location const&>&& std::forward<std::tuple<Location const&> >(std::remove_reference<std::tuple<Location const&> >::type&)
calls=86988 70 
* 608916
* 347952
cfi=(244)
cfn=(3224) std::piecewise_construct_t const& std::forward<std::piecewise_construct_t const&>(std::remove_reference<std::piecewise_construct_t const&>::type&)
calls=86988 70 
* 608916
* 434940
cfi=(276)
cfn=(3226) std::__detail::_Hash_node<std::pair<Location const, unsigned long>, true>* std::__detail::_Hashtable_alloc<std::allocator<std::__detail::_Hash_node<std::pair<Location const, unsigned long>, true> > >::_M_allocate_node<std::piecewise_construct_t const&, std::tuple<Location const&>, std::tuple<> >(std::piecewise_construct_t const&, std::tuple<Location const&>&&, std::tuple<>&&)
calls=86988 1987 
* 48612691
* 173976
+1 608916

fl=(242)
fn=(1754) unsigned long* std::__niter_base<unsigned long*>(unsigned long*)
316 36
+2 27

fn=(2396) Location* std::__copy_move<true, true, std::random_access_iterator_tag>::__copy_m<Location, Location>(Location*, Location*, Location*)
433 611030
+2 611030
+1 436450
+1 956879
cob=(4)
cfi=(175)
cfn=(1904)
calls=86989 0 
* 1209994
* 86989
+1 602
+2 5
cfn=(2752) void std::__copy_move<true, false, std::random_access_iterator_tag>::__assign_one<Location, Location>(Location*, Location*)
calls=1 -18 
* 24
+1 698320
+1 174580

fn=(1748) unsigned long* std::copy<unsigned long*, unsigned long*>(unsigned long*, unsigned long*, unsigned long*)
624 24
+9 9
cfi=(245)
cfn=(1750)
calls=3 -26 
* 21
* 12
cfi=(245)
cfn=(1750)
calls=3 -26 
* 21
* 18
cfn=(1752) unsigned long* std::__copy_move_a<false, unsigned long*, unsigned long*>(unsigned long*, unsigned long*, unsigned long*)
calls=3 -95 
* 484
+1 9

fn=(1770) std::_Bit_iterator std::__niter_base<std::_Bit_iterator>(std::_Bit_iterator)
316 63
+2 72

fn=(1804) std::_Bit_iterator std::__copy_move_a<false, std::_Bit_iterator, std::_Bit_iterator>(std::_Bit_iterator, std::_Bit_iterator, std::_Bit_iterator)
538 30
+2 10
cfn=(1770)
calls=2 316 
* 30
* 14
cfn=(1770)
calls=2 316 
* 30
* 14
cfn=(1770)
calls=2 316 
* 30
* 26
cfn=(1806) std::_Bit_iterator std::__copy_move_a1<false, std::_Bit_iterator, std::_Bit_iterator>(std::_Bit_iterator, std::_Bit_iterator, std::_Bit_iterator)
calls=2 -8 
* 282
* 16
cfn=(1780) std::_Bit_iterator std::__niter_wrap<std::_Bit_iterator>(std::_Bit_iterator const&, std::_Bit_iterator)
calls=2 338 
* 32
* 4
+3 4
+1 6

fn=(1868) unsigned long const& std::min<unsigned long>(unsigned long const&, unsigned long const&)
233 6993890
+5 8392668
+2 1398778
+1 2797556

fn=(1982) Location* std::copy<__gnu_cxx::__normal_iterator<Location const*, std::vector<Location, std::allocator<Location> > >, Location*>(__gnu_cxx::__normal_iterator<Location const*, std::vector<Location, std::allocator<Location> > >, __gnu_cxx::__normal_iterator<Location const*, std::vector<Location, std::allocator<Location> > >, Location*)
624 3208
+9 1203
cfi=(245)
cfn=(1984)
calls=401 -26 
* 2807
* 1604
cfi=(245)
cfn=(1984)
calls=401 -26 
* 2807
* 2406
cfn=(1986) Location* std::__copy_move_a<false, __gnu_cxx::__normal_iterator<Location const*, std::vector<Location, std::allocator<Location> > >, Location*>(__gnu_cxx::__normal_iterator<Location const*, std::vector<Location, std::allocator<Location> > >, __gnu_cxx::__normal_iterator<Location const*, std::vector<Location, std::allocator<Location> > >, Location*)
calls=401 -95 
* 175613
+1 1203

fn=(1986)
538 3609
+2 1203
cfn=(1898) Location* std::__niter_base<Location*>(Location*)
calls=401 316 
* 2807
* 1604
cfi=(247)
cfn=(1988)
calls=401 1357 
* 7218
* 1604
cfi=(247)
cfn=(1988)
calls=401 1357 
* 7218
* 1604
cfn=(1992) Location* std::__copy_move_a1<false, Location const*, Location*>(Location const*, Location const*, Location*)
calls=401 -8 
* 141528
* 2005
cfn=(1998) Location* std::__niter_wrap<Location*>(Location* const&, Location*)
calls=401 338 
* 3208
+4 2005

fn=(2566) unsigned long* std::fill_n<unsigned long*, unsigned long, unsigned long>(unsigned long*, unsigned long, unsigned long const&)
1152 2926
fi=(333)
240 418
fe=(242)
1157 1254
cfn=(2360) std::__size_to_integer(unsigned long)
calls=418 1018 
* 2926
* 2508
cfn=(2568) unsigned long* std::__fill_n_a<unsigned long*, unsigned long, unsigned long>(unsigned long*, unsigned long, unsigned long const&, std::random_access_iterator_tag)
calls=418 -40 
* 1191300
+2 836

fn=(2570) void std::__fill_a<unsigned long*, unsigned long>(unsigned long*, unsigned long*, unsigned long const&)
976 2926
+1 2508
cfn=(2572) __gnu_cxx::__enable_if<std::__is_scalar<unsigned long>::__value, void>::__type std::__fill_a1<unsigned long*, unsigned long>(unsigned long*, unsigned long*, unsigned long const&)
calls=418 -51 
* 1174580
* 1254

fn=(2572)
926 2508
+3 1254
+1 418
+1 500346
-1 668382
+2 1672

fn=(2622) void std::iter_swap<__gnu_cxx::__normal_iterator<unsigned long*, std::vector<unsigned long, std::allocator<unsigned long> > >, __gnu_cxx::__normal_iterator<unsigned long*, std::vector<unsigned long, std::allocator<unsigned long> > > >(__gnu_cxx::__normal_iterator<unsigned long*, std::vector<unsigned long, std::allocator<unsigned long> > >, __gnu_cxx::__normal_iterator<unsigned long*, std::vector<unsigned long, std::allocator<unsigned long> > >)
155 1237887
+30 530523
cfi=(247)
cfn=(2586)
calls=176841 1099 
* 1414728
* 707364
cfi=(247)
cfn=(2586)
calls=176841 1099 
* 1414728
* 530523
cfi=(244)
cfn=(2624) std::enable_if<std::__and_<std::__not_<std::__is_tuple_like<unsigned long> >, std::is_move_constructible<unsigned long>, std::is_move_assignable<unsigned long> >::value, void>::type std::swap<unsigned long>(unsigned long&, unsigned long&)
calls=176841 +4 
* 9372573
+2 707364

fn=(2644) __gnu_cxx::__normal_iterator<unsigned long*, std::vector<unsigned long, std::allocator<unsigned long> > > std::__copy_move_backward_a<true, __gnu_cxx::__normal_iterator<unsigned long*, std::vector<unsigned long, std::allocator<unsigned long> > >, __gnu_cxx::__normal_iterator<unsigned long*, std::vector<unsigned long, std::allocator<unsigned long> > > >(__gnu_cxx::__normal_iterator<unsigned long*, std::vector<unsigned long, std::allocator<unsigned long> > >, __gnu_cxx::__normal_iterator<unsigned long*, std::vector<unsigned long, std::allocator<unsigned long> > >, __gnu_cxx::__normal_iterator<unsigned long*, std::vector<unsigned long, std::allocator<unsigned long> > >)
805 7371
+2 2457
cfi=(247)
cfn=(2646)
calls=819 1357 
* 14742
* 3276
cfi=(247)
cfn=(2646)
calls=819 1357 
* 14742
* 3276
cfi=(247)
cfn=(2646)
calls=819 1357 
* 14742
* 3276
cfn=(2648) unsigned long* std::__copy_move_backward_a1<true, unsigned long*, unsigned long*>(unsigned long*, unsigned long*, unsigned long*)
calls=819 -30 
* 67740
* 4095
cfn=(2656) __gnu_cxx::__normal_iterator<unsigned long*, std::vector<unsigned long, std::allocator<unsigned long> > > std::__niter_wrap<__gnu_cxx::__normal_iterator<unsigned long*, std::vector<unsigned long, std::allocator<unsigned long> > >, unsigned long*>(__gnu_cxx::__normal_iterator<unsigned long*, std::vector<unsigned long, std::allocator<unsigned long> > >, unsigned long*)
calls=819 331 
* 62244
+4 4095

fn=(2652) unsigned long* std::__copy_move_backward<true, true, std::random_access_iterator_tag>::__copy_move_b<unsigned long, unsigned long>(unsigned long*, unsigned long*, unsigned long*)
744 5733
+2 3276
+1 4095
+1 4812
cob=(4)
cfi=(175)
cfn=(1904)
calls=401 0 
* 5761
* 401
+1 836
+2 2508
cfn=(2654) void std::__copy_move<true, false, std::random_access_iterator_tag>::__assign_one<unsigned long, unsigned long>(unsigned long*, unsigned long*)
calls=418 422 
* 9196
+1 4914
+1 1638

fn=(2742) Location* std::move_backward<Location*, Location*>(Location*, Location*, Location*)
892 1278776
+9 479541
cfi=(245)
cfn=(2388)
calls=159847 607 
* 1118929
* 639388
cfi=(245)
cfn=(2388)
calls=159847 607 
* 1118929
* 959082
cfn=(2744) Location* std::__copy_move_backward_a<true, Location*, Location*>(Location*, Location*, Location*)
calls=159847 -96 
* 24936343
+3 479541

fn=(1732) unsigned long const& std::max<unsigned long>(unsigned long const&, unsigned long const&)
257 3497815
+5 4197378
+1 348916
+1 525105
+1 1399126

fn=(1760) unsigned long* std::__copy_move<false, true, std::random_access_iterator_tag>::__copy_m<unsigned long, unsigned long>(unsigned long*, unsigned long*, unsigned long*)
433 21
+2 12
+1 15
+1 7
cob=(4)
cfi=(175)
cfn=(1904)
calls=1 0 
* 127
* 1
+1 4
+3 12
+1 6

fn=(1768) std::_Bit_iterator std::__copy_move_a<false, std::_Bit_const_iterator, std::_Bit_iterator>(std::_Bit_const_iterator, std::_Bit_const_iterator, std::_Bit_iterator)
538 45
+2 15
cfn=(1770)
calls=3 316 
* 45
* 21
cfn=(1772) std::_Bit_const_iterator std::__niter_base<std::_Bit_const_iterator>(std::_Bit_const_iterator)
calls=3 316 
* 45
* 21
cfn=(1772)
calls=3 316 
* 45
* 39
cfn=(1774) std::_Bit_iterator std::__copy_move_a1<false, std::_Bit_const_iterator, std::_Bit_iterator>(std::_Bit_const_iterator, std::_Bit_const_iterator, std::_Bit_iterator)
calls=3 -8 
* 423
* 24
cfn=(1780)
calls=3 338 
* 48
* 6
+3 6
+1 9

fn=(1800)
624 30
+9 10
cfi=(245)
cfn=(1802)
calls=2 -26 
* 30
* 14
cfi=(245)
cfn=(1802)
calls=2 -26 
* 30
* 26
cfn=(1804)
calls=2 -95 
* 528
* 8
+1 6

fn=(1898)
316 19732928
+2 14799696

fn=(2362) Location* std::__fill_n_a<Location*, unsigned long, Location>(Location*, unsigned long, Location const&, std::random_access_iterator_tag)
1117 1050
+6 300
+5 1950
cfn=(2364) void std::__fill_a<Location*, Location>(Location*, Location*, Location const&)
calls=150 976 
* 8620
+1 1200
+1 300

fn=(2390) Location* std::__copy_move_a<true, Location*, Location*>(Location*, Location*, Location*)
538 785610
+2 261870
cfn=(1898)
calls=87290 316 
* 611030
* 349160
cfn=(1898)
calls=87290 316 
* 611030
* 349160
cfn=(1898)
calls=87290 316 
* 611030
* 349160
cfn=(2392) Location* std::__copy_move_a1<true, Location*, Location*>(Location*, Location*, Location*)
calls=87290 -8 
* 7404603
* 436450
cfn=(1998)
calls=87290 338 
* 698320
+4 436450

fn=(2394) Location* std::__copy_move_a2<true, Location*, Location*>(Location*, Location*, Location*)
497 611030
+9 523740
cfn=(2396)
calls=87290 -73 
* 4785903
+1 174580

fn=(2650) unsigned long* std::__copy_move_backward_a2<true, unsigned long*, unsigned long*>(unsigned long*, unsigned long*, unsigned long*)
759 5733
+10 4914
cfn=(2652)
calls=819 -25 
* 43170
+3 1638

fn=(2654)
422 2508
+1 1254
cfi=(244)
cfn=(2626)
calls=418 97 
* 2926
* 2508

fn=(2956) __gnu_cxx::__normal_iterator<Location*, std::vector<Location, std::allocator<Location> > > std::__find_if<__gnu_cxx::__normal_iterator<Location*, std::vector<Location, std::allocator<Location> > >, __gnu_cxx::__ops::_Iter_equals_val<Location const> >(__gnu_cxx::__normal_iterator<Location*, std::vector<Location, std::allocator<Location> > >, __gnu_cxx::__normal_iterator<Location*, std::vector<Location, std::allocator<Location> > >, __gnu_cxx::__ops::_Iter_equals_val<Location const>)
2115 608916
fi=(333)
240 86988
fe=(242)
2117 521928
cfn=(2958) __gnu_cxx::__normal_iterator<Location*, std::vector<Location, std::allocator<Location> > > std::__find_if<__gnu_cxx::__normal_iterator<Location*, std::vector<Location, std::allocator<Location> > >, __gnu_cxx::__ops::_Iter_equals_val<Location const> >(__gnu_cxx::__normal_iterator<Location*, std::vector<Location, std::allocator<Location> > >, __gnu_cxx::__normal_iterator<Location*, std::vector<Location, std::allocator<Location> > >, __gnu_cxx::__ops::_Iter_equals_val<Location const>, std::random_access_iterator_tag)
calls=86988 -53 
* 11925031
+2 173976

fn=(2958)
2064 608916
+4 434940
cfi=(247)
cfn=(1874)
calls=86988 1334 
* 3218556
* 173976
+2 86988
+2 434940
cfi=(262)
cfn=(2960) bool __gnu_cxx::__ops::_Iter_equals_val<Location const>::operator()<__gnu_cxx::__normal_iterator<Location*, std::vector<Location, std::allocator<Location> > > >(__gnu_cxx::__normal_iterator<Location*, std::vector<Location, std::allocator<Location> > >)
calls=86988 269 
* 4551864
* 173976
+1 147612
+1 39546
cfi=(247)
cfn=(2692)
calls=13182 1109 
* 158184
+2 65910
cfi=(262)
cfn=(2960)
calls=13182 269 
* 647746
* 26364
+1 15200
+1 16746
cfi=(247)
cfn=(2692)
calls=5582 1109 
* 66984
+2 27910
cfi=(262)
cfn=(2960)
calls=5582 269 
* 266184
* 11164
+1 6068
+1 7644
cfi=(247)
cfn=(2692)
calls=2548 1109 
* 30576
+2 12740
cfi=(262)
cfn=(2960)
calls=2548 269 
* 116675
* 5096
+1 2270
+1 4239
cfi=(247)
cfn=(2692)
calls=1413 1109 
* 16956
-16 178215
+19 7065
cfi=(247)
cfn=(1874)
calls=1413 1334 
* 52281
* 9990
+3 505
cfi=(262)
cfn=(2960)
calls=101 269 
* 4040
* 202
+2 303
cfi=(247)
cfn=(2692)
calls=101 1109 
* 1212
+3 5295
cfi=(262)
cfn=(2960)
calls=1059 269 
* 49068
* 2118
+1 1032
+1 1629
cfi=(247)
cfn=(2692)
calls=543 1109 
* 6516
+3 4485
cfi=(262)
cfn=(2960)
calls=897 269 
* 47541
* 1794
+1 1794
+7 173976

fn=(1776) std::_Bit_iterator std::__copy_move_a2<false, std::_Bit_const_iterator, std::_Bit_iterator>(std::_Bit_const_iterator, std::_Bit_const_iterator, std::_Bit_iterator)
497 45
+9 33
cfn=(1778) std::_Bit_iterator std::__copy_move<false, false, std::random_access_iterator_tag>::__copy_m<std::_Bit_const_iterator, std::_Bit_iterator>(std::_Bit_const_iterator, std::_Bit_const_iterator, std::_Bit_iterator)
calls=3 383 
* 225
* 12
+1 9

fn=(2170) int* std::__niter_base<int*>(int*)
316 480
+2 360

fn=(2458) int* std::fill_n<int*, unsigned long, int>(int*, unsigned long, int const&)
1152 5852
fi=(333)
240 836
fe=(242)
1157 2508
cfn=(2360)
calls=836 1018 
* 5852
* 5016
cfn=(2460) int* std::__fill_n_a<int*, unsigned long, int>(int*, unsigned long, int const&, std::random_access_iterator_tag)
calls=836 -40 
* 46863652
+2 1672

fn=(2464) __gnu_cxx::__enable_if<std::__is_scalar<int>::__value, void>::__type std::__fill_a1<int*, int>(int*, int*, int const&)
926 5016
+3 2508
+1 836
+1 20064000
-1 26754508
+2 3344

fn=(1764) std::_Bit_iterator std::copy<std::_Bit_const_iterator, std::_Bit_iterator>(std::_Bit_const_iterator, std::_Bit_const_iterator, std::_Bit_iterator)
624 45
+9 15
cfi=(245)
cfn=(1766)
calls=3 -26 
* 45
* 21
cfi=(245)
cfn=(1766)
calls=3 -26 
* 45
* 39
cfn=(1768)
calls=3 -95 
* 792
* 12
+1 9

fn=(2268) std::vector<Location, std::allocator<Location> >* std::__niter_base<std::vector<Location, std::allocator<Location> >*>(std::vector<Location, std::allocator<Location> >*)
316 12
+2 9

fn=(2366) __gnu_cxx::__enable_if<!std::__is_scalar<Location>::__value, void>::__type std::__fill_a1<Location*, Location>(Location*, Location*, Location const&)
915 900
+3 150
+1 2472
-1 2098
+2 600

fn=(2460)
1117 5852
+6 1672
+5 7524
cfn=(2462) void std::__fill_a<int*, int>(int*, int*, int const&)
calls=836 976 
* 46843588
+1 3344
+1 1672

fn=(2748) Location* std::__copy_move_backward_a2<true, Location*, Location*>(Location*, Location*, Location*)
759 1118929
+10 959082
cfn=(2750) Location* std::__copy_move_backward<true, true, std::random_access_iterator_tag>::__copy_move_b<Location, Location>(Location*, Location*, Location*)
calls=159847 -25 
* 10070572
+3 319694

fn=(1756) unsigned long* std::__copy_move_a1<false, unsigned long*, unsigned long*>(unsigned long*, unsigned long*, unsigned long*)
532 21
+1 18
cfn=(1758) unsigned long* std::__copy_move_a2<false, unsigned long*, unsigned long*>(unsigned long*, unsigned long*, unsigned long*)
calls=3 -36 
* 250
* 6

fn=(1762) unsigned long* std::__niter_wrap<unsigned long*>(unsigned long* const&, unsigned long*)
338 15
+1 9

fn=(1772)
316 42
+2 48

fn=(1778)
383 54
+3 15
cfi=(239)
cfn=(1706) std::operator-(std::_Bit_iterator_base const&, std::_Bit_iterator_base const&)
calls=3 -94 
* 108
* 12
+6 18
+1 18

fn=(1780)
338 40
+1 40

fn=(1788)
1000 22
+7 18
cfn=(1790) void std::__fill_a<std::_Bit_iterator, bool>(std::_Bit_iterator, std::_Bit_iterator, bool const&)
calls=2 -31 
* 292
+1 6

fn=(1810) std::_Bit_iterator std::__copy_move<false, false, std::random_access_iterator_tag>::__copy_m<std::_Bit_iterator, std::_Bit_iterator>(std::_Bit_iterator, std::_Bit_iterator, std::_Bit_iterator)
383 36
+3 10
cfi=(239)
cfn=(1706)
calls=2 -94 
* 72
* 8
+6 12
+1 12

fn=(2338) float* std::__niter_base<float*>(float*)
316 480
+2 360

fn=(2364)
976 1050
+1 900
cfn=(2366)
calls=150 -62 
* 6220
* 450

fn=(2568)
1117 2926
+6 836
+5 3762
cfn=(2570)
calls=418 976 
* 1181268
+1 1672
+1 836

fn=(2602) long std::__lg<long>(long)
1515 2090
+3 1254
cfi=(266) /usr/include/c++/13/bit
cfn=(2604) int std::__bit_width<unsigned long>(unsigned long)
calls=418 365 
* 12540
* 836
+10 836

fn=(2648)
777 5733
+1 4914
cfn=(2650)
calls=819 -19 
* 55455
* 1638

fn=(2744)
805 1438623
+2 479541
cfn=(1898)
calls=159847 316 
* 1118929
* 639388
cfn=(1898)
calls=159847 316 
* 1118929
* 639388
cfn=(1898)
calls=159847 316 
* 1118929
* 639388
cfn=(2746) Location* std::__copy_move_backward_a1<true, Location*, Location*>(Location*, Location*, Location*)
calls=159847 -30 
* 14865982
* 799235
cfn=(1998)
calls=159847 338 
* 1278776
+4 799235

fn=(2766) Location* std::move<Location*, Location*>(Location*, Location*, Location*)
657 695920
+8 260970
cfi=(245)
cfn=(2388)
calls=86990 -58 
* 608930
* 347960
cfi=(245)
cfn=(2388)
calls=86990 -58 
* 608930
* 521940
cfn=(2390)
calls=86990 538 
* 12866673
+2 260970

fn=(1994) Location* std::__copy_move_a2<false, Location const*, Location*>(Location const*, Location const*, Location*)
497 2807
+9 2406
cfn=(1996) Location* std::__copy_move<false, true, std::random_access_iterator_tag>::__copy_m<Location const, Location>(Location const*, Location const*, Location*)
calls=401 -73 
* 129498
+1 802

fn=(1998)
338 1237690
+1 742614

fn=(2360)
1018 9828

fn=(2462)
976 5852
+1 5016
cfn=(2464)
calls=836 -51 
* 46830212
* 2508

fn=(2746)
777 1118929
+1 959082
cfn=(2748)
calls=159847 -19 
* 12468277
* 319694

fn=(2750)
744 1118929
+2 1118929
+1 799235
+1 1600580
cob=(4)
cfi=(175)
cfn=(1904)
calls=80029 0 
* 1040377
* 80029
+1 159636
+2 478908
cfn=(2752)
calls=79818 422 
* 1915632
+1 1438623
+1 319694

fn=(1752)
538 27
+2 9
cfn=(1754)
calls=3 316 
* 21
* 12
cfn=(1754)
calls=3 316 
* 21
* 12
cfn=(1754)
calls=3 316 
* 21
* 12
cfn=(1756)
calls=3 -8 
* 295
* 15
cfn=(1762)
calls=3 338 
* 24
+4 15

fn=(1758)
497 21
+9 18
cfn=(1760)
calls=3 -73 
* 205
+1 6

fn=(1790)
976 22
+1 18
cfi=(239)
cfn=(1792) std::__fill_a1(std::_Bit_iterator, std::_Bit_iterator, bool const&)
calls=2 1605 
* 246
* 6

fn=(1806)
532 30
+1 22
cfn=(1808) std::_Bit_iterator std::__copy_move_a2<false, std::_Bit_iterator, std::_Bit_iterator>(std::_Bit_iterator, std::_Bit_iterator, std::_Bit_iterator)
calls=2 -36 
* 216
* 14

fn=(1808)
497 30
+9 22
cfn=(1810)
calls=2 383 
* 150
* 8
+1 6

fn=(2422) std::_Bit_iterator std::__find_if<std::_Bit_iterator, __gnu_cxx::__ops::_Iter_negate<PIBT::solve<ManhattanExpander, ManhattanHeuristic, SafePlanner>(Environment const&, MAPFInstance&, ManhattanExpander const&, ManhattanHeuristic const&, SafePlanner&, SearchMetrics&)::{lambda(bool)#1}> >(std::_Bit_iterator, std::_Bit_iterator, __gnu_cxx::__ops::_Iter_negate<PIBT::solve<ManhattanExpander, ManhattanHeuristic, SafePlanner>(Environment const&, MAPFInstance&, ManhattanExpander const&, ManhattanHeuristic const&, SafePlanner&, SearchMetrics&)::{lambda(bool)#1}>, std::random_access_iterator_tag)
2064 4190
+4 2095
cfi=(239)
cfn=(1706)
calls=419 292 
* 15084
* 838
+2 419
+2 25062
cfi=(262)
cfn=(2424) bool __gnu_cxx::__ops::_Iter_negate<PIBT::solve<ManhattanExpander, ManhattanHeuristic, SafePlanner>(Environment const&, MAPFInstance&, ManhattanExpander const&, ManhattanHeuristic const&, SafePlanner&, SearchMetrics&)::{lambda(bool)#1}>::operator()<std::_Bit_iterator>(std::_Bit_iterator)
calls=4177 394 
* 434408
* 8354
+1 520
+1 12219
cfi=(239)
cfn=(2814) std::_Bit_iterator::operator++()
calls=4073 334 
* 138482
+2 24438
cfi=(262)
cfn=(2424)
calls=4073 394 
* 423592
* 8146
+1 1235
+1 11478
cfi=(239)
cfn=(2814)
calls=3826 334 
* 130084
+2 22956
cfi=(262)
cfn=(2424)
calls=3826 394 
* 397904
* 7652
+1 35
+1 11457
cfi=(239)
cfn=(2814)
calls=3819 334 
* 129846
+2 22914
cfi=(262)
cfn=(2424)
calls=3819 394 
* 397176
* 7638
+1 300
+1 11277
cfi=(239)
cfn=(2814)
calls=3759 334 
* 129157
-16 12115
+19 5
cfi=(239)
cfn=(1706)
calls=1 292 
* 36
* 9
+19 4
+2 1676

fn=(1774)
532 45
+1 33
cfn=(1776)
calls=3 -36 
* 324
* 21

fn=(1992)
532 2807
+1 2406
cfn=(1994)
calls=401 -36 
* 135513
* 802

fn=(1996)
433 2807
+2 2807
+1 2005
+1 4411
cob=(4)
cfi=(175)
cfn=(1904)
calls=401 0 
* 113057
* 401
+4 3208
+1 802

fn=(2358) Location* std::fill_n<Location*, unsigned long, Location>(Location*, unsigned long, Location const&)
1152 1050
fi=(333)
240 150
fe=(242)
1157 450
cfn=(2360)
calls=150 1018 
* 1050
* 900
cfn=(2362)
calls=150 -40 
* 13420
+2 300

fn=(2382) Location* std::copy<std::move_iterator<Location*>, Location*>(std::move_iterator<Location*>, std::move_iterator<Location*>, Location*)
624 2400
+9 900
cfi=(247)
cfn=(2384)
calls=300 2968 
* 8100
* 1200
cfi=(247)
cfn=(2384)
calls=300 2968 
* 8100
* 1800
cfn=(2390)
calls=300 -95 
* 37200
+1 900

fn=(2392)
532 611030
+1 523740
cfn=(2394)
calls=87290 -36 
* 6095253
* 174580

fn=(2640) __gnu_cxx::__normal_iterator<unsigned long*, std::vector<unsigned long, std::allocator<unsigned long> > > std::move_backward<__gnu_cxx::__normal_iterator<unsigned long*, std::vector<unsigned long, std::allocator<unsigned long> > >, __gnu_cxx::__normal_iterator<unsigned long*, std::vector<unsigned long, std::allocator<unsigned long> > > >(__gnu_cxx::__normal_iterator<unsigned long*, std::vector<unsigned long, std::allocator<unsigned long> > >, __gnu_cxx::__normal_iterator<unsigned long*, std::vector<unsigned long, std::allocator<unsigned long> > >, __gnu_cxx::__normal_iterator<unsigned long*, std::vector<unsigned long, std::allocator<unsigned long> > >)
892 6552
+9 2457
cfi=(245)
cfn=(2642)
calls=819 607 
* 5733
* 3276
cfi=(245)
cfn=(2642)
calls=819 607 
* 5733
* 4914
cfn=(2644)
calls=819 -96 
* 202056
+3 2457

fn=(2656)
331 4914
+1 2457
cfi=(247)
cfn=(2646)
calls=819 1357 
* 14742
* 7371
cfi=(247)
cfn=(2612)
calls=819 1147 
* 31122
* 1638

fn=(2752)
422 478914
+1 239457
cfi=(244)
cfn=(2110) std::remove_reference<Location&>::type&& std::move<Location&>(Location&)
calls=79819 97 
* 558733
* 638552

fl=(244)
fn=(2996) std::remove_reference<std::pair<Location const, unsigned long>&>::type&& std::move<std::pair<Location const, unsigned long>&>(std::pair<Location const, unsigned long>&)
97 349552
+1 262164

fn=(3166) std::__detail::_Hash_node_base** std::__addressof<std::__detail::_Hash_node_base*>(std::__detail::_Hash_node_base*&)
51 16192
+1 12144

fn=(3190) std::__detail::_Hash_node<std::pair<Location const, unsigned long>, true>* std::__addressof<std::__detail::_Hash_node<std::pair<Location const, unsigned long>, true> >(std::__detail::_Hash_node<std::pair<Location const, unsigned long>, true>&)
51 697504
+1 523128

fn=(2412) std::remove_reference<PIBT::solve<ManhattanExpander, ManhattanHeuristic, SafePlanner>(Environment const&, MAPFInstance&, ManhattanExpander const&, ManhattanHeuristic const&, SafePlanner&, SearchMetrics&)::{lambda(bool)#1}&>::type&& std::move<PIBT::solve<ManhattanExpander, ManhattanHeuristic, SafePlanner>(Environment const&, MAPFInstance&, ManhattanExpander const&, ManhattanHeuristic const&, SafePlanner&, SearchMetrics&)::{lambda(bool)#1}&>(PIBT::solve<ManhattanExpander, ManhattanHeuristic, SafePlanner>(Environment const&, MAPFInstance&, ManhattanExpander const&, ManhattanHeuristic const&, SafePlanner&, SearchMetrics&)::{lambda(bool)#1}&)
97 6704
+1 5028

fn=(1742)
51 1696
+1 1272

fn=(2158)
70 6480
+1 4860

fn=(2326)
70 6480
+1 4860

fn=(2374)
97 2400
+1 1800

fn=(2756) std::remove_reference<__gnu_cxx::__ops::_Iter_comp_iter<PIBT::solve_one_agent<ManhattanExpander, ManhattanHeuristic>(int, int, int, Environment const&, MAPFInstance const&, ManhattanExpander const&, ManhattanHeuristic const&, std::vector<int, std::allocator<int> >&, std::vector<int, std::allocator<int> >&)::{lambda(Location const&, Location const&)#1}>&>::type&& std::move<__gnu_cxx::__ops::_Iter_comp_iter<PIBT::solve_one_agent<ManhattanExpander, ManhattanHeuristic>(int, int, int, Environment const&, MAPFInstance const&, ManhattanExpander const&, ManhattanHeuristic const&, std::vector<int, std::allocator<int> >&, std::vector<int, std::allocator<int> >&)::{lambda(Location const&, Location const&)#1}>&>(__gnu_cxx::__ops::_Iter_comp_iter<PIBT::solve_one_agent<ManhattanExpander, ManhattanHeuristic>(int, int, int, Environment const&, MAPFInstance const&, ManhattanExpander const&, ManhattanHeuristic const&, std::vector<int, std::allocator<int> >&, std::vector<int, std::allocator<int> >&)::{lambda(Location const&, Location const&)#1}>&)
97 825076
+1 618807

fn=(3188) std::__detail::_Hash_node<std::pair<Location const, unsigned long>, true>* std::addressof<std::__detail::_Hash_node<std::pair<Location const, unsigned long>, true> >(std::__detail::_Hash_node<std::pair<Location const, unsigned long>, true>&)
138 871880
+1 523128
cfn=(3190)
calls=174376 -88 
* 1220632
* 348752

fn=(1884)
70 12750600
+1 9562950

fn=(2110)
97 4803856
+1 3602892

fn=(2260) std::vector<Location, std::allocator<Location> >* std::__addressof<std::vector<Location, std::allocator<Location> > >(std::vector<Location, std::allocator<Location> >&)
51 6400
+1 4800

fn=(2718)
70 347952
+1 260964

fn=(2840)
51 4
+1 3

fn=(3002)
70 2097312
+1 1572984

fn=(3032) std::pair<Location const, unsigned long>& std::forward<std::pair<Location const, unsigned long>&>(std::remove_reference<std::pair<Location const, unsigned long>&>::type&)
70 349552
+1 262164

fn=(3156) std::pair<Location const, unsigned long> const& std::forward<std::pair<Location const, unsigned long> const&>(std::remove_reference<std::pair<Location const, unsigned long> const&>::type&)
70 2160576
+1 1620432

fn=(3222)
70 1391808
+1 1043856

fn=(2522)
70 1600
+1 1200

fn=(2594) std::remove_reference<PIBT::solve<ManhattanExpander, ManhattanHeuristic, SafePlanner>(Environment const&, MAPFInstance&, ManhattanExpander const&, ManhattanHeuristic const&, SafePlanner&, SearchMetrics&)::{lambda(unsigned long, unsigned long)#1}&>::type&& std::move<PIBT::solve<ManhattanExpander, ManhattanHeuristic, SafePlanner>(Environment const&, MAPFInstance&, ManhattanExpander const&, ManhattanHeuristic const&, SafePlanner&, SearchMetrics&)::{lambda(unsigned long, unsigned long)#1}&>(PIBT::solve<ManhattanExpander, ManhattanHeuristic, SafePlanner>(Environment const&, MAPFInstance&, ManhattanExpander const&, ManhattanHeuristic const&, SafePlanner&, SearchMetrics&)::{lambda(unsigned long, unsigned long)#1}&)
97 690620
+1 517965

fn=(2624)
189 1591569
+8 530523
cfn=(2626)
calls=176841 97 
* 1237887
* 353682
+1 530523
cfn=(2626)
calls=176841 97 
* 1237887
* 530523
+1 530523
cfn=(2626)
calls=176841 97 
* 1237887
* 530523
+1 1061046

fn=(3114)
70 699104
+1 524328

fn=(3224)
70 1391808
+1 1043856

fn=(3450)
97 4
+1 3

fn=(2660)
97 687276
+1 515457

fn=(2858) std::vector<Location, std::allocator<Location> > const& std::forward<std::vector<Location, std::allocator<Location> > const&>(std::remove_reference<std::vector<Location, std::allocator<Location> > const&>::type&)
70 1600
+1 1200

fn=(3112)
70 349552
+1 262164

fn=(3120)
97 699104
+1 524328

fn=(3124)
70 349552
+1 262164

fn=(3220)
70 1391808
+1 1043856

fn=(2716)
70 347952
+1 260964

fn=(2496)
70 6400
+1 4800

fn=(2626)
97 5111396
+1 3833547

fn=(2700) std::remove_reference<PIBT::solve_one_agent<ManhattanExpander, ManhattanHeuristic>(int, int, int, Environment const&, MAPFInstance const&, ManhattanExpander const&, ManhattanHeuristic const&, std::vector<int, std::allocator<int> >&, std::vector<int, std::allocator<int> >&)::{lambda(Location const&, Location const&)#1}&>::type&& std::move<PIBT::solve_one_agent<ManhattanExpander, ManhattanHeuristic>(int, int, int, Environment const&, MAPFInstance const&, ManhattanExpander const&, ManhattanHeuristic const&, std::vector<int, std::allocator<int> >&, std::vector<int, std::allocator<int> >&)::{lambda(Location const&, Location const&)#1}&>(PIBT::solve_one_agent<ManhattanExpander, ManhattanHeuristic>(int, int, int, Environment const&, MAPFInstance const&, ManhattanExpander const&, ManhattanHeuristic const&, std::vector<int, std::allocator<int> >&, std::vector<int, std::allocator<int> >&)::{lambda(Location const&, Location const&)#1}&)
97 1520980
+1 1140735

fn=(3164) std::__detail::_Hash_node_base** std::addressof<std::__detail::_Hash_node_base*>(std::__detail::_Hash_node_base*&)
138 20240
+1 12144
cfn=(3166)
calls=4048 -88 
* 28336
* 8096

fn=(2114)
70 11280
+1 8460

fn=(2992)
70 349552
+1 262164

fl=(251)
fn=(2262) void std::_Construct<std::vector<Location, std::allocator<Location> >>(std::vector<Location, std::allocator<Location> >*)
109 2000
+10 1600
cfi=(248)
cfn=(1888)
calls=400 +56 
* 3200
* 2000
cfi=(240)
cfn=(1684) std::vector<Location, std::allocator<Location> >::vector()
calls=400 531 
* 20800
+1 1200

fn=(2918) void std::_Destroy<std::vector<Location, std::allocator<Location> > >(std::vector<Location, std::allocator<Location> >*)
146 4000
+5 2400
cfi=(240)
cfn=(2002) std::vector<Location, std::allocator<Location> >::~vector()
calls=800 733 
* 282278
+2 2400

fn=(2004)
182 1571508
+14 1309590
cfn=(2006) void std::_Destroy_aux<true>::__destroy<Location*>(Location*, Location*)
calls=261918 -24 
* 2095344
+1 785754

fn=(2780) void std::_Destroy_aux<true>::__destroy<unsigned long*>(unsigned long*, unsigned long*)
172 3344

fn=(2862) void std::_Destroy_aux<false>::__destroy<std::vector<Location, std::allocator<Location> >*>(std::vector<Location, std::allocator<Location> >*, std::vector<Location, std::allocator<Location> >*)
160 18
+2 3
+1 2400
cfi=(244)
cfn=(2260)
calls=800 51 
* 5600
* 1600
cfn=(2918)
calls=800 -17 
* 291078
-1 3209
+2 12

fn=(2902) void std::_Destroy_aux<true>::__destroy<float*>(float*, float*)
172 16

fn=(2564) void std::_Construct<unsigned long>(unsigned long*)
109 2090
+10 1672
cfi=(248)
cfn=(1888)
calls=418 +56 
* 3344
* 418
+1 1254

fn=(2798) void std::_Destroy_aux<true>::__destroy<int*>(int*, int*)
172 6704

fn=(2856) void std::_Construct<std::vector<Location, std::allocator<Location> >, std::vector<Location, std::allocator<Location> > const&>(std::vector<Location, std::allocator<Location> >*, std::vector<Location, std::allocator<Location> > const&)
109 4000
+10 1600
cfi=(248)
cfn=(1888)
calls=400 +56 
* 3200
* 2000
cfi=(244)
cfn=(2858)
calls=400 -49 
* 2800
* 1200
cfi=(240)
cfn=(1958) std::vector<Location, std::allocator<Location> >::vector(std::vector<Location, std::allocator<Location> > const&)
calls=400 601 
* 425572
+1 3200

fn=(2900) void std::_Destroy<float*>(float*, float*)
182 12
+14 10
cfn=(2902)
calls=2 -24 
* 16
+1 6

fn=(2006)
172 2095344

fn=(2778) void std::_Destroy<unsigned long*>(unsigned long*, unsigned long*)
182 2508
+14 2090
cfn=(2780)
calls=418 -24 
* 3344
+1 1254

fn=(2796) void std::_Destroy<int*>(int*, int*)
182 5028
+14 4190
cfn=(2798)
calls=838 -24 
* 6704
+1 2514

fn=(2860)
182 18
+14 15
cfn=(2862)
calls=3 -36 
* 303920
+1 9

fl=(262)
fn=(2828)
187 35136
+1 17568
cfi=(244)
cfn=(2594)
calls=5856 -91 
* 40992
* 17568
+1 17568

fn=(2960)
269 772499
+1 551785
cfi=(247)
cfn=(2126)
calls=110357 1099 
* 882856
* 331071
cfi=(255)
cfn=(2490)
calls=110357 7 
* 2813836
* 331071

fn=(2410) __gnu_cxx::__ops::_Iter_pred<PIBT::solve<ManhattanExpander, ManhattanHeuristic, SafePlanner>(Environment const&, MAPFInstance&, ManhattanExpander const&, ManhattanHeuristic const&, SafePlanner&, SearchMetrics&)::{lambda(bool)#1}> __gnu_cxx::__ops::__pred_iter<PIBT::solve<ManhattanExpander, ManhattanHeuristic, SafePlanner>(Environment const&, MAPFInstance&, ManhattanExpander const&, ManhattanHeuristic const&, SafePlanner&, SearchMetrics&)::{lambda(bool)#1}>(PIBT::solve<ManhattanExpander, ManhattanHeuristic, SafePlanner>(Environment const&, MAPFInstance&, ManhattanExpander const&, ManhattanHeuristic const&, SafePlanner&, SearchMetrics&)::{lambda(bool)#1})
324 2933
+1 1257
cfi=(244)
cfn=(2412)
calls=419 97 
* 2933
* 1257
cfn=(2414) __gnu_cxx::__ops::_Iter_pred<PIBT::solve<ManhattanExpander, ManhattanHeuristic, SafePlanner>(Environment const&, MAPFInstance&, ManhattanExpander const&, ManhattanHeuristic const&, SafePlanner&, SearchMetrics&)::{lambda(bool)#1}>::_Iter_pred(PIBT::solve<ManhattanExpander, ManhattanHeuristic, SafePlanner>(Environment const&, MAPFInstance&, ManhattanExpander const&, ManhattanHeuristic const&, SafePlanner&, SearchMetrics&)::{lambda(bool)#1})
calls=419 -15 
* 7542
* 2514

fn=(2420) __gnu_cxx::__ops::_Iter_negate<PIBT::solve<ManhattanExpander, ManhattanHeuristic, SafePlanner>(Environment const&, MAPFInstance&, ManhattanExpander const&, ManhattanHeuristic const&, SafePlanner&, SearchMetrics&)::{lambda(bool)#1}>::_Iter_negate(PIBT::solve<ManhattanExpander, ManhattanHeuristic, SafePlanner>(Environment const&, MAPFInstance&, ManhattanExpander const&, ManhattanHeuristic const&, SafePlanner&, SearchMetrics&)::{lambda(bool)#1})
387 2095
+1 1257
cfi=(244)
cfn=(2412)
calls=419 97 
* 2933
+1 1257

fn=(2592) __gnu_cxx::__ops::_Iter_comp_iter<PIBT::solve<ManhattanExpander, ManhattanHeuristic, SafePlanner>(Environment const&, MAPFInstance&, ManhattanExpander const&, ManhattanHeuristic const&, SafePlanner&, SearchMetrics&)::{lambda(unsigned long, unsigned long)#1}> __gnu_cxx::__ops::__iter_comp_iter<PIBT::solve<ManhattanExpander, ManhattanHeuristic, SafePlanner>(Environment const&, MAPFInstance&, ManhattanExpander const&, ManhattanHeuristic const&, SafePlanner&, SearchMetrics&)::{lambda(unsigned long, unsigned long)#1}>(PIBT::solve<ManhattanExpander, ManhattanHeuristic, SafePlanner>(Environment const&, MAPFInstance&, ManhattanExpander const&, ManhattanHeuristic const&, SafePlanner&, SearchMetrics&)::{lambda(unsigned long, unsigned long)#1})
164 3344
+1 1254
cfi=(244)
cfn=(2594)
calls=418 -68 
* 2926
* 2090
cfn=(2596) __gnu_cxx::__ops::_Iter_comp_iter<PIBT::solve<ManhattanExpander, ManhattanHeuristic, SafePlanner>(Environment const&, MAPFInstance&, ManhattanExpander const&, ManhattanHeuristic const&, SafePlanner&, SearchMetrics&)::{lambda(unsigned long, unsigned long)#1}>::_Iter_comp_iter(PIBT::solve<ManhattanExpander, ManhattanHeuristic, SafePlanner>(Environment const&, MAPFInstance&, ManhattanExpander const&, ManhattanHeuristic const&, SafePlanner&, SearchMetrics&)::{lambda(unsigned long, unsigned long)#1})
calls=418 -15 
* 9196
* 2508

fn=(2666) bool __gnu_cxx::__ops::_Val_comp_iter<PIBT::solve<ManhattanExpander, ManhattanHeuristic, SafePlanner>(Environment const&, MAPFInstance&, ManhattanExpander const&, ManhattanHeuristic const&, SafePlanner&, SearchMetrics&)::{lambda(unsigned long, unsigned long)#1}>::operator()<unsigned long, __gnu_cxx::__normal_iterator<unsigned long*, std::vector<unsigned long, std::allocator<unsigned long> > > >(unsigned long&, __gnu_cxx::__normal_iterator<unsigned long*, std::vector<unsigned long, std::allocator<unsigned long> > >)
239 4256008
+1 2128004
cfi=(247)
cfn=(2586)
calls=532001 1099 
* 4256008
* 3192006
cfi=(256)
cfn=(2620) PIBT::solve<ManhattanExpander, ManhattanHeuristic, SafePlanner>(Environment const&, MAPFInstance&, ManhattanExpander const&, ManhattanHeuristic const&, SafePlanner&, SearchMetrics&)::{lambda(unsigned long, unsigned long)#1}::operator()(unsigned long, unsigned long) const
calls=532001 -69 
* 27132051
* 1596003

fn=(2698) __gnu_cxx::__ops::_Iter_comp_iter<PIBT::solve_one_agent<ManhattanExpander, ManhattanHeuristic>(int, int, int, Environment const&, MAPFInstance const&, ManhattanExpander const&, ManhattanHeuristic const&, std::vector<int, std::allocator<int> >&, std::vector<int, std::allocator<int> >&)::{lambda(Location const&, Location const&)#1}> __gnu_cxx::__ops::__iter_comp_iter<PIBT::solve_one_agent<ManhattanExpander, ManhattanHeuristic>(int, int, int, Environment const&, MAPFInstance const&, ManhattanExpander const&, ManhattanHeuristic const&, std::vector<int, std::allocator<int> >&, std::vector<int, std::allocator<int> >&)::{lambda(Location const&, Location const&)#1}>(PIBT::solve_one_agent<ManhattanExpander, ManhattanHeuristic>(int, int, int, Environment const&, MAPFInstance const&, ManhattanExpander const&, ManhattanHeuristic const&, std::vector<int, std::allocator<int> >&, std::vector<int, std::allocator<int> >&)::{lambda(Location const&, Location const&)#1})
164 434940
+1 173976
cfi=(244)
cfn=(2700)
calls=86988 -68 
* 608916
* 1043856
cfn=(2702) __gnu_cxx::__ops::_Iter_comp_iter<PIBT::solve_one_agent<ManhattanExpander, ManhattanHeuristic>(int, int, int, Environment const&, MAPFInstance const&, ManhattanExpander const&, ManhattanHeuristic const&, std::vector<int, std::allocator<int> >&, std::vector<int, std::allocator<int> >&)::{lambda(Location const&, Location const&)#1}>::_Iter_comp_iter(PIBT::solve_one_agent<ManhattanExpander, ManhattanHeuristic>(int, int, int, Environment const&, MAPFInstance const&, ManhattanExpander const&, ManhattanHeuristic const&, std::vector<int, std::allocator<int> >&, std::vector<int, std::allocator<int> >&)::{lambda(Location const&, Location const&)#1})
calls=86988 -15 
* 2174700
* 347952

fn=(2762) bool __gnu_cxx::__ops::_Val_comp_iter<PIBT::solve_one_agent<ManhattanExpander, ManhattanHeuristic>(int, int, int, Environment const&, MAPFInstance const&, ManhattanExpander const&, ManhattanHeuristic const&, std::vector<int, std::allocator<int> >&, std::vector<int, std::allocator<int> >&)::{lambda(Location const&, Location const&)#1}>::operator()<Location, Location*>(Location&, Location*)
239 1743042
+1 1494036
cfi=(256)
cfn=(2740) PIBT::solve_one_agent<ManhattanExpander, ManhattanHeuristic>(int, int, int, Environment const&, MAPFInstance const&, ManhattanExpander const&, ManhattanHeuristic const&, std::vector<int, std::allocator<int> >&, std::vector<int, std::allocator<int> >&)::{lambda(Location const&, Location const&)#1}::operator()(Location const&, Location const&) const
calls=249006 26 
* 39093942
* 498012

fn=(2832)
195 65979
+1 43986
cfi=(247)
cfn=(2586)
calls=7331 1099 
* 58648
* 36655
cfi=(256)
cfn=(2620)
calls=7331 -25 
* 373881
* 36655

fn=(2658) __gnu_cxx::__ops::_Val_comp_iter<PIBT::solve<ManhattanExpander, ManhattanHeuristic, SafePlanner>(Environment const&, MAPFInstance&, ManhattanExpander const&, ManhattanHeuristic const&, SafePlanner&, SearchMetrics&)::{lambda(unsigned long, unsigned long)#1}> __gnu_cxx::__ops::__val_comp_iter<PIBT::solve<ManhattanExpander, ManhattanHeuristic, SafePlanner>(Environment const&, MAPFInstance&, ManhattanExpander const&, ManhattanHeuristic const&, SafePlanner&, SearchMetrics&)::{lambda(unsigned long, unsigned long)#1}>(__gnu_cxx::__ops::_Iter_comp_iter<PIBT::solve<ManhattanExpander, ManhattanHeuristic, SafePlanner>(Environment const&, MAPFInstance&, ManhattanExpander const&, ManhattanHeuristic const&, SafePlanner&, SearchMetrics&)::{lambda(unsigned long, unsigned long)#1}>)
252 1327704
+1 497889
cfi=(244)
cfn=(2660)
calls=165963 97 
* 1161741
* 829815
cfn=(2662) __gnu_cxx::__ops::_Val_comp_iter<PIBT::solve<ManhattanExpander, ManhattanHeuristic, SafePlanner>(Environment const&, MAPFInstance&, ManhattanExpander const&, ManhattanHeuristic const&, SafePlanner&, SearchMetrics&)::{lambda(unsigned long, unsigned long)#1}>::_Val_comp_iter(__gnu_cxx::__ops::_Iter_comp_iter<PIBT::solve<ManhattanExpander, ManhattanHeuristic, SafePlanner>(Environment const&, MAPFInstance&, ManhattanExpander const&, ManhattanHeuristic const&, SafePlanner&, SearchMetrics&)::{lambda(unsigned long, unsigned long)#1}>&&)
calls=165963 -22 
* 3651186
* 995778

fn=(2738) bool __gnu_cxx::__ops::_Iter_comp_iter<PIBT::solve_one_agent<ManhattanExpander, ManhattanHeuristic>(int, int, int, Environment const&, MAPFInstance const&, ManhattanExpander const&, ManhattanHeuristic const&, std::vector<int, std::allocator<int> >&, std::vector<int, std::allocator<int> >&)::{lambda(Location const&, Location const&)#1}>::operator()<Location*, Location*>(Location*, Location*)
157 5018979
+1 4301982
cfi=(256)
cfn=(2740)
calls=716997 26 
* 112568529
* 1433994

fn=(2954) __gnu_cxx::__ops::_Iter_equals_val<Location const>::_Iter_equals_val(Location const&)
262 434940
+1 260964
+1 260964

fn=(2952) __gnu_cxx::__ops::_Iter_equals_val<Location const> __gnu_cxx::__ops::__iter_equals_val<Location const>(Location const&)
276 695904
+1 434940
cfn=(2954)
calls=86988 -15 
* 956868
* 521928

fn=(2596)
150 2508
+1 1254
cfi=(244)
cfn=(2594)
calls=418 -54 
* 2926
* 1254
+1 1254

fn=(2618)
157 10715256
+1 4762336
cfi=(247)
cfn=(2586)
calls=1190584 1099 
* 9524672
* 4762336
cfi=(247)
cfn=(2586)
calls=1190584 1099 
* 9524672
* 5952920
cfi=(256)
cfn=(2620)
calls=1190584 +13 
* 60719784
* 5952920

fn=(2414)
310 2095
+1 1257
cfi=(244)
cfn=(2412)
calls=419 97 
* 2933
+1 1257

fn=(2418) __gnu_cxx::__ops::_Iter_negate<PIBT::solve<ManhattanExpander, ManhattanHeuristic, SafePlanner>(Environment const&, MAPFInstance&, ManhattanExpander const&, ManhattanHeuristic const&, SafePlanner&, SearchMetrics&)::{lambda(bool)#1}> __gnu_cxx::__ops::__negate<PIBT::solve<ManhattanExpander, ManhattanHeuristic, SafePlanner>(Environment const&, MAPFInstance&, ManhattanExpander const&, ManhattanHeuristic const&, SafePlanner&, SearchMetrics&)::{lambda(bool)#1}>(__gnu_cxx::__ops::_Iter_pred<PIBT::solve<ManhattanExpander, ManhattanHeuristic, SafePlanner>(Environment const&, MAPFInstance&, ManhattanExpander const&, ManhattanHeuristic const&, SafePlanner&, SearchMetrics&)::{lambda(bool)#1}>)
401 2933
+1 1257
cfi=(244)
cfn=(2412)
calls=419 97 
* 2933
* 1257
cfn=(2420)
calls=419 -15 
* 7542
* 2514

fn=(2424)
394 206635
+1 63580
cfi=(239)
cfn=(2426) std::_Bit_iterator::operator*() const
calls=15895 -69 
* 762960
* 79475
cfi=(239)
cfn=(2430) std::_Bit_reference::operator bool() const
calls=15895 99 
* 222530
* 63580
cfi=(256)
cfn=(2432) PIBT::solve<ManhattanExpander, ManhattanHeuristic, SafePlanner>(Environment const&, MAPFInstance&, ManhattanExpander const&, ManhattanHeuristic const&, SafePlanner&, SearchMetrics&)::{lambda(bool)#1}::operator()(bool) const
calls=15895 106 
* 143055
* 111265

fn=(2702)
150 434940
+1 173976
cfi=(244)
cfn=(2700)
calls=86988 -54 
* 608916
* 695904
+1 260964

fn=(2758) __gnu_cxx::__ops::_Val_comp_iter<PIBT::solve_one_agent<ManhattanExpander, ManhattanHeuristic>(int, int, int, Environment const&, MAPFInstance const&, ManhattanExpander const&, ManhattanHeuristic const&, std::vector<int, std::allocator<int> >&, std::vector<int, std::allocator<int> >&)::{lambda(Location const&, Location const&)#1}>::_Val_comp_iter(__gnu_cxx::__ops::_Iter_comp_iter<PIBT::solve_one_agent<ManhattanExpander, ManhattanHeuristic>(int, int, int, Environment const&, MAPFInstance const&, ManhattanExpander const&, ManhattanHeuristic const&, std::vector<int, std::allocator<int> >&, std::vector<int, std::allocator<int> >&)::{lambda(Location const&, Location const&)#1}>&&)
231 1237614
+1 618807
cfi=(244)
cfn=(2700)
calls=206269 97 
* 1443883
* 1650152
+1 618807

fn=(2662)
231 995778
+1 497889
cfi=(244)
cfn=(2594)
calls=165963 97 
* 1161741
* 497889
+1 497889

fn=(2754) __gnu_cxx::__ops::_Val_comp_iter<PIBT::solve_one_agent<ManhattanExpander, ManhattanHeuristic>(int, int, int, Environment const&, MAPFInstance const&, ManhattanExpander const&, ManhattanHeuristic const&, std::vector<int, std::allocator<int> >&, std::vector<int, std::allocator<int> >&)::{lambda(Location const&, Location const&)#1}> __gnu_cxx::__ops::__val_comp_iter<PIBT::solve_one_agent<ManhattanExpander, ManhattanHeuristic>(int, int, int, Environment const&, MAPFInstance const&, ManhattanExpander const&, ManhattanHeuristic const&, std::vector<int, std::allocator<int> >&, std::vector<int, std::allocator<int> >&)::{lambda(Location const&, Location const&)#1}>(__gnu_cxx::__ops::_Iter_comp_iter<PIBT::solve_one_agent<ManhattanExpander, ManhattanHeuristic>(int, int, int, Environment const&, MAPFInstance const&, ManhattanExpander const&, ManhattanHeuristic const&, std::vector<int, std::allocator<int> >&, std::vector<int, std::allocator<int> >&)::{lambda(Location const&, Location const&)#1}>)
252 1031345
+1 412538
cfi=(244)
cfn=(2756)
calls=206269 97 
* 1443883
* 1031345
cfn=(2758)
calls=206269 -22 
* 5569263
* 618807

fl=(249)
fn=(2266) std::vector<Location, std::allocator<Location> >* std::__relocate_a<std::vector<Location, std::allocator<Location> >*, std::vector<Location, std::allocator<Location> >*, std::allocator<std::vector<Location, std::allocator<Location> > > >(std::vector<Location, std::allocator<Location> >*, std::vector<Location, std::allocator<Location> >*, std::vector<Location, std::allocator<Location> >*, std::allocator<std::vector<Location, std::allocator<Location> > >&)
1141 10
+6 3
cfi=(242)
cfn=(2268)
calls=1 316 
* 7
* 4
cfi=(242)
cfn=(2268)
calls=1 316 
* 7
* 4
cfi=(242)
cfn=(2268)
calls=1 316 
* 7
* 6
cfn=(2270) std::vector<Location, std::allocator<Location> >* std::__relocate_a_1<std::vector<Location, std::allocator<Location> >*, std::vector<Location, std::allocator<Location> >*, std::allocator<std::vector<Location, std::allocator<Location> > > >(std::vector<Location, std::allocator<Location> >*, std::vector<Location, std::allocator<Location> >*, std::vector<Location, std::allocator<Location> >*, std::allocator<std::vector<Location, std::allocator<Location> > >&)
calls=1 -56 
* 19
+3 5

fn=(2848) std::vector<Location, std::allocator<Location> >* std::__uninitialized_copy_a<__gnu_cxx::__normal_iterator<std::vector<Location, std::allocator<Location> > const*, std::vector<std::vector<Location, std::allocator<Location> >, std::allocator<std::vector<Location, std::allocator<Location> > > > >, std::vector<Location, std::allocator<Location> >*, std::vector<Location, std::allocator<Location> > >(__gnu_cxx::__normal_iterator<std::vector<Location, std::allocator<Location> > const*, std::vector<std::vector<Location, std::allocator<Location> >, std::allocator<std::vector<Location, std::allocator<Location> > > > >, __gnu_cxx::__normal_iterator<std::vector<Location, std::allocator<Location> > const*, std::vector<std::vector<Location, std::allocator<Location> >, std::allocator<std::vector<Location, std::allocator<Location> > > > >, std::vector<Location, std::allocator<Location> >*, std::allocator<std::vector<Location, std::allocator<Location> > >&)
366 8
+7 6
cfn=(2850) std::vector<Location, std::allocator<Location> >* std::uninitialized_copy<__gnu_cxx::__normal_iterator<std::vector<Location, std::allocator<Location> > const*, std::vector<std::vector<Location, std::allocator<Location> >, std::allocator<std::vector<Location, std::allocator<Location> > > > >, std::vector<Location, std::allocator<Location> >*>(__gnu_cxx::__normal_iterator<std::vector<Location, std::allocator<Location> > const*, std::vector<std::vector<Location, std::allocator<Location> >, std::allocator<std::vector<Location, std::allocator<Location> > > > >, __gnu_cxx::__normal_iterator<std::vector<Location, std::allocator<Location> > const*, std::vector<std::vector<Location, std::allocator<Location> >, std::allocator<std::vector<Location, std::allocator<Location> > > > >, std::vector<Location, std::allocator<Location> >*)
calls=1 163 
* 476461
+1 2

fn=(2452) int* std::__uninitialized_fill_n_a<int*, unsigned long, int, int>(int*, unsigned long, int const&, std::allocator<int>&)
465 6688
+7 5016
cfn=(2454) int* std::uninitialized_fill_n<int*, unsigned long, int>(int*, unsigned long, int const&)
calls=836 312 
* 46911304
+1 1672

fn=(2560) unsigned long* std::__uninitialized_default_n<unsigned long*, unsigned long>(unsigned long*, unsigned long)
696 2508
+11 418
+5 2090
cfn=(2562) unsigned long* std::__uninitialized_default_n_1<true>::__uninit_default_n<unsigned long*, unsigned long>(unsigned long*, unsigned long)
calls=418 -52 
* 1225158
+1 836

fn=(1980) Location* std::__uninitialized_copy<true>::__uninit_copy<__gnu_cxx::__normal_iterator<Location const*, std::vector<Location, std::allocator<Location> > >, Location*>(__gnu_cxx::__normal_iterator<Location const*, std::vector<Location, std::allocator<Location> > >, __gnu_cxx::__normal_iterator<Location const*, std::vector<Location, std::allocator<Location> > >, Location*)
145 2807
+2 2406
cfi=(242)
cfn=(1982)
calls=401 624 
* 190851
* 802

fn=(2454)
312 5852
+7 836
+8 5016
cfn=(2456) int* std::__uninitialized_fill_n<true>::__uninit_fill_n<int*, unsigned long, int>(int*, unsigned long, int const&)
calls=836 -35 
* 46897928
+1 1672

fn=(2854) std::vector<Location, std::allocator<Location> >* std::__do_uninit_copy<__gnu_cxx::__normal_iterator<std::vector<Location, std::allocator<Location> > const*, std::vector<std::vector<Location, std::allocator<Location> >, std::allocator<std::vector<Location, std::allocator<Location> > > > >, std::vector<Location, std::allocator<Location> >*>(__gnu_cxx::__normal_iterator<std::vector<Location, std::allocator<Location> > const*, std::vector<std::vector<Location, std::allocator<Location> >, std::allocator<std::vector<Location, std::allocator<Location> > > > >, __gnu_cxx::__normal_iterator<std::vector<Location, std::allocator<Location> > const*, std::vector<std::vector<Location, std::allocator<Location> >, std::allocator<std::vector<Location, std::allocator<Location> > > > >, std::vector<Location, std::allocator<Location> >*)
113 8
+3 2
+3 1
+1 1200
cfi=(247)
cfn=(2486)
calls=400 1099 
* 3200
* 1600
cfi=(244)
cfn=(2260)
calls=400 -69 
* 2800
* 1200
cfi=(251)
cfn=(2856)
calls=400 -11 
* 443572
-1 1200
cfi=(247)
cfn=(2492)
calls=400 1109 
* 4800
* 2400
cfi=(247)
cfn=(2482)
calls=400 1241 
* 13600
* 5
cfi=(247)
cfn=(2482)
calls=1 1241 
* 34
* 802
+2 2
+7 3

fn=(2172) std::enable_if<std::__is_bitwise_relocatable<int, void>::value, int*>::type std::__relocate_a_1<int, int>(int*, int*, int*, std::allocator<int>&)
1114 320
+4 160
+1 80
+12 126
cob=(4)
cfi=(175)
cfn=(1904)
calls=18 0 
* 670
+2 160
+1 80

fn=(2368)
393 2700
+6 900
cfi=(247)
cfn=(2370)
calls=300 1832 
* 12300
* 1200
cfi=(247)
cfn=(2370)
calls=300 1832 
* 12300
* 2100
cfn=(2376) Location* std::__uninitialized_copy_a<std::move_iterator<Location*>, Location*, Location>(std::move_iterator<Location*>, std::move_iterator<Location*>, Location*, std::allocator<Location>&)
calls=300 -33 
* 75000
+2 900

fn=(2376)
366 2400
+7 1800
cfn=(2378) Location* std::uninitialized_copy<std::move_iterator<Location*>, Location*>(std::move_iterator<Location*>, std::move_iterator<Location*>, Location*)
calls=300 163 
* 70200
+1 600

fn=(2256) std::vector<Location, std::allocator<Location> >* std::__uninitialized_default_n<std::vector<Location, std::allocator<Location> >*, unsigned long>(std::vector<Location, std::allocator<Location> >*, unsigned long)
696 6
+11 1
+5 5
cfn=(2258) std::vector<Location, std::allocator<Location> >* std::__uninitialized_default_n_1<false>::__uninit_default_n<std::vector<Location, std::allocator<Location> >*, unsigned long>(std::vector<Location, std::allocator<Location> >*, unsigned long)
calls=1 -75 
* 37214
+1 2

fn=(2336) float* std::__relocate_a<float*, float*, std::allocator<float> >(float*, float*, float*, std::allocator<float>&)
1141 400
+6 120
cfi=(242)
cfn=(2338)
calls=40 316 
* 280
* 160
cfi=(242)
cfn=(2338)
calls=40 316 
* 280
* 160
cfi=(242)
cfn=(2338)
calls=40 316 
* 280
* 240
cfn=(2340) std::enable_if<std::__is_bitwise_relocatable<float, void>::value, float*>::type std::__relocate_a_1<float, float>(float*, float*, float*, std::allocator<float>&)
calls=40 -33 
* 1596
+3 200

fn=(2352)
465 1200
+7 900
cfn=(2354) Location* std::uninitialized_fill_n<Location*, unsigned long, Location>(Location*, unsigned long, Location const&)
calls=150 312 
* 21970
+1 300

fn=(2354)
312 1050
+7 150
+8 900
cfn=(2356) Location* std::__uninitialized_fill_n<true>::__uninit_fill_n<Location*, unsigned long, Location>(Location*, unsigned long, Location const&)
calls=150 -35 
* 19570
+1 300

fn=(2558) unsigned long* std::__uninitialized_default_n_a<unsigned long*, unsigned long, unsigned long>(unsigned long*, unsigned long, std::allocator<unsigned long>&)
777 2926
+2 2090
cfn=(2560)
calls=418 -83 
* 1231010
* 836

fn=(2340)
1114 320
+4 160
+1 80
+12 126
cob=(4)
cfi=(175)
cfn=(1904)
calls=18 0 
* 670
+2 160
+1 80

fn=(2456)
292 5852
+2 5016
cfi=(242)
cfn=(2458)
calls=836 1152 
* 46885388
* 1672

fn=(1896) Location* std::__relocate_a<Location*, Location*, std::allocator<Location> >(Location*, Location*, Location*, std::allocator<Location>&)
1141 13971400
+6 4191420
cfi=(242)
cfn=(1898)
calls=1397140 316 
* 9779980
* 5588560
cfi=(242)
cfn=(1898)
calls=1397140 316 
* 9779980
* 5588560
cfi=(242)
cfn=(1898)
calls=1397140 316 
* 9779980
* 8382840
cfn=(1900) std::enable_if<std::__is_bitwise_relocatable<Location, void>::value, Location*>::type std::__relocate_a_1<Location, Location>(Location*, Location*, Location*, std::allocator<Location>&)
calls=1397140 -33 
* 50992999
+3 6985700

fn=(1976) Location* std::__uninitialized_copy_a<__gnu_cxx::__normal_iterator<Location const*, std::vector<Location, std::allocator<Location> > >, Location*, Location>(__gnu_cxx::__normal_iterator<Location const*, std::vector<Location, std::allocator<Location> > >, __gnu_cxx::__normal_iterator<Location const*, std::vector<Location, std::allocator<Location> > >, Location*, std::allocator<Location>&)
366 3208
+7 2406
cfn=(1978) Location* std::uninitialized_copy<__gnu_cxx::__normal_iterator<Location const*, std::vector<Location, std::allocator<Location> > >, Location*>(__gnu_cxx::__normal_iterator<Location const*, std::vector<Location, std::allocator<Location> > >, __gnu_cxx::__normal_iterator<Location const*, std::vector<Location, std::allocator<Location> > >, Location*)
calls=401 163 
* 203683
+1 802

fn=(2168) int* std::__relocate_a<int*, int*, std::allocator<int> >(int*, int*, int*, std::allocator<int>&)
1141 400
+6 120
cfi=(242)
cfn=(2170)
calls=40 316 
* 280
* 160
cfi=(242)
cfn=(2170)
calls=40 316 
* 280
* 160
cfi=(242)
cfn=(2170)
calls=40 316 
* 280
* 240
cfn=(2172)
calls=40 -33 
* 1596
+3 200

fn=(2258)
637 6
+2 2
+3 1
+1 1200
cfi=(244)
cfn=(2260)
calls=400 51 
* 2800
* 800
cfi=(251)
cfn=(2262)
calls=400 109 
* 30800
-1 1602
+2 1
+7 2

fn=(2270)
1091 9
+12 2
+1 4
+3 1
+1 3

fn=(2356)
292 1050
+2 900
cfi=(242)
cfn=(2358)
calls=150 1152 
* 17320
* 300

fn=(2378)
163 2100
+11 300
+7 300
+4 1800
cfn=(2380) Location* std::__uninitialized_copy<true>::__uninit_copy<std::move_iterator<Location*>, Location*>(std::move_iterator<Location*>, std::move_iterator<Location*>, Location*)
calls=300 -40 
* 65100
+1 600

fn=(2850)
163 7
+11 1
+7 1
+4 6
cfn=(2852) std::vector<Location, std::allocator<Location> >* std::__uninitialized_copy<false>::__uninit_copy<__gnu_cxx::__normal_iterator<std::vector<Location, std::allocator<Location> > const*, std::vector<std::vector<Location, std::allocator<Location> >, std::allocator<std::vector<Location, std::allocator<Location> > > > >, std::vector<Location, std::allocator<Location> >*>(__gnu_cxx::__normal_iterator<std::vector<Location, std::allocator<Location> > const*, std::vector<std::vector<Location, std::allocator<Location> >, std::allocator<std::vector<Location, std::allocator<Location> > > > >, __gnu_cxx::__normal_iterator<std::vector<Location, std::allocator<Location> > const*, std::vector<std::vector<Location, std::allocator<Location> >, std::allocator<std::vector<Location, std::allocator<Location> > > > >, std::vector<Location, std::allocator<Location> >*)
calls=1 -50 
* 476444
+1 2

fn=(1978)
163 2807
+11 401
+7 401
+4 2406
cfn=(1980)
calls=401 -40 
* 196866
+1 802

fn=(2380)
145 2100
+2 1800
cfi=(242)
cfn=(2382)
calls=300 624 
* 60600
* 600

fn=(2562)
660 2508
+2 836
+3 1254
cfi=(244)
cfn=(1742)
calls=418 51 
* 2926
* 418
+1 1254
cfi=(251)
cfn=(2564)
calls=418 109 
* 8778
+1 418
+1 2926
cfi=(242)
cfn=(2566)
calls=418 1152 
* 1202168
* 418
+2 418
+1 836

fn=(1900)
1114 11177120
+4 9779980
+1 2794280
+12 5767751
cob=(4)
cfi=(175)
cfn=(1904)
calls=524341 0 
* 7502468
+2 11177120
+1 2794280

fn=(2254)
777 7
+2 5
cfn=(2256)
calls=1 -83 
* 37228
* 2

fn=(2852)
135 7
+2 6
cfn=(2854)
calls=1 -24 
* 476429
* 2

fl=(266)
fn=(2606) int std::__countl_zero<unsigned long>(unsigned long)
195 1672
+3 418
+2 836
+3 418
+1 418
+1 418
+9 418
+1 1254
+22 836

fn=(2604)
365 2090
+2 418
+1 1254
cfn=(2606)
calls=418 195 
* 6688
* 1254
+1 836

fl=(269) /usr/include/c++/13/bits/stl_tempbuf.h
fn=(2720) void std::__uninitialized_construct_buf<Location*, Location*>(Location*, Location*, Location*)
249 608916
+8 521928
cfn=(2722) void std::__uninitialized_construct_buf_dispatch<true>::__ucr<Location*, Location*>(Location*, Location*, Location*)
calls=86988 -23 
* 782892
+1 260964

fn=(2708) std::pair<Location*, long> std::get_temporary_buffer<Location>(long)
104 695904
+2 173976
+2 347952
+5 956868
cob=(4)
cfi=(175)
cfn=(2710)
calls=86988 0 
* 6350124
* 86988
+2 260964
+1 521928
cfi=(270)
cfn=(2714)
calls=86988 687 
* 3131568
* 260964
-5 260964
+9 434940

fn=(2706) std::_Temporary_buffer<Location*, Location>::_Temporary_buffer(Location*, long)
263 695904
+2 608916
+3 347952
cfn=(2708)
calls=86988 104 
* 13483140
* 173976
+2 260964
+4 1130844
cfn=(2720)
calls=86988 -25 
* 2174700
+2 260964
+1 260964
+8 434940

fn=(2772) void std::__detail::__return_temporary_buffer<Location>(Location*, unsigned long)
73 521928
+4 869880
cob=(4)
cfi=(175)
cfn=(1908)
calls=86988 -77 
* 8263860
+4 260964

fn=(2724) std::_Temporary_buffer<Location*, Location>::requested_size() const
164 347952
+1 347952

fn=(2770) std::_Temporary_buffer<Location*, Location>::~_Temporary_buffer()
183 434940
+2 1304820
cfi=(251)
cfn=(2004)
calls=86988 -3 
* 1913736
+1 695904
cfn=(2772)
calls=86988 73 
* 9916632
+1 260964

fn=(2722)
234 782892

fn=(2726) std::_Temporary_buffer<Location*, Location>::size() const
159 695904
+1 695904

fn=(2728) std::_Temporary_buffer<Location*, Location>::begin()
169 347952
+1 347952

fl=(274) /usr/include/c++/13/bits/unordered_map.h
fn=(3250) std::unordered_map<Location, unsigned long, LocationHasher, std::equal_to<Location>, std::allocator<std::pair<Location const, unsigned long> > >::find(Location const&)
875 79092
+1 65910
cfi=(275)
cfn=(3252)
calls=13182 1664 
* 22891940
* 26364

fn=(2970) std::unordered_map<Location, unsigned long, LocationHasher, std::equal_to<Location>, std::allocator<std::pair<Location const, unsigned long> > >::unordered_map()
148 6696
cfi=(275)
cfn=(2972)
calls=837 530 
* 99603
* 2511

fn=(3208) std::unordered_map<Location, unsigned long, LocationHasher, std::equal_to<Location>, std::allocator<std::pair<Location const, unsigned long> > >::operator[](Location const&)
986 521928
+1 434940
cfi=(276)
cfn=(3210) std::__detail::_Map_base<Location, std::pair<Location const, unsigned long>, std::allocator<std::pair<Location const, unsigned long> >, std::__detail::_Select1st, std::equal_to<Location>, LocationHasher, std::__detail::_Mod_range_hashing, std::__detail::_Default_ranged_hash, std::__detail::_Prime_rehash_policy, std::__detail::_Hashtable_traits<true, false, true>, true>::operator[](Location const&)
calls=86988 807 
* 174636250
* 173976

fn=(3174) std::unordered_map<Location, unsigned long, LocationHasher, std::equal_to<Location>, std::allocator<std::pair<Location const, unsigned long> > >::~unordered_map()
109 6696
cfi=(275)
cfn=(3176)
calls=837 1595 
* 53804720
* 2511

fn=(3254) std::unordered_map<Location, unsigned long, LocationHasher, std::equal_to<Location>, std::allocator<std::pair<Location const, unsigned long> > >::end()
354 65910
+1 39546
cfi=(275)
cfn=(3048)
calls=13182 631 
* 566826
* 26364

fn=(2994) std::unordered_map<Location, unsigned long, LocationHasher, std::equal_to<Location>, std::allocator<std::pair<Location const, unsigned long> > >::insert(std::pair<Location const, unsigned long>&&)
564 611716
+1 349552
cfi=(244)
cfn=(2996)
calls=87388 97 
* 611716
* 262164
cfi=(276)
cfn=(2998) std::pair<std::__detail::_Node_iterator<std::pair<Location const, unsigned long>, false, true>, bool> std::__detail::_Insert<Location, std::pair<Location const, unsigned long>, std::allocator<std::pair<Location const, unsigned long> >, std::__detail::_Select1st, std::equal_to<Location>, LocationHasher, std::__detail::_Mod_range_hashing, std::__detail::_Default_ranged_hash, std::__detail::_Prime_rehash_policy, std::__detail::_Hashtable_traits<true, false, true>, false>::insert<std::pair<Location const, unsigned long>, void>(std::pair<Location const, unsigned long>&&)
calls=87388 1122 
* 166725587
* 262164

fl=(267) /home/steph/projects/drone-logistics/src/../include/Expanders.hpp
fn=(2672) ManhattanExpander::get_neighbours(Location const&, Environment const&) const
9 2087712
+1 521928
cfi=(240)
cfn=(1684)
calls=173976 531 
* 9046752
+1 869880
cfi=(240)
cfn=(1852) std::vector<Location, std::allocator<Location> >::push_back(Location const&)
calls=173976 1281 
* 156926352
+1 1043856
+1 1043856
+1 1043856
+1 347952
+1 21920976
+1 5219280
cfi=(238)
cfn=(2674) Environment::is_free(Location const&) const
calls=1043856 +6 
* 323335908
* 6563702
cfi=(240)
cfn=(1852)
calls=895198 1281 
* 576706035
-2 3479520
+5 173976
+1 1217832

fl=(268) /usr/include/c++/13/array
fn=(2690) std::array<Location, 7ul>::operator[](unsigned long)
200 4291335
+3 6007869
+1 1716534

fn=(2694) std::array<Location, 7ul>::begin()
126 1043856
277 173976
127 347952

fl=(255)
fn=(3566)
18 9
cfi=(240)
cfn=(2794) std::vector<int, std::allocator<int> >::~vector()
calls=1 733 
* 320
* 4
cfi=(240)
cfn=(2794)
calls=1 733 
* 320
* 4
cfi=(240)
cfn=(2002)
calls=1 733 
* 352
* 3
cfi=(240)
cfn=(2002)
calls=1 733 
* 352
* 3

fn=(2490)
7 28802350
+2 44753169
+1 11520940

fn=(3564)
26 9
cfi=(240)
cfn=(2916) std::vector<std::vector<Location, std::allocator<Location> >, std::allocator<std::vector<Location, std::allocator<Location> > > >::~vector()
calls=1 733 
* 152462
* 3

fn=(2948) Location::operator!=(Location const&) const
12 529272
+2 441060
cfn=(2490)
calls=88212 -7 
* 1245680
* 88212
+1 176424

fn=(2188)
26 28
cfi=(240)
cfn=(2190) std::vector<std::vector<Location, std::allocator<Location> >, std::allocator<std::vector<Location, std::allocator<Location> > > >::vector()
calls=1 531 
* 52
* 3

fn=(3058) LocationHasher::operator()(Location const&) const
42 1688022
+2 1125348
cfi=(279) /usr/include/c++/13/bits/functional_hash.h
cfn=(3060) std::hash<int>::operator()(int) const
calls=187558 154 
* 1688022
* 187558
+1 1125348
cfi=(279)
cfn=(3060)
calls=187558 154 
* 1688022
* 187558
+1 1125348
cfi=(279)
cfn=(3060)
calls=187558 154 
* 1688022
* 187558
+3 1125348
+1 937790

fn=(2098)
18 8
cfi=(240)
cfn=(1684)
calls=1 531 
* 52
* 4
cfi=(240)
cfn=(1684)
calls=1 531 
* 52
* 4
cfi=(240)
cfn=(2100) std::vector<int, std::allocator<int> >::vector()
calls=1 531 
* 52
* 4
cfi=(240)
cfn=(2100)
calls=1 531 
* 52
* 3

fl=(238)
fn=(1670)
3 25
cfi=(239)
cfn=(1672) std::vector<bool, std::allocator<bool> >::vector()
calls=1 777 
* 112
* 4
cfi=(240)
cfn=(1684)
calls=1 531 
* 52
+1 16
cfi=(239)
cfn=(1692) std::vector<bool, std::allocator<bool> >::assign(unsigned long, bool const&)
calls=1 965 
* 3954
+1 7

fn=(2524) Environment::get_index(Location const&) const
7 6098385
+1 21954186
+1 2439354

fn=(2676) Environment::is_valid(Location const&) const
11 5221280
+1 2088512
+2 2088512
-2 6240324
+1 2076712
-1 2076712
+1 6225816
+1 2027988
-1 2027988
+1 8019018
+1 2088512

fn=(2674)
23 7309792
+1 5221280
cfn=(2676)
calls=1044256 -13 
* 40181374
* 3430084
+1 6269186
cfn=(2524)
calls=895598 -18 
* 22389950
* 3582392
cfi=(239)
cfn=(2678) std::vector<bool, std::allocator<bool> >::operator[](unsigned long) const
calls=895598 1091 
* 231064284
* 895598
+1 3132768

fn=(1850)
28 2400
+1 2400
cfi=(240)
cfn=(1852)
calls=400 1281 
* 42975
+1 1200

fn=(2468) Environment::get_pads() const
32 1600
+1 800
+1 800

fl=(261) /usr/include/c++/13/bits/stl_algo.h
fn=(2608) void std::__introsort_loop<__gnu_cxx::__normal_iterator<unsigned long*, std::vector<unsigned long, std::allocator<unsigned long> > >, long, __gnu_cxx::__ops::_Iter_comp_iter<PIBT::solve<ManhattanExpander, ManhattanHeuristic, SafePlanner>(Environment const&, MAPFInstance&, ManhattanExpander const&, ManhattanHeuristic const&, SafePlanner&, SearchMetrics&)::{lambda(unsigned long, unsigned long)#1}> >(__gnu_cxx::__normal_iterator<unsigned long*, std::vector<unsigned long, std::allocator<unsigned long> > >, __gnu_cxx::__normal_iterator<unsigned long*, std::vector<unsigned long, std::allocator<unsigned long> > >, long, __gnu_cxx::__ops::_Iter_comp_iter<PIBT::solve<ManhattanExpander, ManhattanHeuristic, SafePlanner>(Environment const&, MAPFInstance&, ManhattanExpander const&, ManhattanHeuristic const&, SafePlanner&, SearchMetrics&)::{lambda(unsigned long, unsigned long)#1}>)
1918 4598
+4 418
+2 4240
+5 2120
+2 12720
cfn=(2610) __gnu_cxx::__normal_iterator<unsigned long*, std::vector<unsigned long, std::allocator<unsigned long> > > std::__unguarded_partition_pivot<__gnu_cxx::__normal_iterator<unsigned long*, std::vector<unsigned long, std::allocator<unsigned long> > >, __gnu_cxx::__ops::_Iter_comp_iter<PIBT::solve<ManhattanExpander, ManhattanHeuristic, SafePlanner>(Environment const&, MAPFInstance&, ManhattanExpander const&, ManhattanHeuristic const&, SafePlanner&, SearchMetrics&)::{lambda(unsigned long, unsigned long)#1}> >(__gnu_cxx::__normal_iterator<unsigned long*, std::vector<unsigned long, std::allocator<unsigned long> > >, __gnu_cxx::__normal_iterator<unsigned long*, std::vector<unsigned long, std::allocator<unsigned long> > >, __gnu_cxx::__ops::_Iter_comp_iter<PIBT::solve<ManhattanExpander, ManhattanHeuristic, SafePlanner>(Environment const&, MAPFInstance&, ManhattanExpander const&, ManhattanHeuristic const&, SafePlanner&, SearchMetrics&)::{lambda(unsigned long, unsigned long)#1}>)
calls=2120 -38 
* 56025189
* 2120
+1 12720
cfn=(2609) void std::__introsort_loop<__gnu_cxx::__normal_iterator<unsigned long*, std::vector<unsigned long, std::allocator<unsigned long> > >, long, __gnu_cxx::__ops::_Iter_comp_iter<PIBT::solve<ManhattanExpander, ManhattanHeuristic, SafePlanner>(Environment const&, MAPFInstance&, ManhattanExpander const&, ManhattanHeuristic const&, SafePlanner&, SearchMetrics&)::{lambda(unsigned long, unsigned long)#1}> >(__gnu_cxx::__normal_iterator<unsigned long*, std::vector<unsigned long, std::allocator<unsigned long> > >, __gnu_cxx::__normal_iterator<unsigned long*, std::vector<unsigned long, std::allocator<unsigned long> > >, long, __gnu_cxx::__ops::_Iter_comp_iter<PIBT::solve<ManhattanExpander, ManhattanHeuristic, SafePlanner>(Environment const&, MAPFInstance&, ManhattanExpander const&, ManhattanHeuristic const&, SafePlanner&, SearchMetrics&)::{lambda(unsigned long, unsigned long)#1}>)'2
calls=2120 -14 
* 119919549
+1 4240
-11 10600
cfi=(247)
cfn=(2600)
calls=2120 1334 
* 76320
* 2090
cfi=(247)
cfn=(2600)
calls=418 1334 
* 15048
* 10152
+13 2090

fn=(2609)
1918 185867
+4 16897
+2 29680
+2 378
cfn=(2820) void std::__partial_sort<__gnu_cxx::__normal_iterator<unsigned long*, std::vector<unsigned long, std::allocator<unsigned long> > >, __gnu_cxx::__ops::_Iter_comp_iter<PIBT::solve<ManhattanExpander, ManhattanHeuristic, SafePlanner>(Environment const&, MAPFInstance&, ManhattanExpander const&, ManhattanHeuristic const&, SafePlanner&, SearchMetrics&)::{lambda(unsigned long, unsigned long)#1}> >(__gnu_cxx::__normal_iterator<unsigned long*, std::vector<unsigned long, std::allocator<unsigned long> > >, __gnu_cxx::__normal_iterator<unsigned long*, std::vector<unsigned long, std::allocator<unsigned long> > >, __gnu_cxx::__normal_iterator<unsigned long*, std::vector<unsigned long, std::allocator<unsigned long> > >, __gnu_cxx::__ops::_Iter_comp_iter<PIBT::solve<ManhattanExpander, ManhattanHeuristic, SafePlanner>(Environment const&, MAPFInstance&, ManhattanExpander const&, ManhattanHeuristic const&, SafePlanner&, SearchMetrics&)::{lambda(unsigned long, unsigned long)#1}>)
calls=63 -21 
* 9179379
* 63
+3 14777
+2 88662
cfn=(2610)
calls=14777 -38 
* 108761038
* 14777
+1 88662
cfn=(2609)
calls=14777 -14 
* 71037479
+1 29554
-11 73885
cfi=(247)
cfn=(2600)
calls=14777 1334 
* 531972
* 84485
cfi=(247)
cfn=(2600)
calls=16897 1334 
* 608292
* 126696
+13 84485

fn=(2610)
1893 185867
+3 84485
cfi=(247)
cfn=(2600)
calls=16897 1334 
* 608292
* 152073
cfi=(247)
cfn=(2612)
calls=16897 1147 
* 642086
* 16897
+1 67588
cfi=(247)
cfn=(2614)
calls=16897 1157 
* 658983
* 84485
cfi=(247)
cfn=(2612)
calls=16897 1147 
* 642086
* 135176
cfn=(2616) void std::__move_median_to_first<__gnu_cxx::__normal_iterator<unsigned long*, std::vector<unsigned long, std::allocator<unsigned long> > >, __gnu_cxx::__ops::_Iter_comp_iter<PIBT::solve<ManhattanExpander, ManhattanHeuristic, SafePlanner>(Environment const&, MAPFInstance&, ManhattanExpander const&, ManhattanHeuristic const&, SafePlanner&, SearchMetrics&)::{lambda(unsigned long, unsigned long)#1}> >(__gnu_cxx::__normal_iterator<unsigned long*, std::vector<unsigned long, std::allocator<unsigned long> > >, __gnu_cxx::__normal_iterator<unsigned long*, std::vector<unsigned long, std::allocator<unsigned long> > >, __gnu_cxx::__normal_iterator<unsigned long*, std::vector<unsigned long, std::allocator<unsigned long> > >, __gnu_cxx::__normal_iterator<unsigned long*, std::vector<unsigned long, std::allocator<unsigned long> > >, __gnu_cxx::__ops::_Iter_comp_iter<PIBT::solve<ManhattanExpander, ManhattanHeuristic, SafePlanner>(Environment const&, MAPFInstance&, ManhattanExpander const&, ManhattanHeuristic const&, SafePlanner&, SearchMetrics&)::{lambda(unsigned long, unsigned long)#1}>)
calls=16897 85 
* 6251464
+2 67588
cfi=(247)
cfn=(2612)
calls=16897 1147 
* 642086
* 101382
cfn=(2628) __gnu_cxx::__normal_iterator<unsigned long*, std::vector<unsigned long, std::allocator<unsigned long> > > std::__unguarded_partition<__gnu_cxx::__normal_iterator<unsigned long*, std::vector<unsigned long, std::allocator<unsigned long> > >, __gnu_cxx::__ops::_Iter_comp_iter<PIBT::solve<ManhattanExpander, ManhattanHeuristic, SafePlanner>(Environment const&, MAPFInstance&, ManhattanExpander const&, ManhattanHeuristic const&, SafePlanner&, SearchMetrics&)::{lambda(unsigned long, unsigned long)#1}> >(__gnu_cxx::__normal_iterator<unsigned long*, std::vector<unsigned long, std::allocator<unsigned long> > >, __gnu_cxx::__normal_iterator<unsigned long*, std::vector<unsigned long, std::allocator<unsigned long> > >, __gnu_cxx::__normal_iterator<unsigned long*, std::vector<unsigned long, std::allocator<unsigned long> > >, __gnu_cxx::__ops::_Iter_comp_iter<PIBT::solve<ManhattanExpander, ManhattanHeuristic, SafePlanner>(Environment const&, MAPFInstance&, ManhattanExpander const&, ManhattanHeuristic const&, SafePlanner&, SearchMetrics&)::{lambda(unsigned long, unsigned long)#1}>)
calls=16897 -28 
* 154344307
+1 101382

fn=(2628)
1871 135176
+6 16897
+1 1493664
cfi=(247)
cfn=(2588)
calls=497888 1109 
* 5974656
-1 4048374
cfi=(262)
cfn=(2618)
calls=674729 157 
* 63424526
* 1349458
+2 530523
cfi=(247)
cfn=(2630)
calls=176841 1123 
* 2122092
+1 176841
+1 815016
cfi=(247)
cfn=(2630)
calls=271672 1123 
* 3260064
-1 2691078
cfi=(262)
cfn=(2618)
calls=448513 157 
* 42160222
* 897026
+2 884205
cfi=(247)
cfn=(2632)
calls=176841 1258 
* 6012594
* 530523
+1 33794
+1 799720
cfi=(242)
cfn=(2622)
calls=159944 155 
* 14394960
+1 479832
cfi=(247)
cfn=(2588)
calls=159944 1109 
* 1919328
-8 159944
+10 33794

fn=(2736) void std::__insertion_sort<Location*, __gnu_cxx::__ops::_Iter_comp_iter<PIBT::solve_one_agent<ManhattanExpander, ManhattanHeuristic>(int, int, int, Environment const&, MAPFInstance const&, ManhattanExpander const&, ManhattanHeuristic const&, std::vector<int, std::allocator<int> >&, std::vector<int, std::allocator<int> >&)::{lambda(Location const&, Location const&)#1}> >(Location*, Location*, __gnu_cxx::__ops::_Iter_comp_iter<PIBT::solve_one_agent<ManhattanExpander, ManhattanHeuristic>(int, int, int, Environment const&, MAPFInstance const&, ManhattanExpander const&, ManhattanHeuristic const&, std::vector<int, std::allocator<int> >&, std::vector<int, std::allocator<int> >&)::{lambda(Location const&, Location const&)#1}>)
1812 1565784
+3 521928
+2 695904
+2 1803055
cfi=(262)
cfn=(2738)
calls=360611 157 
* 62025092
* 721222
+3 463026
cfi=(244)
cfn=(2110)
calls=154342 97 
* 1080394
* 617368
+1 1080394
cfi=(242)
cfn=(2742)
calls=154342 892 
* 29948064
+1 463026
cfi=(244)
cfn=(2110)
calls=154342 97 
* 1080394
* 926052
+3 2475228
cfi=(262)
cfn=(2754)
calls=206269 252 
* 10107181
* 2681497
cfn=(2760) void std::__unguarded_linear_insert<Location*, __gnu_cxx::__ops::_Val_comp_iter<PIBT::solve_one_agent<ManhattanExpander, ManhattanHeuristic>(int, int, int, Environment const&, MAPFInstance const&, ManhattanExpander const&, ManhattanHeuristic const&, std::vector<int, std::allocator<int> >&, std::vector<int, std::allocator<int> >&)::{lambda(Location const&, Location const&)#1}> >(Location*, __gnu_cxx::__ops::_Val_comp_iter<PIBT::solve_one_agent<ManhattanExpander, ManhattanHeuristic>(int, int, int, Environment const&, MAPFInstance const&, ManhattanExpander const&, ManhattanHeuristic const&, std::vector<int, std::allocator<int> >&, std::vector<int, std::allocator<int> >&)::{lambda(Location const&, Location const&)#1}>)
calls=206269 -35 
* 55035983
* 206269
-10 2138348
+13 869880

fn=(2668) void std::__unguarded_insertion_sort<__gnu_cxx::__normal_iterator<unsigned long*, std::vector<unsigned long, std::allocator<unsigned long> > >, __gnu_cxx::__ops::_Iter_comp_iter<PIBT::solve<ManhattanExpander, ManhattanHeuristic, SafePlanner>(Environment const&, MAPFInstance&, ManhattanExpander const&, ManhattanHeuristic const&, SafePlanner&, SearchMetrics&)::{lambda(unsigned long, unsigned long)#1}> >(__gnu_cxx::__normal_iterator<unsigned long*, std::vector<unsigned long, std::allocator<unsigned long> > >, __gnu_cxx::__normal_iterator<unsigned long*, std::vector<unsigned long, std::allocator<unsigned long> > >, __gnu_cxx::__ops::_Iter_comp_iter<PIBT::solve<ManhattanExpander, ManhattanHeuristic, SafePlanner>(Environment const&, MAPFInstance&, ManhattanExpander const&, ManhattanHeuristic const&, SafePlanner&, SearchMetrics&)::{lambda(unsigned long, unsigned long)#1}>)
1836 4180
+3 1254
+1 481536
cfi=(262)
cfn=(2658)
calls=160512 252 
* 8186112
* 802560
cfn=(2664) void std::__unguarded_linear_insert<__gnu_cxx::__normal_iterator<unsigned long*, std::vector<unsigned long, std::allocator<unsigned long> > >, __gnu_cxx::__ops::_Val_comp_iter<PIBT::solve<ManhattanExpander, ManhattanHeuristic, SafePlanner>(Environment const&, MAPFInstance&, ManhattanExpander const&, ManhattanHeuristic const&, SafePlanner&, SearchMetrics&)::{lambda(unsigned long, unsigned long)#1}> >(__gnu_cxx::__normal_iterator<unsigned long*, std::vector<unsigned long, std::allocator<unsigned long> > >, __gnu_cxx::__ops::_Val_comp_iter<PIBT::solve<ManhattanExpander, ManhattanHeuristic, SafePlanner>(Environment const&, MAPFInstance&, ManhattanExpander const&, ManhattanHeuristic const&, SafePlanner&, SearchMetrics&)::{lambda(unsigned long, unsigned long)#1}>)
calls=160512 -48 
* 75855276
-1 481536
cfi=(247)
cfn=(2588)
calls=160512 1109 
* 1926144
* 804650
cfi=(247)
cfn=(2582)
calls=160930 1241 
* 5471620
* 321860
+3 2508

fn=(2774) void std::__move_merge_adaptive<Location*, Location*, Location*, __gnu_cxx::__ops::_Iter_comp_iter<PIBT::solve_one_agent<ManhattanExpander, ManhattanHeuristic>(int, int, int, Environment const&, MAPFInstance const&, ManhattanExpander const&, ManhattanHeuristic const&, std::vector<int, std::allocator<int> >&, std::vector<int, std::allocator<int> >&)::{lambda(Location const&, Location const&)#1}> >(Location*, Location*, Location*, Location*, Location*, __gnu_cxx::__ops::_Iter_comp_iter<PIBT::solve_one_agent<ManhattanExpander, ManhattanHeuristic>(int, int, int, Environment const&, MAPFInstance const&, ManhattanExpander const&, ManhattanHeuristic const&, std::vector<int, std::allocator<int> >&, std::vector<int, std::allocator<int> >&)::{lambda(Location const&, Location const&)#1}>)
2294 527643
+4 58627
+2 1141225
cfi=(262)
cfn=(2738)
calls=228245 157 
* 39258140
* 456490
+2 158016
cfi=(244)
cfn=(2110)
calls=52672 97 
* 368704
* 263360
+1 105344
+4 526719
cfi=(244)
cfn=(2110)
calls=175573 97 
* 1229011
* 877865
+1 175573
+2 175573
-12 526719
+12 52672
-12 1018638
+14 175881
+1 12
cfi=(242)
cfn=(2766)
calls=2 657 
* 376
+1 175881

fn=(2820)
1905 504
+5 378
cfn=(2822) void std::__heap_select<__gnu_cxx::__normal_iterator<unsigned long*, std::vector<unsigned long, std::allocator<unsigned long> > >, __gnu_cxx::__ops::_Iter_comp_iter<PIBT::solve<ManhattanExpander, ManhattanHeuristic, SafePlanner>(Environment const&, MAPFInstance&, ManhattanExpander const&, ManhattanHeuristic const&, SafePlanner&, SearchMetrics&)::{lambda(unsigned long, unsigned long)#1}> >(__gnu_cxx::__normal_iterator<unsigned long*, std::vector<unsigned long, std::allocator<unsigned long> > >, __gnu_cxx::__normal_iterator<unsigned long*, std::vector<unsigned long, std::allocator<unsigned long> > >, __gnu_cxx::__normal_iterator<unsigned long*, std::vector<unsigned long, std::allocator<unsigned long> > >, __gnu_cxx::__ops::_Iter_comp_iter<PIBT::solve<ManhattanExpander, ManhattanHeuristic, SafePlanner>(Environment const&, MAPFInstance&, ManhattanExpander const&, ManhattanHeuristic const&, SafePlanner&, SearchMetrics&)::{lambda(unsigned long, unsigned long)#1}>)
calls=63 1631 
* 2281841
+1 378
cfi=(271)
cfn=(2834)
calls=63 419 
* 6896089
+1 189

fn=(2598) void std::__sort<__gnu_cxx::__normal_iterator<unsigned long*, std::vector<unsigned long, std::allocator<unsigned long> > >, __gnu_cxx::__ops::_Iter_comp_iter<PIBT::solve<ManhattanExpander, ManhattanHeuristic, SafePlanner>(Environment const&, MAPFInstance&, ManhattanExpander const&, ManhattanHeuristic const&, SafePlanner&, SearchMetrics&)::{lambda(unsigned long, unsigned long)#1}> >(__gnu_cxx::__normal_iterator<unsigned long*, std::vector<unsigned long, std::allocator<unsigned long> > >, __gnu_cxx::__normal_iterator<unsigned long*, std::vector<unsigned long, std::allocator<unsigned long> > >, __gnu_cxx::__ops::_Iter_comp_iter<PIBT::solve<ManhattanExpander, ManhattanHeuristic, SafePlanner>(Environment const&, MAPFInstance&, ManhattanExpander const&, ManhattanHeuristic const&, SafePlanner&, SearchMetrics&)::{lambda(unsigned long, unsigned long)#1}>)
1942 2926
+3 2090
cfi=(247)
cfn=(2582)
calls=418 1241 
* 14212
* 836
+3 2090
cfi=(247)
cfn=(2600)
calls=418 1334 
* 15048
* 836
cfi=(242)
cfn=(2602)
calls=418 1515 
* 17556
-1 3344
cfn=(2608)
calls=418 -29 
* 176104214
+3 2508
cfn=(2634) void std::__final_insertion_sort<__gnu_cxx::__normal_iterator<unsigned long*, std::vector<unsigned long, std::allocator<unsigned long> > >, __gnu_cxx::__ops::_Iter_comp_iter<PIBT::solve<ManhattanExpander, ManhattanHeuristic, SafePlanner>(Environment const&, MAPFInstance&, ManhattanExpander const&, ManhattanHeuristic const&, SafePlanner&, SearchMetrics&)::{lambda(unsigned long, unsigned long)#1}> >(__gnu_cxx::__normal_iterator<unsigned long*, std::vector<unsigned long, std::allocator<unsigned long> > >, __gnu_cxx::__normal_iterator<unsigned long*, std::vector<unsigned long, std::allocator<unsigned long> > >, __gnu_cxx::__ops::_Iter_comp_iter<PIBT::solve<ManhattanExpander, ManhattanHeuristic, SafePlanner>(Environment const&, MAPFInstance&, ManhattanExpander const&, ManhattanHeuristic const&, SafePlanner&, SearchMetrics&)::{lambda(unsigned long, unsigned long)#1}>)
calls=418 -96 
* 98625149
+2 1254

fn=(2616)
85 152073
+3 101382
cfi=(262)
cfn=(2618)
calls=16897 +69 
* 1588318
* 33794
+2 50340
cfi=(262)
cfn=(2618)
calls=8390 +67 
* 788660
* 16780
+1 24470
cfi=(242)
cfn=(2622)
calls=4894 +64 
* 440460
+12 4894
-11 20976
cfi=(262)
cfn=(2618)
calls=3496 +65 
* 328624
* 6992
+1 7005
cfi=(242)
cfn=(2622)
calls=1401 +62 
* 126090
+10 1401
-8 10475
cfi=(242)
cfn=(2622)
calls=2095 +60 
* 188550
+8 2095
-6 51042
cfi=(262)
cfn=(2618)
calls=8507 +60 
* 799658
* 17014
+1 11895
cfi=(242)
cfn=(2622)
calls=2379 +57 
* 214110
+5 2379
-4 36768
cfi=(262)
cfn=(2618)
calls=6128 +58 
* 576032
* 12256
+1 20400
cfi=(242)
cfn=(2622)
calls=4080 +55 
* 367200
+3 4080
-1 10240
cfi=(242)
cfn=(2622)
calls=2048 +53 
* 184320
+1 50691

fn=(2704) void std::__stable_sort<Location*, __gnu_cxx::__ops::_Iter_comp_iter<PIBT::solve_one_agent<ManhattanExpander, ManhattanHeuristic>(int, int, int, Environment const&, MAPFInstance const&, ManhattanExpander const&, ManhattanHeuristic const&, std::vector<int, std::allocator<int> >&, std::vector<int, std::allocator<int> >&)::{lambda(Location const&, Location const&)#1}> >(Location*, Location*, __gnu_cxx::__ops::_Iter_comp_iter<PIBT::solve_one_agent<ManhattanExpander, ManhattanHeuristic>(int, int, int, Environment const&, MAPFInstance const&, ManhattanExpander const&, ManhattanHeuristic const&, std::vector<int, std::allocator<int> >&, std::vector<int, std::allocator<int> >&)::{lambda(Location const&, Location const&)#1}>)
5023 869880
+8 260964
+7 1478796
cfi=(269)
cfn=(2706)
calls=86988 263 
* 19833264
+2 260964
cfi=(269)
cfn=(2724)
calls=86988 164 
* 695904
* 347952
cfi=(269)
cfn=(2726)
calls=86988 159 
* 695904
* 608916
+1 260964
cfi=(269)
cfn=(2728)
calls=86988 169 
* 695904
* 86988
+1 260964
cfi=(269)
cfn=(2726)
calls=86988 159 
* 695904
* 521928
-1 1478796
cfn=(2730) void std::__stable_sort_adaptive<Location*, Location*, __gnu_cxx::__ops::_Iter_comp_iter<PIBT::solve_one_agent<ManhattanExpander, ManhattanHeuristic>(int, int, int, Environment const&, MAPFInstance const&, ManhattanExpander const&, ManhattanHeuristic const&, std::vector<int, std::allocator<int> >&, std::vector<int, std::allocator<int> >&)::{lambda(Location const&, Location const&)#1}> >(Location*, Location*, Location*, Location*, __gnu_cxx::__ops::_Iter_comp_iter<PIBT::solve_one_agent<ManhattanExpander, ManhattanHeuristic>(int, int, int, Environment const&, MAPFInstance const&, ManhattanExpander const&, ManhattanHeuristic const&, std::vector<int, std::allocator<int> >&, std::vector<int, std::allocator<int> >&)::{lambda(Location const&, Location const&)#1}>)
calls=86988 2742 
* 291170500
* 173976
+11 260964
cfi=(269)
cfn=(2770)
calls=86988 183 
* 14526996
* 608916

fn=(2950) __gnu_cxx::__normal_iterator<Location*, std::vector<Location, std::allocator<Location> > > std::find<__gnu_cxx::__normal_iterator<Location*, std::vector<Location, std::allocator<Location> > >, Location>(__gnu_cxx::__normal_iterator<Location*, std::vector<Location, std::allocator<Location> > >, __gnu_cxx::__normal_iterator<Location*, std::vector<Location, std::allocator<Location> > >, Location const&)
3889 608916
+8 260964
cfi=(262)
cfn=(2952)
calls=86988 276 
* 2609640
* 521928
cfi=(242)
cfn=(2956)
calls=86988 2115 
* 13316839
+2 173976

fn=(2408) std::_Bit_iterator std::find_if_not<std::_Bit_iterator, PIBT::solve<ManhattanExpander, ManhattanHeuristic, SafePlanner>(Environment const&, MAPFInstance&, ManhattanExpander const&, ManhattanHeuristic const&, SafePlanner&, SearchMetrics&)::{lambda(bool)#1}>(std::_Bit_iterator, std::_Bit_iterator, PIBT::solve<ManhattanExpander, ManhattanHeuristic, SafePlanner>(Environment const&, MAPFInstance&, ManhattanExpander const&, ManhattanHeuristic const&, SafePlanner&, SearchMetrics&)::{lambda(bool)#1})
511 4190
+8 419
cfi=(262)
cfn=(2410)
calls=419 324 
* 18436
* 2933
cfn=(2416) std::_Bit_iterator std::__find_if_not<std::_Bit_iterator, __gnu_cxx::__ops::_Iter_pred<PIBT::solve<ManhattanExpander, ManhattanHeuristic, SafePlanner>(Environment const&, MAPFInstance&, ManhattanExpander const&, ManhattanHeuristic const&, SafePlanner&, SearchMetrics&)::{lambda(bool)#1}> >(std::_Bit_iterator, std::_Bit_iterator, __gnu_cxx::__ops::_Iter_pred<PIBT::solve<ManhattanExpander, ManhattanHeuristic, SafePlanner>(Environment const&, MAPFInstance&, ManhattanExpander const&, ManhattanHeuristic const&, SafePlanner&, SearchMetrics&)::{lambda(bool)#1}>)
calls=419 109 
* 2421712
* 838
+1 838
+1 838

fn=(2636) void std::__insertion_sort<__gnu_cxx::__normal_iterator<unsigned long*, std::vector<unsigned long, std::allocator<unsigned long> > >, __gnu_cxx::__ops::_Iter_comp_iter<PIBT::solve<ManhattanExpander, ManhattanHeuristic, SafePlanner>(Environment const&, MAPFInstance&, ManhattanExpander const&, ManhattanHeuristic const&, SafePlanner&, SearchMetrics&)::{lambda(unsigned long, unsigned long)#1}> >(__gnu_cxx::__normal_iterator<unsigned long*, std::vector<unsigned long, std::allocator<unsigned long> > >, __gnu_cxx::__normal_iterator<unsigned long*, std::vector<unsigned long, std::allocator<unsigned long> > >, __gnu_cxx::__ops::_Iter_comp_iter<PIBT::solve<ManhattanExpander, ManhattanHeuristic, SafePlanner>(Environment const&, MAPFInstance&, ManhattanExpander const&, ManhattanHeuristic const&, SafePlanner&, SearchMetrics&)::{lambda(unsigned long, unsigned long)#1}>)
1812 4598
+3 2090
cfi=(247)
cfn=(2638)
calls=418 1225 
* 14212
* 836
+2 1672
cfi=(247)
cfn=(2612)
calls=418 1147 
* 15884
* 836
+2 37620
cfi=(262)
cfn=(2618)
calls=6270 157 
* 589380
* 12540
+3 2457
cfi=(247)
cfn=(2586)
calls=819 1099 
* 6552
* 1638
cfi=(244)
cfn=(2626)
calls=819 97 
* 5733
* 1638
+1 3276
cfi=(247)
cfn=(2612)
calls=819 1147 
* 31122
* 4914
cfi=(242)
cfn=(2640)
calls=819 892 
* 233178
+1 2457
cfi=(244)
cfn=(2626)
calls=819 97 
* 5733
* 3276
cfi=(247)
cfn=(2586)
calls=819 1099 
* 6552
* 1638
+3 16353
cfi=(262)
cfn=(2658)
calls=5451 252 
* 278001
* 27255
cfn=(2664)
calls=5451 -35 
* 2539752
-10 18810
cfi=(247)
cfn=(2588)
calls=6270 1109 
* 75240
* 33440
cfi=(247)
cfn=(2582)
calls=6688 1241 
* 227392
* 13794
+13 2508

fn=(2696) void std::stable_sort<Location*, PIBT::solve_one_agent<ManhattanExpander, ManhattanHeuristic>(int, int, int, Environment const&, MAPFInstance const&, ManhattanExpander const&, ManhattanHeuristic const&, std::vector<int, std::allocator<int> >&, std::vector<int, std::allocator<int> >&)::{lambda(Location const&, Location const&)#1}>(Location*, Location*, PIBT::solve_one_agent<ManhattanExpander, ManhattanHeuristic>(int, int, int, Environment const&, MAPFInstance const&, ManhattanExpander const&, ManhattanHeuristic const&, std::vector<int, std::allocator<int> >&, std::vector<int, std::allocator<int> >&)::{lambda(Location const&, Location const&)#1})
5107 782892
+12 1043856
cfi=(262)
cfn=(2698)
calls=86988 164 
* 4784340
* 1130844
cfn=(2704)
calls=86988 -96 
* 335795344
* 86988
+2 521928

fn=(2764) void std::__merge_adaptive<Location*, long, Location*, __gnu_cxx::__ops::_Iter_comp_iter<PIBT::solve_one_agent<ManhattanExpander, ManhattanHeuristic>(int, int, int, Environment const&, MAPFInstance const&, ManhattanExpander const&, ManhattanHeuristic const&, std::vector<int, std::allocator<int> >&, std::vector<int, std::allocator<int> >&)::{lambda(Location const&, Location const&)#1}> >(Location*, Location*, Location*, long, long, Location*, __gnu_cxx::__ops::_Iter_comp_iter<PIBT::solve_one_agent<ManhattanExpander, ManhattanHeuristic>(int, int, int, Environment const&, MAPFInstance const&, ManhattanExpander const&, ManhattanHeuristic const&, std::vector<int, std::allocator<int> >&, std::vector<int, std::allocator<int> >&)::{lambda(Location const&, Location const&)#1}>)
2401 869880
+6 260964
+2 351762
cfi=(242)
cfn=(2766)
calls=58627 657 
* 10904317
* 58627
+1 996659
cfn=(2774)
calls=58627 2294 
* 47272469
* 58627
+9 58627
-4 170166
cfi=(242)
cfn=(2766)
calls=28361 657 
* 5267600
* 28361
+1 482137
cfn=(2768) void std::__move_merge_adaptive_backward<Location*, Location*, Location*, __gnu_cxx::__ops::_Iter_comp_iter<PIBT::solve_one_agent<ManhattanExpander, ManhattanHeuristic>(int, int, int, Environment const&, MAPFInstance const&, ManhattanExpander const&, ManhattanHeuristic const&, std::vector<int, std::allocator<int> >&, std::vector<int, std::allocator<int> >&)::{lambda(Location const&, Location const&)#1}> >(Location*, Location*, Location*, Location*, Location*, __gnu_cxx::__ops::_Iter_comp_iter<PIBT::solve_one_agent<ManhattanExpander, ManhattanHeuristic>(int, int, int, Environment const&, MAPFInstance const&, ManhattanExpander const&, ManhattanHeuristic const&, std::vector<int, std::allocator<int> >&, std::vector<int, std::allocator<int> >&)::{lambda(Location const&, Location const&)#1}>)
calls=28361 -96 
* 27239698
* 28361
+3 260964

fn=(2760)
1792 1650152
+4 618807
cfi=(244)
cfn=(2110)
calls=206269 97 
* 1443883
* 825076
+1 412538
+1 206269
+1 206269
+2 128211
cfi=(244)
cfn=(2110)
calls=42737 97 
* 299159
* 213685
+1 85474
+1 42737
-4 213685
cfi=(262)
cfn=(2762)
calls=42737 239 
* 7350764
* 1031345
cfi=(262)
cfn=(2762)
calls=206269 239 
* 35478268
* 498012
+6 618807
cfi=(244)
cfn=(2110)
calls=206269 97 
* 1443883
* 1031345
+1 1237614

fn=(2768)
2320 255249
+7 85083
+5 85083
+3 28361
+1 28361
+3 141805
cfi=(262)
cfn=(2738)
calls=28361 157 
* 4878092
* 498900
cfi=(262)
cfn=(2738)
calls=99780 157 
* 17162160
* 256282
+2 168327
cfi=(244)
cfn=(2110)
calls=56109 97 
* 392763
* 336654
+1 168327
+2 38535
cfi=(242)
cfn=(2742)
calls=5505 892 
* 1062465
+1 5505
+2 101208
+4 216096
cfi=(244)
cfn=(2110)
calls=72032 97 
* 504224
* 432192
+1 216096
+2 49176
-15 49176
+14 22856
+4 56722

fn=(2590) void std::sort<__gnu_cxx::__normal_iterator<unsigned long*, std::vector<unsigned long, std::allocator<unsigned long> > >, PIBT::solve<ManhattanExpander, ManhattanHeuristic, SafePlanner>(Environment const&, MAPFInstance&, ManhattanExpander const&, ManhattanHeuristic const&, SafePlanner&, SearchMetrics&)::{lambda(unsigned long, unsigned long)#1}>(__gnu_cxx::__normal_iterator<unsigned long*, std::vector<unsigned long, std::allocator<unsigned long> > >, __gnu_cxx::__normal_iterator<unsigned long*, std::vector<unsigned long, std::allocator<unsigned long> > >, PIBT::solve<ManhattanExpander, ManhattanHeuristic, SafePlanner>(Environment const&, MAPFInstance&, ManhattanExpander const&, ManhattanHeuristic const&, SafePlanner&, SearchMetrics&)::{lambda(unsigned long, unsigned long)#1})
4882 2926
+12 1254
cfi=(262)
cfn=(2592)
calls=418 164 
* 21318
* 2508
cfn=(2598)
calls=418 1942 
* 274792063
+1 1254

fn=(2634)
1854 2926
+3 2090
cfi=(247)
cfn=(2600)
calls=418 1334 
* 15048
* 1672
+2 1672
cfi=(247)
cfn=(2612)
calls=418 1147 
* 15884
* 2508
cfn=(2636)
calls=418 -47 
* 4222377
+1 1672
cfi=(247)
cfn=(2612)
calls=418 1147 
* 15884
* 2508
cfn=(2668)
calls=418 -24 
* 94339236
+5 1672

fn=(2734) void std::__chunk_insertion_sort<Location*, long, __gnu_cxx::__ops::_Iter_comp_iter<PIBT::solve_one_agent<ManhattanExpander, ManhattanHeuristic>(int, int, int, Environment const&, MAPFInstance const&, ManhattanExpander const&, ManhattanHeuristic const&, std::vector<int, std::allocator<int> >&, std::vector<int, std::allocator<int> >&)::{lambda(Location const&, Location const&)#1}> >(Location*, Location*, long, __gnu_cxx::__ops::_Iter_comp_iter<PIBT::solve_one_agent<ManhattanExpander, ManhattanHeuristic>(int, int, int, Environment const&, MAPFInstance const&, ManhattanExpander const&, ManhattanHeuristic const&, std::vector<int, std::allocator<int> >&, std::vector<int, std::allocator<int> >&)::{lambda(Location const&, Location const&)#1}>)
2700 1217832
+4 1565784
+5 2087712
cfn=(2736)
calls=173976 1812 
* 176506089
* 173976
+1 521928

fn=(2822)
1631 693
+4 378
cfi=(271)
cfn=(2824)
calls=63 340 
* 2277620
+1 504
cfi=(247)
cfn=(2632)
calls=63 1258 
* 2142
* 126
+3 378

fn=(2406) bool std::all_of<std::_Bit_iterator, PIBT::solve<ManhattanExpander, ManhattanHeuristic, SafePlanner>(Environment const&, MAPFInstance&, ManhattanExpander const&, ManhattanHeuristic const&, SafePlanner&, SearchMetrics&)::{lambda(bool)#1}>(std::_Bit_iterator, std::_Bit_iterator, PIBT::solve<ManhattanExpander, ManhattanHeuristic, SafePlanner>(Environment const&, MAPFInstance&, ManhattanExpander const&, ManhattanHeuristic const&, SafePlanner&, SearchMetrics&)::{lambda(bool)#1})
458 5447
+1 2933
cfn=(2408)
calls=419 +52 
* 2450204
* 2933
cfi=(239)
cfn=(2434) std::operator==(std::_Bit_iterator_base const&, std::_Bit_iterator_base const&)
calls=419 240 
* 11835
* 2095

fn=(2732) void std::__merge_sort_with_buffer<Location*, Location*, __gnu_cxx::__ops::_Iter_comp_iter<PIBT::solve_one_agent<ManhattanExpander, ManhattanHeuristic>(int, int, int, Environment const&, MAPFInstance const&, ManhattanExpander const&, ManhattanHeuristic const&, std::vector<int, std::allocator<int> >&, std::vector<int, std::allocator<int> >&)::{lambda(Location const&, Location const&)#1}> >(Location*, Location*, Location*, __gnu_cxx::__ops::_Iter_comp_iter<PIBT::solve_one_agent<ManhattanExpander, ManhattanHeuristic>(int, int, int, Environment const&, MAPFInstance const&, ManhattanExpander const&, ManhattanHeuristic const&, std::vector<int, std::allocator<int> >&, std::vector<int, std::allocator<int> >&)::{lambda(Location const&, Location const&)#1}>)
2716 1217832
+7 1217832
+1 1565784
+2 173976
+1 2435664
cfn=(2734)
calls=173976 -27 
* 182073321
* 173976
+2 695904
+9 695904

fn=(2416)
109 4190
fi=(333)
240 419
fe=(261)
112 419
cfi=(262)
cfn=(2418)
calls=419 401 
* 18436
* 2933
cfi=(242)
cfn=(2422)
calls=419 2064 
* 2392801
* 838
+2 838
+1 838

fn=(2730)
2742 782892
+5 1217832
cfn=(2732)
calls=86988 -31 
* 105795486
* 86988
+1 1217832
cfn=(2732)
calls=86988 -32 
* 84454707
* 86988
+3 173976
-1 434940
+1 173976
-1 2000724
cfn=(2764)
calls=86988 2401 
* 94309219
* 86988
+3 347952

fn=(2664)
1792 1659630
+4 497889
cfi=(247)
cfn=(2586)
calls=165963 1099 
* 1327704
* 331926
cfi=(244)
cfn=(2626)
calls=165963 97 
* 1161741
* 331926
+1 331926
+1 497889
cfi=(247)
cfn=(2630)
calls=165963 1123 
* 1991556
+1 165963
+2 1098114
cfi=(247)
cfn=(2586)
calls=366038 1099 
* 2928304
* 732076
cfi=(244)
cfn=(2626)
calls=366038 97 
* 2562266
* 1464152
cfi=(247)
cfn=(2586)
calls=366038 1099 
* 2928304
* 366038
+1 732076
+1 1098114
cfi=(247)
cfn=(2630)
calls=366038 1123 
* 4392456
-4 3192006
cfi=(262)
cfn=(2666)
calls=532001 239 
* 42560080
* 1064002
+6 497889
cfi=(244)
cfn=(2626)
calls=165963 97 
* 1161741
* 663852
cfi=(247)
cfn=(2586)
calls=165963 1099 
* 1327704
* 165963
+1 1161741

fl=(240)
fn=(1860)
1896 7685920
+2 2096160
cfn=(1862) std::vector<Location, std::allocator<Location> >::max_size() const
calls=698720 998 
* 44718080
* 2794880
cfn=(1870)
calls=698720 992 
* 9782080
* 4891040
+3 2096160
cfn=(1870)
calls=698720 992 
* 9782080
* 2794880
cfn=(1870)
calls=698720 992 
* 9782080
* 4192320
cfi=(242)
cfn=(1732)
calls=698720 257 
* 9956459
* 2096160
+1 2096160
cfn=(1870)
calls=698720 992 
* 9782080
* 3493600
cfn=(1862)
calls=698720 998 
* 44718080
* 2096160
+1 4192320

fn=(1866) std::vector<Location, std::allocator<Location> >::_S_max_size(std::allocator<Location> const&)
1916 11179520
+5 11179520
fi=(223)
233 1397440
-50 1397440
fi=(243)
574 1397440
fe=(240)
1923 1397440
+1 6987200
cfi=(242)
cfn=(1868)
calls=1397440 233 
* 19564160
* 1397440
+1 6987200

fn=(1974) std::vector<Location, std::allocator<Location> >::begin() const
883 9608
+1 6005
cfi=(247)
cfn=(1972)
calls=1201 1076 
* 14412
* 7206

fn=(2102) std::_Vector_base<int, std::allocator<int> >::_Vector_base()
315 16
cfn=(2104) std::_Vector_base<int, std::allocator<int> >::_Vector_impl::_Vector_impl()
calls=2 137 
* 60
* 6

fn=(2136)
1896 220
+2 60
cfn=(2138) std::vector<int, std::allocator<int> >::max_size() const
calls=20 998 
* 1280
* 80
cfn=(2144) std::vector<int, std::allocator<int> >::size() const
calls=20 992 
* 260
* 140
+3 60
cfn=(2144)
calls=20 992 
* 260
* 80
cfn=(2144)
calls=20 992 
* 260
* 120
cfi=(242)
cfn=(1732)
calls=20 257 
* 282
* 60
+1 60
cfn=(2144)
calls=20 992 
* 260
* 100
cfn=(2138)
calls=20 998 
* 1280
* 60
+1 120

fn=(2308) std::_Vector_base<float, std::allocator<float> >::_M_get_Tp_allocator() const
306 160
+1 120

fn=(2310) std::vector<float, std::allocator<float> >::_S_max_size(std::allocator<float> const&)
1916 320
+5 320
fi=(223)
233 40
-50 40
fi=(243)
574 40
fe=(240)
1923 40
+1 200
cfi=(242)
cfn=(1868)
calls=40 233 
* 560
* 40
+1 200

fn=(2530) std::vector<float, std::allocator<float> >::operator[](unsigned long)
1126 18169040
+3 18169040
+1 7267616

fn=(2906) std::_Vector_base<float, std::allocator<float> >::~_Vector_base()
367 10
+3 14
-1 14
cfn=(2342)
calls=2 +17 
* 466
+2 6
cfn=(2908) std::_Vector_base<float, std::allocator<float> >::_Vector_impl::~_Vector_impl()
calls=2 133 
* 42
* 6

fn=(2934)
1088 24
+1 9
cfn=(2480)
calls=3 903 
* 96
* 12
cfn=(2476)
calls=3 883 
* 93
* 18
cfi=(247)
cfn=(2936)
calls=3 1225 
* 102
* 15

fn=(1686) std::_Vector_base<Location, std::allocator<Location> >::_Vector_base()
315 1395032
cfn=(1688) std::_Vector_base<Location, std::allocator<Location> >::_Vector_impl::_Vector_impl()
calls=174379 137 
* 5231370
* 523137

fn=(1852)
1281 8098734
+2 6941772
+3 3208884
fi=(243)
538 1375236
cfi=(244)
cfn=(1884)
calls=458412 70 
* 3208884
* 2292060
fi=(223)
191 1833648
cfi=(248)
cfn=(1888)
calls=458412 -16 
* 3667296
* 1833648
cfi=(244)
cfn=(1884)
calls=458412 70 
* 3208884
* 2292060
fi=(243)
542 458412
fe=(240)
1288 2292060
+5 458412
-1 2095650
cfn=(1854)
calls=698550 893 
* 22353600
* 4191300
cfi=(241)
cfn=(1858)
calls=698550 445 
* 669694291
+1 4627848

fn=(1894)
504 11177120
+5 8382840
cfi=(249)
cfn=(1896)
calls=1397140 1141 
* 125041419
+5 2794280

fn=(1902)
386 6114500
+3 1747000
+1 4194726
fi=(243)
517 4194726
cfi=(223)
cfn=(1906) std::__new_allocator<Location>::deallocate(Location*, unsigned long)
calls=699121 156 
* 79976742
* 699121
fe=(240)
391 2620500

fn=(2122)
1233 9600
+3 3600
cfn=(1854)
calls=1200 893 
* 38400
* 6000
cfi=(247)
cfn=(2124)
calls=1200 -79 
* 50400
* 4800
cfi=(247)
cfn=(2126)
calls=1200 1099 
* 9600
+1 6000

fn=(2238)
998 20
+1 12
cfn=(2240) std::_Vector_base<std::vector<Location, std::allocator<Location> >, std::allocator<std::vector<Location, std::allocator<Location> > > >::_M_get_Tp_allocator() const
calls=4 306 
* 28
* 8
cfn=(2242) std::vector<std::vector<Location, std::allocator<Location> >, std::allocator<std::vector<Location, std::allocator<Location> > > >::_S_max_size(std::allocator<std::vector<Location, std::allocator<Location> > > const&)
calls=4 1916 
* 180
* 8

fn=(2436) std::vector<int, std::allocator<int> >::vector(unsigned long, int const&, std::allocator<int> const&)
569 7524
+2 5016
cfn=(2438) std::vector<int, std::allocator<int> >::_S_check_init_len(unsigned long, std::allocator<int> const&)
calls=836 1907 
* 73568
* 5016
cfn=(2444) std::_Vector_base<int, std::allocator<int> >::_Vector_base(unsigned long, std::allocator<int> const&)
calls=836 333 
* 437342
+1 5016
cfn=(2450) std::vector<int, std::allocator<int> >::_M_fill_initialize(unsigned long, int const&)
calls=836 1704 
* 46948924
* 3344

fn=(2444)
333 6688
+1 4180
cfn=(2446) std::_Vector_base<int, std::allocator<int> >::_Vector_impl::_Vector_impl(std::allocator<int> const&)
calls=836 146 
* 29260
+1 4180
cfn=(2448) std::_Vector_base<int, std::allocator<int> >::_M_create_storage(unsigned long)
calls=836 +61 
* 389690
* 3344

fn=(2548) std::_Vector_base<unsigned long, std::allocator<unsigned long> >::_M_create_storage(unsigned long)
396 2508
+2 2090
cfn=(2550) std::_Vector_base<unsigned long, std::allocator<unsigned long> >::_M_allocate(unsigned long)
calls=418 -20 
* 152760
* 836
+1 1672
+1 2926
+1 1254

fn=(2802) std::_Vector_base<int, std::allocator<int> >::~_Vector_base()
367 4190
+3 5866
-1 5866
cfn=(2174)
calls=838 +17 
* 262791
+2 2514
cfn=(2804) std::_Vector_base<int, std::allocator<int> >::_Vector_impl::~_Vector_impl()
calls=838 133 
* 17598
* 2514

fn=(2888) std::vector<std::vector<Location, std::allocator<Location> >, std::allocator<std::vector<Location, std::allocator<Location> > > >::end()
893 16
+1 12
cfi=(247)
cfn=(2886)
calls=2 1076 
* 24
* 12

fn=(1690) std::_Vector_base<Location, std::allocator<Location> >::_Vector_impl_data::_Vector_impl_data()
99 699120
+1 1048680
+1 524340

fn=(1870)
992 34147188
+1 85367970

fn=(1872)
873 6989968
+1 4368730
cfi=(247)
cfn=(1856)
calls=873746 1076 
* 10484952
* 5242476

fn=(1878)
378 4194726
+3 4194726
fi=(243)
482 4194726
cfi=(223)
cfn=(1880) std::__new_allocator<Location>::allocate(unsigned long, void const*)
calls=699121 126 
* 65001912
* 1398242
fe=(240)
382 1398242

fn=(2106) std::_Vector_base<int, std::allocator<int> >::_Vector_impl_data::_Vector_impl_data()
99 3352
+1 5028
+1 2514

fn=(2130) std::vector<int, std::allocator<int> >::end()
893 160
+1 120
cfi=(247)
cfn=(2132)
calls=20 1076 
* 240
* 120

fn=(2138)
998 200
+1 120
cfn=(2140) std::_Vector_base<int, std::allocator<int> >::_M_get_Tp_allocator() const
calls=40 306 
* 280
* 80
cfn=(2142) std::vector<int, std::allocator<int> >::_S_max_size(std::allocator<int> const&)
calls=40 1916 
* 1800
* 80

fn=(2174)
386 6006
+3 1716
+1 5136
fi=(243)
517 5136
cfi=(223)
cfn=(2176) std::__new_allocator<int>::deallocate(int*, unsigned long)
calls=856 156 
* 243821
* 856
fe=(240)
391 2574

fn=(2190)
531 16
cfn=(2192) std::_Vector_base<std::vector<Location, std::allocator<Location> >, std::allocator<std::vector<Location, std::allocator<Location> > > >::_Vector_base()
calls=2 315 
* 82
* 6

fn=(2240)
306 16
+1 12

fn=(2244)
1896 11
+2 3
cfn=(2238)
calls=1 998 
* 64
* 4
cfn=(2234)
calls=1 992 
* 14
* 7
+3 3
cfn=(2234)
calls=1 992 
* 14
* 4
cfn=(2234)
calls=1 992 
* 14
* 6
cfi=(242)
cfn=(1732)
calls=1 257 
* 15
* 3
+1 3
cfn=(2234)
calls=1 992 
* 14
* 5
cfn=(2238)
calls=1 998 
* 64
* 3
+1 6

fn=(2298) std::vector<float, std::allocator<float> >::end()
893 160
+1 120
cfi=(247)
cfn=(2300)
calls=20 1076 
* 240
* 120

fn=(2332)
301 168
+1 126

fn=(2438)
1907 13376
fi=(223)
92 836
fi=(222)
+76 836
fe=(240)
1909 2508
cfn=(2142)
calls=836 +7 
* 37620
* 1672
fi=(222)
184 2508
cfi=(223)
cfn=(2440) std::__new_allocator<int>::~__new_allocator()
calls=836 -80 
* 5852
* 836
fe=(240)
1909 1672
+3 836
+1 5016

fn=(2450)
1704 5852
+4 2508
cfn=(2164)
calls=836 301 
* 5852
* 836
-1 5016
cfi=(249)
cfn=(2452)
calls=836 465 
* 46924680
-1 1672
+3 2508

fn=(2488)
1145 37267495
+3 59627992
+1 14906998

fn=(2534) std::vector<unsigned long, std::allocator<unsigned long> >::vector(unsigned long, std::allocator<unsigned long> const&)
556 3344
+1 2508
cfn=(2536) std::vector<unsigned long, std::allocator<unsigned long> >::_S_check_init_len(unsigned long, std::allocator<unsigned long> const&)
calls=418 1907 
* 36784
* 2508
cfn=(2542) std::_Vector_base<unsigned long, std::allocator<unsigned long> >::_Vector_base(unsigned long, std::allocator<unsigned long> const&)
calls=418 333 
* 187872
+1 2090
cfn=(2554) std::vector<unsigned long, std::allocator<unsigned long> >::_M_default_initialize(unsigned long)
calls=418 1715 
* 1248566
* 1672

fn=(2546) std::_Vector_base<unsigned long, std::allocator<unsigned long> >::_Vector_impl_data::_Vector_impl_data()
99 1672
+1 2508
+1 1254

fn=(2776) std::vector<unsigned long, std::allocator<unsigned long> >::~vector()
733 2090
+3 1254
cfn=(2556) std::_Vector_base<unsigned long, std::allocator<unsigned long> >::_M_get_Tp_allocator()
calls=418 301 
* 2926
-1 2926
fi=(243)
948 2090
cfi=(251)
cfn=(2778)
calls=418 182 
* 9196
+1 418
fe=(240)
738 1254
cfn=(2784) std::_Vector_base<unsigned long, std::allocator<unsigned long> >::~_Vector_base()
calls=418 367 
* 114840
* 1254

fn=(2790) std::_Vector_base<unsigned long, std::allocator<unsigned long> >::_Vector_impl::~_Vector_impl()
133 2926
fi=(222)
+51 1254
cfi=(223)
cfn=(1950) std::__new_allocator<unsigned long>::~__new_allocator()
calls=418 -80 
* 2926
* 418
fe=(240)
-51 1254

fn=(2922) std::_Vector_base<std::vector<Location, std::allocator<Location> >, std::allocator<std::vector<Location, std::allocator<Location> > > >::~_Vector_base()
367 10
+3 16
-1 14
cfn=(2272)
calls=2 +17 
* 541
+2 6
cfn=(2928) std::_Vector_base<std::vector<Location, std::allocator<Location> >, std::allocator<std::vector<Location, std::allocator<Location> > > >::_Vector_impl::~_Vector_impl()
calls=2 133 
* 42
* 6

fn=(2104)
137 18
fi=(223)
-49 2
fi=(222)
+75 2
fe=(240)
-21 6
cfn=(2106)
calls=2 -43 
* 26
+1 6

fn=(2196) std::_Vector_base<std::vector<Location, std::allocator<Location> >, std::allocator<std::vector<Location, std::allocator<Location> > > >::_Vector_impl_data::_Vector_impl_data()
99 8
+1 12
+1 6

fn=(2252)
301 24
+1 18

fn=(2264)
504 8
+5 6
cfi=(249)
cfn=(2266)
calls=1 1141 
* 72
+5 2

fn=(2278) std::vector<int, std::allocator<int> >::operator[](unsigned long)
1126 3328275
+3 3328275
+1 1331310

fn=(2292) std::vector<Location, std::allocator<Location> >::operator[](unsigned long)
1126 4804510
+3 7687216
+1 1921804

fn=(2304)
1896 220
+2 60
cfn=(2306) std::vector<float, std::allocator<float> >::max_size() const
calls=20 998 
* 1280
* 80
cfn=(2312) std::vector<float, std::allocator<float> >::size() const
calls=20 992 
* 260
* 140
+3 60
cfn=(2312)
calls=20 992 
* 260
* 80
cfn=(2312)
calls=20 992 
* 260
* 120
cfi=(242)
cfn=(1732)
calls=20 257 
* 282
* 60
+1 60
cfn=(2312)
calls=20 992 
* 260
* 100
cfn=(2306)
calls=20 998 
* 1280
* 60
+1 120

fn=(2784)
367 2090
+3 2926
-1 2926
cfn=(2786) std::_Vector_base<unsigned long, std::allocator<unsigned long> >::_M_deallocate(unsigned long*, unsigned long)
calls=418 +17 
* 95612
+2 1254
cfn=(2790)
calls=418 133 
* 8778
* 1254

fn=(2908)
133 14
fi=(222)
+51 6
cfi=(223)
cfn=(2910) std::__new_allocator<float>::~__new_allocator()
calls=2 -80 
* 14
* 2
fe=(240)
-51 6

fn=(1892)
301 6291684
+1 4718763

fn=(1958)
601 4812
+2 1604
cfn=(1864) std::_Vector_base<Location, std::allocator<Location> >::_M_get_Tp_allocator() const
calls=401 306 
* 2807
* 4411
fi=(223)
92 401
fi=(222)
+76 401
fi=(243)
588 401
fi=(272)
98 401
fe=(240)
603 1203
cfn=(1870)
calls=401 992 
* 5614
* 2406
cfn=(1960) std::_Vector_base<Location, std::allocator<Location> >::_Vector_base(unsigned long, std::allocator<Location> const&)
calls=401 333 
* 147813
fi=(222)
184 1203
cfi=(223)
cfn=(1968) std::__new_allocator<Location>::~__new_allocator()
calls=401 -80 
* 2807
* 401
fe=(240)
608 1203
cfn=(1892)
calls=401 301 
* 2807
* 401
-2 2005
cfn=(1970) std::vector<Location, std::allocator<Location> >::end() const
calls=401 903 
* 12832
* 1604
cfn=(1974)
calls=401 883 
* 12431
* 2005
cfi=(249)
cfn=(1976)
calls=401 366 
* 210099
-1 802
+4 4010

fn=(2232) std::vector<std::vector<Location, std::allocator<Location> >, std::allocator<std::vector<Location, std::allocator<Location> > > >::resize(unsigned long)
1013 6
+2 3
cfn=(2234)
calls=1 -23 
* 14
* 4
+1 3
cfn=(2234)
calls=1 -24 
* 14
* 6
cfi=(241)
cfn=(2236)
calls=1 634 
* 38281
+3 4

fn=(2234)
992 2017860
+1 5044650

fn=(2296) std::vector<float, std::allocator<float> >::push_back(float const&)
1281 5600
+2 4800
+3 5460
fi=(243)
538 2340
cfi=(244)
cfn=(2326)
calls=780 70 
* 5460
* 3900
fi=(223)
191 3120
cfi=(248)
cfn=(1888)
calls=780 -16 
* 6240
* 3120
cfi=(244)
cfn=(2326)
calls=780 70 
* 5460
* 2340
fi=(243)
542 780
fe=(240)
1288 3900
+5 780
-1 60
cfn=(2298)
calls=20 893 
* 640
* 120
cfi=(241)
cfn=(2302)
calls=20 445 
* 19714
+1 3200

fn=(2448)
396 5016
+2 4180
cfn=(2152)
calls=836 -20 
* 367118
* 1672
+1 3344
+1 5852
+1 2508

fn=(2538) std::vector<unsigned long, std::allocator<unsigned long> >::_S_max_size(std::allocator<unsigned long> const&)
1916 3344
+5 3344
fi=(223)
233 418
-50 418
fi=(243)
574 418
fe=(240)
1923 418
+1 2090
cfi=(242)
cfn=(1868)
calls=418 233 
* 5852
* 418
+1 2090

fn=(2786)
386 2926
+3 836
+1 2508
fi=(243)
517 2508
cfi=(223)
cfn=(2020) std::__new_allocator<unsigned long>::deallocate(unsigned long*, unsigned long)
calls=418 156 
* 85162
* 418
fe=(240)
391 1254

fn=(2884) std::vector<std::vector<Location, std::allocator<Location> >, std::allocator<std::vector<Location, std::allocator<Location> > > >::begin()
873 16
+1 10
cfi=(247)
cfn=(2886)
calls=2 1076 
* 24
* 12

fn=(1864)
306 5591364
+1 4193523

fn=(1960)
333 3208
+1 2005
cfn=(1962) std::_Vector_base<Location, std::allocator<Location> >::_Vector_impl::_Vector_impl(std::allocator<Location> const&)
calls=401 146 
* 14035
+1 2005
cfn=(1964) std::_Vector_base<Location, std::allocator<Location> >::_M_create_storage(unsigned long)
calls=401 +61 
* 124956
* 1604

fn=(2010) std::_Vector_base<Location, std::allocator<Location> >::~_Vector_base()
367 873900
+3 1398240
-1 1223460
cfn=(1902)
calls=174780 +17 
* 24383553
+2 524340
cfn=(2012) std::_Vector_base<Location, std::allocator<Location> >::_Vector_impl::~_Vector_impl()
calls=174780 133 
* 3670380
* 524340

fn=(2166)
504 320
+5 240
cfi=(249)
cfn=(2168)
calls=40 1141 
* 3716
+5 80

fn=(2224) std::vector<float, std::allocator<float> >::vector()
531 16
cfn=(2226) std::_Vector_base<float, std::allocator<float> >::_Vector_base()
calls=2 315 
* 82
* 6

fn=(2230) std::_Vector_base<float, std::allocator<float> >::_Vector_impl_data::_Vector_impl_data()
99 8
+1 12
+1 6

fn=(2306)
998 200
+1 120
cfn=(2308)
calls=40 306 
* 280
* 80
cfn=(2310)
calls=40 1916 
* 1800
* 80

fn=(2312)
992 320
+1 720

fn=(2314)
873 160
+1 100
cfi=(247)
cfn=(2300)
calls=20 1076 
* 240
* 120

fn=(2476)
883 302320
+1 188950
cfi=(247)
cfn=(2478)
calls=37790 1076 
* 453480
* 226740

fn=(2544) std::_Vector_base<unsigned long, std::allocator<unsigned long> >::_Vector_impl::_Vector_impl(std::allocator<unsigned long> const&)
146 5852
fi=(223)
-54 418
fi=(222)
+76 418
fe=(240)
-21 1254
cfn=(2546)
calls=418 -48 
* 5434
+1 1254

fn=(2556)
301 3344
+1 2508

fn=(2804)
133 5866
fi=(222)
+51 2514
cfi=(223)
cfn=(2440)
calls=838 -80 
* 5866
* 838
fe=(240)
-51 2514

fn=(2898) std::vector<float, std::allocator<float> >::~vector()
733 10
+3 6
cfn=(2332)
calls=2 301 
* 14
-1 14
fi=(243)
948 10
cfi=(251)
cfn=(2900)
calls=2 182 
* 44
+1 2
fe=(240)
738 6
cfn=(2906)
calls=2 367 
* 558
* 6

fn=(2928)
133 14
fi=(222)
+51 6
cfi=(223)
cfn=(2930) std::__new_allocator<std::vector<Location, std::allocator<Location> > >::~__new_allocator()
calls=2 -80 
* 14
* 2
fe=(240)
-51 6

fn=(2944) std::vector<Location, std::allocator<Location> >::empty() const
1088 3200
+1 1200
cfn=(1970)
calls=400 903 
* 12800
* 1600
cfn=(1974)
calls=400 883 
* 12400
* 2400
cfi=(247)
cfn=(2946)
calls=400 1225 
* 13600
* 2000

fn=(1862)
998 6987200
+1 4192320
cfn=(1864)
calls=1397440 306 
* 9782080
* 2794880
cfn=(1866)
calls=1397440 1916 
* 62884800
* 2794880

fn=(2100)
531 16
cfn=(2102)
calls=2 315 
* 82
* 6

fn=(2140)
306 160
+1 120

fn=(2142)
1916 7008
+5 7008
fi=(223)
233 876
-50 876
fi=(243)
574 876
fe=(240)
1923 876
+1 4380
cfi=(242)
cfn=(1868)
calls=876 233 
* 12264
* 876
+1 4380

fn=(2152)
378 5136
+3 5136
fi=(243)
482 5136
cfi=(223)
cfn=(2154) std::__new_allocator<int>::allocate(unsigned long, void const*)
calls=856 126 
* 353501
* 1712
fe=(240)
382 1712

fn=(2228) std::_Vector_base<float, std::allocator<float> >::_Vector_impl::_Vector_impl()
137 18
fi=(223)
-49 2
fi=(222)
+75 2
fe=(240)
-21 6
cfn=(2230)
calls=2 -43 
* 26
+1 6

fn=(2480)
903 302320
+1 226740
cfi=(247)
cfn=(2478)
calls=37790 1076 
* 453480
* 226740

fn=(2794)
733 4190
+3 2514
cfn=(2164)
calls=838 301 
* 5866
-1 5866
fi=(243)
948 4190
cfi=(251)
cfn=(2796)
calls=838 182 
* 18436
+1 838
fe=(240)
738 2514
cfn=(2802)
calls=838 367 
* 301339
* 2514

fn=(2844)
1078 4
+1 2
+1 8

fn=(2846)
1616 9
+3 5
cfn=(2246)
calls=1 378 
* 554
* 1
+4 3
cfn=(2252)
calls=1 301 
* 7
* 1
-1 5
cfi=(249)
cfn=(2848)
calls=1 366 
* 476477
+2 2
+7 3

fn=(1684)
531 1395032
cfn=(1686)
calls=174379 315 
* 7149539
* 523137

fn=(1962)
146 5614
fi=(223)
-54 401
fi=(222)
+76 401
fe=(240)
-21 1203
cfn=(1690)
calls=401 -48 
* 5213
+1 1203

fn=(1964)
396 2406
+2 2005
cfn=(1878)
calls=401 -20 
* 112926
* 802
+1 1604
+1 4010
+1 1203

fn=(2002)
733 873900
+3 524340
cfn=(1892)
calls=174780 301 
* 1223460
-1 1223460
fi=(243)
948 873900
cfi=(251)
cfn=(2004)
calls=174780 182 
* 3845160
+1 174780
fe=(240)
738 524340
cfn=(2010)
calls=174780 367 
* 32598213
* 524340

fn=(2144)
992 320
+1 720

fn=(2146)
873 160
+1 100
cfi=(247)
cfn=(2132)
calls=20 1076 
* 240
* 120

fn=(2192)
315 16
cfn=(2194) std::_Vector_base<std::vector<Location, std::allocator<Location> >, std::allocator<std::vector<Location, std::allocator<Location> > > >::_Vector_impl::_Vector_impl()
calls=2 137 
* 60
* 6

fn=(2194)
137 18
fi=(223)
-49 2
fi=(222)
+75 2
fe=(240)
-21 6
cfn=(2196)
calls=2 -43 
* 26
+1 6

fn=(2246)
378 12
+3 12
fi=(243)
482 12
cfi=(223)
cfn=(2248) std::__new_allocator<std::vector<Location, std::allocator<Location> > >::allocate(unsigned long, void const*)
calls=2 126 
* 911
* 4
fe=(240)
382 4

fn=(2276) std::vector<std::vector<Location, std::allocator<Location> >, std::allocator<std::vector<Location, std::allocator<Location> > > >::operator[](unsigned long)
1126 6468480
+3 10349568
+1 2587392

fn=(2282) std::vector<Location, std::allocator<Location> >::insert(__gnu_cxx::__normal_iterator<Location const*, std::vector<Location, std::allocator<Location> > >, unsigned long, Location const&)
1437 4400
+2 1200
cfn=(2284) std::vector<Location, std::allocator<Location> >::cbegin() const
calls=400 954 
* 12400
* 2400
cfi=(247)
cfn=(2286)
calls=400 1334 
* 14800
* 400
+1 1200
cfn=(1872)
calls=400 873 
* 12400
* 2400
cfi=(247)
cfn=(2288)
calls=400 1147 
* 16400
* 2400
cfi=(241)
cfn=(2290)
calls=400 529 
* 242300
+1 1200
cfn=(1872)
calls=400 873 
* 12400
* 2400
cfi=(247)
cfn=(2288)
calls=400 1147 
* 16400
+1 2000

fn=(2284)
954 3200
+1 2000
cfi=(247)
cfn=(1972)
calls=400 1076 
* 4800
* 2400

fn=(2320)
378 120
+3 120
fi=(243)
482 120
cfi=(223)
cfn=(2322) std::__new_allocator<float>::allocate(unsigned long, void const*)
calls=20 126 
* 2342
* 40
fe=(240)
382 40

fn=(2536)
1907 6688
fi=(223)
92 418
fi=(222)
+76 418
fe=(240)
1909 1254
cfn=(2538)
calls=418 +7 
* 18810
* 836
fi=(222)
184 1254
cfi=(223)
cfn=(1950)
calls=418 -80 
* 2926
* 418
fe=(240)
1909 836
+3 418
+1 2508

fn=(2550)
378 2508
+3 2508
fi=(243)
482 2508
cfi=(223)
cfn=(1738) std::__new_allocator<unsigned long>::allocate(unsigned long, void const*)
calls=418 126 
* 143564
* 836
fe=(240)
382 836

fn=(2554)
1715 2508
+4 1254
cfn=(2556)
calls=418 301 
* 2926
* 418
-1 2508
cfi=(249)
cfn=(2558)
calls=418 777 
* 1236862
-1 836
+3 1254

fn=(2574) std::vector<unsigned long, std::allocator<unsigned long> >::end()
893 10032
+1 7524
cfi=(247)
cfn=(2576)
calls=1254 1076 
* 15048
* 7524

fn=(2578) std::vector<unsigned long, std::allocator<unsigned long> >::begin()
873 10032
+1 6270
cfi=(247)
cfn=(2576)
calls=1254 1076 
* 15048
* 7524

fn=(2812) std::vector<int, std::allocator<int> >::operator[](unsigned long) const
1145 2000
+3 2000
+1 800

fn=(2916)
733 10
+3 6
cfn=(2252)
calls=2 301 
* 14
-1 14
fi=(243)
948 10
cfi=(251)
cfn=(2860)
calls=2 182 
* 303934
+1 2
fe=(240)
738 6
cfn=(2922)
calls=2 367 
* 635
* 6

fn=(1688)
137 1569411
fi=(223)
-49 174379
fi=(222)
+75 174379
fe=(240)
-21 523137
cfn=(1690)
calls=174379 -43 
* 2266927
+1 523137

fn=(1854)
893 7685872
+1 5764404
cfi=(247)
cfn=(1856)
calls=960734 1076 
* 11528808
* 5764404

fn=(1970)
903 9608
+1 7206
cfi=(247)
cfn=(1972)
calls=1201 1076 
* 14412
* 7206

fn=(2012)
133 1223460
fi=(222)
+51 524340
cfi=(223)
cfn=(1968)
calls=174780 -80 
* 1223460
* 174780
fe=(240)
-51 524340

fn=(2108)
1298 4800
+1 2400
cfi=(244)
cfn=(2110)
calls=800 97 
* 5600
* 4000
cfi=(241)
cfn=(2112)
calls=800 111 
* 177097
* 2400

fn=(2128)
1281 5600
+2 4800
+3 5460
fi=(243)
538 2340
cfi=(244)
cfn=(2158)
calls=780 70 
* 5460
* 3900
fi=(223)
191 3120
cfi=(248)
cfn=(1888)
calls=780 -16 
* 6240
* 3120
cfi=(244)
cfn=(2158)
calls=780 70 
* 5460
* 2340
fi=(243)
542 780
fe=(240)
1288 3900
+5 780
-1 60
cfn=(2130)
calls=20 893 
* 640
* 120
cfi=(241)
cfn=(2134)
calls=20 445 
* 22147
+1 3200

fn=(2164)
301 6856
+1 5142

fn=(2226)
315 16
cfn=(2228)
calls=2 137 
* 60
* 6

fn=(2242)
1916 32
+5 32
fi=(223)
233 4
-50 4
fi=(243)
574 4
fe=(240)
1923 4
+1 20
cfi=(242)
cfn=(1868)
calls=4 233 
* 56
* 4
+1 20

fn=(2272)
386 28
+3 8
+1 12
fi=(243)
517 12
cfi=(223)
cfn=(2924) std::__new_allocator<std::vector<Location, std::allocator<Location> > >::deallocate(std::vector<Location, std::allocator<Location> >*, unsigned long)
calls=2 156 
* 491
* 2
fe=(240)
391 12

fn=(2334)
504 320
+5 240
cfi=(249)
cfn=(2336)
calls=40 1141 
* 3716
+5 80

fn=(2342)
386 154
+3 44
+1 120
fi=(243)
517 120
cfi=(223)
cfn=(2344) std::__new_allocator<float>::deallocate(float*, unsigned long)
calls=20 156 
* 2396
* 20
fe=(240)
391 66

fn=(2446)
146 11704
fi=(223)
-54 836
fi=(222)
+76 836
fe=(240)
-21 2508
cfn=(2106)
calls=836 -48 
* 10868
+1 2508

fn=(2542)
333 3344
+1 2090
cfn=(2544)
calls=418 146 
* 14630
+1 2090
cfn=(2548)
calls=418 +61 
* 164046
* 1672

fn=(2942)
1145 4720795
+3 7553272
+1 1888318

fl=(276)
fn=(3144) std::__detail::_Hashtable_base<Location, std::pair<Location const, unsigned long>, std::__detail::_Select1st, std::equal_to<Location>, LocationHasher, std::__detail::_Mod_range_hashing, std::__detail::_Default_ranged_hash, std::__detail::_Hashtable_traits<true, false, true> >::_M_key_equals(Location const&, std::__detail::_Hash_node_value<std::pair<Location const, unsigned long>, true> const&) const
1708 5941584
+7 1620432
cfn=(3146) std::__detail::_Hashtable_base<Location, std::pair<Location const, unsigned long>, std::__detail::_Select1st, std::equal_to<Location>, LocationHasher, std::__detail::_Mod_range_hashing, std::__detail::_Default_ranged_hash, std::__detail::_Hashtable_traits<true, false, true> >::_M_eq() const
calls=540144 +45 
* 9182448
* 2700720
338 1620432
cfi=(278)
cfn=(3150)
calls=540144 120 
* 9182448
* 1080288
+10 540144
1715 2160576
cfn=(3154) std::__detail::_Select1st::__1st_type<std::pair<Location const, unsigned long> const&>::type&& std::__detail::_Select1st::operator()<std::pair<Location const, unsigned long> const&>(std::pair<Location const, unsigned long> const&) const
calls=540144 112 
* 9722592
* 2700720
cfi=(280)
cfn=(3158)
calls=540144 377 
* 15461565
+1 3240864

fn=(3154)
112 3240864
+1 1620432
cfi=(244)
cfn=(3156)
calls=540144 -43 
* 3781008
* 1080288

fn=(3226)
1987 1304820
+3 260964
cfn=(3010) std::__detail::_Hashtable_alloc<std::allocator<std::__detail::_Hash_node<std::pair<Location const, unsigned long>, true> > >::_M_node_allocator()
calls=86988 -40 
* 1478796
* 173976
fi=(243)
482 521928
cfi=(223)
cfn=(3014) std::__new_allocator<std::__detail::_Hash_node<std::pair<Location const, unsigned long>, true> >::allocate(unsigned long, void const*)
calls=86988 126 
* 15035323
* 86988
fe=(276)
1990 86988
+1 260964
cfi=(277) /usr/include/c++/13/bits/ptr_traits.h
cfn=(3018) std::__detail::_Hash_node<std::pair<Location const, unsigned long>, true>* std::__to_address<std::__detail::_Hash_node<std::pair<Location const, unsigned long>, true> >(std::__detail::_Hash_node<std::pair<Location const, unsigned long>, true>*)
calls=86988 212 
* 608916
* 86988
+3 347952
cfi=(248)
cfn=(1888)
calls=86988 175 
* 695904
* 173976
cfn=(3020) std::__detail::_Hash_node<std::pair<Location const, unsigned long>, true>::_Hash_node()
calls=86988 375 
* 1739760
+1 260964
cfi=(244)
cfn=(3220)
calls=86988 70 
* 608916
* 347952
cfi=(244)
cfn=(3222)
calls=86988 70 
* 608916
* 347952
cfi=(244)
cfn=(3224)
calls=86988 70 
* 608916
* 347952
333 260964
cfi=(278)
cfn=(3022)
calls=86988 116 
* 1478796
* 173976
1995 260964
cfn=(3010)
calls=86988 -45 
* 1478796
* 434940
fi=(243)
538 260964
cfi=(244)
cfn=(3220)
calls=86988 70 
* 608916
* 347952
cfi=(244)
cfn=(3222)
calls=86988 70 
* 608916
* 347952
cfi=(244)
cfn=(3224)
calls=86988 70 
* 608916
* 608916
fi=(223)
191 347952
cfi=(248)
cfn=(1888)
calls=86988 -16 
* 695904
* 434940
cfi=(244)
cfn=(3220)
calls=86988 70 
* 608916
* 260964
cfi=(244)
cfn=(3222)
calls=86988 70 
* 608916
* 434940
cfi=(264)
cfn=(3232)
calls=86988 903 
* 2261688
* 260964
cfi=(244)
cfn=(3224)
calls=86988 70 
* 608916
* 347952
cfi=(264)
cfn=(3236)
calls=86988 2252 
* 7133016
* 86988
fi=(243)
542 86988
fe=(276)
1998 86988
+7 869880

fn=(3248) std::__detail::_Node_iterator<std::pair<Location const, unsigned long>, false, true>::operator->() const
444 456795
+1 365436
333 274077
cfi=(278)
cfn=(3022)
calls=91359 116 
* 1553103
* 91359
445 182718

fn=(2988)
544 4185
+1 6696

fn=(3000) std::__detail::_Insert_base<Location, std::pair<Location const, unsigned long>, std::allocator<std::pair<Location const, unsigned long> >, std::__detail::_Select1st, std::equal_to<Location>, LocationHasher, std::__detail::_Mod_range_hashing, std::__detail::_Default_ranged_hash, std::__detail::_Prime_rehash_policy, std::__detail::_Hashtable_traits<true, false, true> >::_M_conjure_hashtable()
903 349552
+1 262164

fn=(3146)
1760 4321152
cfn=(3148) std::__detail::_Hashtable_ebo_helper<0, std::equal_to<Location>, true>::_M_cget() const
calls=540144 1225 
* 3781008
* 1080288

fn=(2980) std::__detail::_Hashtable_ebo_helper<0, std::equal_to<Location>, true>::_Hashtable_ebo_helper()
1218 5859

fn=(3056) std::__detail::_Hashtable_ebo_helper<1, LocationHasher, true>::_M_cget() const
1225 1312906

fn=(3066) std::__detail::_Mod_range_hashing::operator()(unsigned long, unsigned long) const
526 5971812
+2 5971812

fn=(3070)
571 697504
+1 697504

fn=(3088)
2039 40480
+3 12144
cfn=(3010)
calls=4048 -92 
* 68816
* 12144
fi=(223)
88 4048
fi=(222)
+90 12144
fi=(243)
482 24288
cfi=(223)
cfn=(3090) std::__new_allocator<std::__detail::_Hash_node_base*>::allocate(unsigned long, void const*)
calls=4048 126 
* 7557424
* 4048
fe=(276)
2044 4048
+1 12144
cfi=(277)
cfn=(3094) std::__detail::_Hash_node_base** std::__to_address<std::__detail::_Hash_node_base*>(std::__detail::_Hash_node_base**)
calls=4048 212 
* 28336
* 4048
+1 24288
cob=(4)
cfi=(175)
cfn=(1796)
calls=4048 0 
* 2729278
+1 4048
fi=(222)
184 12144
cfi=(223)
cfn=(3096) std::__new_allocator<std::__detail::_Hash_node_base*>::~__new_allocator()
calls=4048 -80 
* 28336
* 4048
fe=(276)
2047 4048
+1 24288

fn=(3142)
1346 8036960
+4 5625872
cfn=(3066)
calls=803696 526 
* 9644352
* 4018480

fn=(3148)
1225 3781008

fn=(3182) std::__detail::_Hashtable_alloc<std::allocator<std::__detail::_Hash_node<std::pair<Location const, unsigned long>, true> > >::_M_deallocate_node(std::__detail::_Hash_node<std::pair<Location const, unsigned long>, true>*)
2009 1220632
+2 523128
333 523128
cfi=(278)
cfn=(3022)
calls=174376 116 
* 2964392
* 348752
2011 523128
cfn=(3010)
calls=174376 -61 
* 2964392
* 1046256
fi=(223)
198 174376
fi=(243)
562 174376
fe=(276)
2012 871880
cfn=(3184) std::__detail::_Hashtable_alloc<std::allocator<std::__detail::_Hash_node<std::pair<Location const, unsigned long>, true> > >::_M_deallocate_node_ptr(std::__detail::_Hash_node<std::pair<Location const, unsigned long>, true>*)
calls=174376 +5 
* 35815817
+1 697504

fn=(3198) std::__detail::_Hashtable_ebo_helper<0, std::allocator<std::__detail::_Hash_node<std::pair<Location const, unsigned long>, true> >, true>::~_Hashtable_ebo_helper()
1215 5859
fi=(222)
184 2511
cfi=(223)
cfn=(3200) std::__new_allocator<std::__detail::_Hash_node<std::pair<Location const, unsigned long>, true> >::~__new_allocator()
calls=837 -80 
* 5859
* 837
fe=(276)
1215 2511

fn=(3010)
1950 3528000
+1 2116800
cfn=(3012) std::__detail::_Hashtable_ebo_helper<0, std::allocator<std::__detail::_Hash_node<std::pair<Location const, unsigned long>, true> >, true>::_M_get()
calls=705600 1226 
* 4939200
* 1411200

fn=(3046) std::__detail::_Node_iterator_base<std::pair<Location const, unsigned long>, true>::_Node_iterator_base(std::__detail::_Hash_node<std::pair<Location const, unsigned long>, true>*)
393 1007890
+1 1209468

fn=(3054) std::__detail::_Hash_code_base<Location, std::pair<Location const, unsigned long>, std::__detail::_Select1st, LocationHasher, std::__detail::_Mod_range_hashing, std::__detail::_Default_ranged_hash, true>::_M_hash() const
1375 1500464
cfn=(3056)
calls=187558 1225 
* 1312906
* 375116

fn=(3138)
380 5487552
+1 5487552

fn=(2998)
1122 524328
+2 262164
cfn=(3000)
calls=87388 903 
* 611716
* 87388
+1 262164
cfi=(244)
cfn=(3002)
calls=87388 70 
* 611716
* 436940
cfi=(275)
cfn=(3004)
calls=87388 2081 
* 163754395
+1 174776

fn=(3012)
1226 4939200

fn=(3030)
112 524328
+1 262164
cfi=(244)
cfn=(3032)
calls=87388 -43 
* 611716
* 174776

fn=(3050)
407 68005
+2 108808

fn=(3064)
1331 1916060
+1 1149636
cfn=(3066)
calls=191606 526 
* 2299272
* 958030

fn=(3136) std::__detail::_Hashtable_base<Location, std::pair<Location const, unsigned long>, std::__detail::_Select1st, std::equal_to<Location>, LocationHasher, std::__detail::_Mod_range_hashing, std::__detail::_Default_ranged_hash, std::__detail::_Hashtable_traits<true, false, true> >::_S_equals(unsigned long, std::__detail::_Hash_node_code_cache<true> const&)
1692 2740220
+1 3288264

fn=(3160)
2052 40480
+5 12144
cfi=(277)
cfn=(3162) std::__ptr_traits_ptr_to<std::__detail::_Hash_node_base**, std::__detail::_Hash_node_base*, false>::pointer_to(std::__detail::_Hash_node_base*&)
calls=4048 141 
* 109296
* 4048
+1 12144
cfn=(3010)
calls=4048 1950 
* 68816
* 12144
fi=(223)
88 4048
fi=(222)
+90 20240
fi=(243)
517 24288
cfi=(223)
cfn=(3168) std::__new_allocator<std::__detail::_Hash_node_base*>::deallocate(std::__detail::_Hash_node_base**, unsigned long)
calls=4048 156 
* 520170
* 4048
fi=(222)
184 12144
cfi=(223)
cfn=(3096)
calls=4048 -80 
* 28336
* 4048
fe=(276)
2060 24288

fn=(3180)
2027 5022
+2 837
+2 348752
+1 523128
cfn=(3138)
calls=174376 380 
* 1395008
* 174376
+1 871880
cfn=(3182)
calls=174376 -24 
* 47847761
-4 350426
+6 3348

fn=(3210)
807 869880
+5 173976
+1 434940
cfn=(3052)
calls=86988 1306 
* 8785788
* 86988
+1 434940
cfi=(275)
cfn=(3062)
calls=86988 -18 
* 4175424
* 86988
+1 521928
cfi=(275)
cfn=(3130)
calls=86988 -3 
* 62376975
* 260964
+3 86988
+3 434940
cfi=(264)
cfn=(3212)
calls=86988 +53 
* 3392532
-3 782892
cfi=(275)
cfn=(3218)
calls=86988 305 
* 54005947
+7 608916
cfi=(275)
cfn=(3068)
calls=86988 2166 
* 31895964
* 86988
+1 86988
+1 260964
cfn=(3248)
calls=86988 444 
* 2783616
* 86988
+1 260964
cfi=(275)
cfn=(3116)
calls=86988 311 
* 1043856
* 608916

fn=(2982)
1940 6696
cfn=(2984) std::__detail::_Hashtable_ebo_helper<0, std::allocator<std::__detail::_Hash_node<std::pair<Location const, unsigned long>, true> >, true>::_Hashtable_ebo_helper()
calls=837 1218 
* 10881
* 2511

fn=(2986)
313 1576917

fn=(3134)
1732 4384352
+2 3288264
cfn=(3136)
calls=548044 -42 
* 6028484
* 4336952
cfn=(3144)
calls=540144 -26 
* 65154813
* 2728791

fn=(2984)
1218 6696
fi=(223)
88 837
fi=(222)
+75 837
fe=(276)
1218 2511

fn=(3044)
436 1209468
+1 1007890
cfn=(3046)
calls=201578 -44 
* 2217358
* 604734

fn=(3052)
1306 1125348
+4 562674
cfn=(3054)
calls=187558 +65 
* 3188486
* 937790
cfi=(255)
cfn=(3058)
calls=187558 42 
* 12753944
+1 375116

fn=(3106)
1362 1046256
+1 1046256

fn=(2978) std::__detail::_Hashtable_ebo_helper<1, LocationHasher, true>::_Hashtable_ebo_helper()
1218 5859

fn=(2974)
1701 6696
cfn=(2976) std::__detail::_Hash_code_base<Location, std::pair<Location const, unsigned long>, std::__detail::_Select1st, LocationHasher, std::__detail::_Mod_range_hashing, std::__detail::_Default_ranged_hash, true>::_Hash_code_base()
calls=837 1301 
* 15066
* 2511
cfn=(2980)
calls=837 1218 
* 5859
* 2511

fn=(2976)
1301 6696
cfn=(2978)
calls=837 -83 
* 5859
* 2511

fn=(3008)
1987 699104
+3 262164
cfn=(3010)
calls=87388 -40 
* 1485596
* 174776
fi=(243)
482 524328
cfi=(223)
cfn=(3014)
calls=87388 126 
* 15135811
* 87388
fe=(276)
1990 87388
+1 262164
cfi=(277)
cfn=(3018)
calls=87388 212 
* 611716
* 87388
+3 349552
cfi=(248)
cfn=(1888)
calls=87388 175 
* 699104
* 174776
cfn=(3020)
calls=87388 375 
* 1747760
+1 262164
cfi=(244)
cfn=(3002)
calls=87388 70 
* 611716
* 349552
333 262164
cfi=(278)
cfn=(3022)
calls=87388 116 
* 1485596
* 174776
1995 262164
cfn=(3010)
calls=87388 -45 
* 1485596
* 262164
fi=(243)
538 262164
cfi=(244)
cfn=(3002)
calls=87388 70 
* 611716
* 436940
fi=(223)
191 349552
cfi=(248)
cfn=(1888)
calls=87388 -16 
* 699104
* 349552
cfi=(244)
cfn=(3002)
calls=87388 70 
* 611716
* 699104
fi=(243)
542 87388
fe=(276)
1998 87388
+7 436940

fn=(3020)
375 1395008
cfn=(2986)
calls=174376 -62 
* 1569384
* 523128

fn=(3038)
297 563874
+1 563874

fn=(3184)
2017 1046256
+3 523128
cfi=(277)
cfn=(3186) std::__ptr_traits_ptr_to<std::__detail::_Hash_node<std::pair<Location const, unsigned long>, true>*, std::__detail::_Hash_node<std::pair<Location const, unsigned long>, true>, false>::pointer_to(std::__detail::_Hash_node<std::pair<Location const, unsigned long>, true>&)
calls=174376 141 
* 4708152
* 174376
+2 523128
cfn=(3010)
calls=174376 -72 
* 2964392
* 697504
fi=(243)
517 1046256
cfi=(223)
cfn=(3192) std::__new_allocator<std::__detail::_Hash_node<std::pair<Location const, unsigned long>, true> >::deallocate(std::__detail::_Hash_node<std::pair<Location const, unsigned long>, true>*, unsigned long)
calls=174376 156 
* 23435121
* 174376
fe=(276)
2023 523128

fn=(3196)
1912 6696
cfn=(3198)
calls=837 1215 
* 17577
* 2511

fl=(223)
fn=(2910)
104 14

fn=(3090)
126 36432
233 4048
-99 28336
+17 16192
cob=(4)
cfi=(175)
cfn=(1668)
calls=4048 0 
* 7460272
* 4048
+1 8096

fn=(3096)
104 56672

fn=(3200)
104 5859

fn=(2248)
126 18
233 2
-99 14
+17 14
cob=(4)
cfi=(175)
cfn=(1668)
calls=2 0 
* 857
* 2
+1 4

fn=(3014)
126 1569384
233 174376
-99 1220632
+17 1220632
cob=(4)
cfi=(175)
cfn=(1668)
calls=174376 0 
* 25462982
* 174376
+1 348752

fn=(2020)
156 2947
+16 2526
cob=(4)
cfi=(175)
cfn=(1908)
calls=421 0 
* 79196
+1 842

fn=(2924)
156 14
+16 20
cob=(4)
cfi=(175)
cfn=(1908)
calls=2 0 
* 453
+1 4

fn=(1880)
126 6292089
233 699121
-99 4893847
+17 4893847
cob=(4)
cfi=(175)
cfn=(1668)
calls=699121 0 
* 46125645
* 699121
+1 1398242

fn=(1954) std::__new_allocator<bool>::~__new_allocator()
104 7

fn=(2154)
126 7704
233 856
-99 5992
+17 3424
cob=(4)
cfi=(175)
cfn=(1668)
calls=856 0 
* 332957
* 856
+1 1712

fn=(2440)
104 17570

fn=(3168)
156 28336
+16 24288
cob=(4)
cfi=(175)
cfn=(1908)
calls=4048 0 
* 459450
+1 8096

fn=(1370)
104 112

fn=(1738)
126 3789
233 421
-99 2947
+17 1684
cob=(4)
cfi=(175)
cfn=(1668)
calls=421 0 
* 134205
* 421
+1 842

fn=(1906)
156 4893847
+16 6991210
cob=(4)
cfi=(175)
cfn=(1908)
calls=699121 0 
* 66693443
+1 1398242

fn=(1968)
104 1226267

fn=(2322)
126 180
233 20
-99 140
+17 80
cob=(4)
cfi=(175)
cfn=(1668)
calls=20 0 
* 1862
* 20
+1 40

fn=(3192)
156 1220632
+16 1743760
cob=(4)
cfi=(175)
cfn=(1908)
calls=174376 0 
* 20121977
+1 348752

fn=(1950)
104 8813

fn=(2176)
156 5992
+16 5136
cob=(4)
cfi=(175)
cfn=(1908)
calls=856 0 
* 230981
+1 1712

fn=(2344)
156 140
+16 120
cob=(4)
cfi=(175)
cfn=(1908)
calls=20 0 
* 2096
+1 40

fn=(2930)
104 14

fl=(265) /usr/include/c++/13/bits/stl_numeric.h
fn=(2580) void std::iota<__gnu_cxx::__normal_iterator<unsigned long*, std::vector<unsigned long, std::allocator<unsigned long> > >, int>(__gnu_cxx::__normal_iterator<unsigned long*, std::vector<unsigned long, std::allocator<unsigned long> > >, __gnu_cxx::__normal_iterator<unsigned long*, std::vector<unsigned long, std::allocator<unsigned long> > >, int)
88 3344
+9 418
+2 836000
cfi=(247)
cfn=(2586)
calls=167200 1099 
* 1337600
* 167200
+1 167200
-3 501600
cfi=(247)
cfn=(2588)
calls=167200 1109 
* 2006400
* 838090
cfi=(247)
cfn=(2582)
calls=167618 1241 
* 5699012
* 335236
+5 2090

fl=(277)
fn=(3094)
212 16192
+3 4048
+1 8096

fn=(3162)
141 20240
+1 12144
cfi=(244)
cfn=(3164)
calls=4048 -4 
* 68816
* 8096

fn=(3186)
141 871880
+1 523128
cfi=(244)
cfn=(3188)
calls=174376 -4 
* 2964392
* 348752

fn=(3018)
212 697504
+3 174376
+1 348752

fl=(263) /home/steph/projects/drone-logistics/src/../include/planners/SafePlanner.hpp
fn=(2470) SafePlanner::plan_one_agent_start(int, std::vector<std::vector<Location, std::allocator<Location> >, std::allocator<std::vector<Location, std::allocator<Location> > > > const&, MAPFInstance const&, std::vector<Location, std::allocator<Location> > const&)
12 5600
+1 2000
cfi=(240)
cfn=(1974)
calls=400 883 
* 12400
* 1600
cfi=(240)
cfn=(1970)
calls=400 903 
* 12800
* 114152
cfi=(247)
cfn=(2474)
calls=37784 1099 
* 302272
* 37784
+1 37784
+1 188920
cfi=(240)
cfn=(2476)
calls=37784 883 
* 1171304
* 151136
cfi=(240)
cfn=(2480)
calls=37784 903 
* 1209088
* 13738456
cfi=(247)
cfn=(2486)
calls=4554296 1099 
* 36434368
* 4554296
+2 22771480
cfi=(240)
cfn=(1870)
calls=4554296 992 
* 63760144
* 36434368
cfi=(240)
cfn=(2488)
calls=4554296 1145 
* 68314440
* 22771480
+1 22771480
cfi=(255)
cfn=(2490)
calls=4554296 -11 
* 65338256
* 9108592
+1 74768
-4 13550736
cfi=(247)
cfn=(2492)
calls=4516912 1109 
* 54202944
* 22773480
cfi=(247)
cfn=(2482)
calls=4554696 1241 
* 154859664
* 9109392
+8 77968
cfi=(264)
cfn=(2494)
calls=400 1345 
* 57200
* 400
-10 112152
cfi=(247)
cfn=(2532)
calls=37384 1109 
* 448608
* 188920
cfi=(247)
cfn=(2472)
calls=37784 1241 
* 1284656
* 75568
+14 2800

fl=(256)
fn=(2200)
77 17
+7 3
cfi=(257)
cfn=(2202)
calls=1 -76 
* 935
+1 1
+2 6
cfi=(240)
cfn=(2224)
calls=1 531 
* 52
+1 6
cfi=(240)
cfn=(2224)
calls=1 531 
* 52
+1 3
cfi=(240)
cfn=(1870)
calls=1 992 
* 14
* 3
+1 7
cfi=(240)
cfn=(2232)
calls=1 1013 
* 38335
+1 10
cfi=(239)
cfn=(1692)
calls=1 965 
* 3811
+1 2
+1 2400
cfi=(240)
cfn=(2276)
calls=400 1126 
* 6000
* 4400
cfi=(240)
cfn=(2278)
calls=400 1126 
* 4800
* 3200
cfi=(240)
cfn=(2276)
calls=400 1126 
* 6000
* 800
cfi=(240)
cfn=(1872)
calls=400 873 
* 12400
* 2400
cfi=(247)
cfn=(2280)
calls=400 1083 
* 8800
* 2800
cfi=(240)
cfn=(2282)
calls=400 1437 
* 347100
+1 2400
cfi=(240)
cfn=(2276)
calls=400 1126 
* 6000
* 2800
cfi=(240)
cfn=(2292)
calls=400 1126 
* 6000
* 1200
cfi=(240)
cfn=(1852)
calls=400 1281 
* 423679
+1 2800
cfi=(240)
cfn=(2292)
calls=400 1126 
* 6000
* 2800
cfi=(240)
cfn=(2292)
calls=400 1126 
* 6000
* 2400
cfi=(260)
cfn=(2294)
calls=400 -86 
* 15200
* 1200
+1 3200
+1 3200
+1 2000
cfi=(240)
cfn=(2296)
calls=400 1281 
* 38505
+1 2000
cfi=(240)
cfn=(2296)
calls=400 1281 
* 38529
-7 2004
+11 3
cfi=(250)
cfn=(2400) Environment::get_width() const
calls=1 -90 
* 8
* 4
cfi=(250)
cfn=(2402) Environment::get_height() const
calls=1 -89 
* 8
* 4
cfi=(250)
cfn=(2404) Environment::get_depth() const
calls=1 -88 
* 8
* 2
+2 2
+1 1676
cfi=(239)
cfn=(1710)
calls=419 1005 
* 5447
* 2514
cfi=(239)
cfn=(1744)
calls=419 995 
* 23883
* 3771
cfi=(261)
cfn=(2406)
calls=419 458 
* 2475447
* 838
+1 6
cfi=(241)
cfn=(2838)
calls=1 210 
* 477327
+1 3
cfi=(257)
cfn=(2866)
calls=1 -92 
* 240
* 3
+1 2
+1 5
cfi=(240)
cfn=(2884)
calls=1 873 
* 31
* 4
cfi=(240)
cfn=(2888)
calls=1 893 
* 32
* 1202
cfi=(247)
cfn=(2894)
calls=400 1099 
* 3200
* 400
+1 1200
cfi=(240)
cfn=(1870)
calls=400 992 
* 5600
* 3600
-1 1200
cfi=(247)
cfn=(2896)
calls=400 1109 
* 4800
* 2005
cfi=(247)
cfn=(2890)
calls=401 1241 
* 13634
* 802
+3 1
+1 6
cfi=(240)
cfn=(2884)
calls=1 873 
* 31
* 4
cfi=(240)
cfn=(2888)
calls=1 893 
* 32
* 1202
cfi=(247)
cfn=(2894)
calls=400 1099 
* 3200
* 400
+1 1200
cfi=(240)
cfn=(1870)
calls=400 992 
* 5600
* 2400
+1 108
cfi=(240)
cfn=(1870)
calls=36 992 
* 504
* 36
-2 108
cfi=(247)
cfn=(2896)
calls=36 1109 
* 432
* 1092
cfi=(247)
cfn=(2896)
calls=364 1109 
* 4368
* 2005
cfi=(247)
cfn=(2890)
calls=401 1241 
* 13634
* 802
+5 3
+1 838
fi=(223)
-32 418
fi=(222)
+75 418
fe=(256)
-39 3344
cfi=(240)
cfn=(2436)
calls=418 569 
* 23767314
fi=(222)
+60 1254
cfi=(223)
cfn=(2440)
calls=418 -80 
* 2926
* 1254
fi=(223)
-96 418
fi=(222)
+75 418
fe=(256)
-38 3344
cfi=(240)
cfn=(2436)
calls=418 569 
* 23718436
fi=(222)
+59 1254
cfi=(223)
cfn=(2440)
calls=418 -80 
* 2926
* 418
fe=(256)
-57 836
+1 1003200
cfi=(240)
cfn=(2276)
calls=167200 1126 
* 2508000
* 334400
cfi=(240)
cfn=(1870)
calls=167200 992 
* 2340800
* 1195594
cfi=(240)
cfn=(2276)
calls=87799 1126 
* 1316985
* 526794
cfi=(240)
cfn=(2292)
calls=87799 1126 
* 1316985
* 851984
+1 521922
cfi=(240)
cfn=(2276)
calls=86987 1126 
* 1304805
* 521922
cfi=(240)
cfn=(2292)
calls=86987 1126 
* 1304805
* 434935
cfi=(238)
cfn=(2524)
calls=86987 7 
* 2174675
* 86987
+1 608909
cfi=(240)
cfn=(2278)
calls=86987 1126 
* 1043844
* 86987
-3 837672
+7 836
+1 1170400
cfi=(240)
cfn=(2278)
calls=167200 1126 
* 2006400
* 504000
cfi=(240)
cfn=(2276)
calls=400 1126 
* 6000
* 2400
cfi=(240)
cfn=(2292)
calls=400 1126 
* 6000
* 503200
+1 1200
cfi=(238)
cfn=(2468)
calls=400 32 
* 3200
* 3600
cfi=(263)
cfn=(2470)
calls=400 12 
* 626063456
* 1200
cfi=(264)
cfn=(2506)
calls=400 1815 
* 18800
* 1600
cfi=(264)
cfn=(2514)
calls=400 1815 
* 18400
* 400
+2 1600
+1 2400
cfi=(240)
cfn=(2276)
calls=400 1126 
* 6000
* 2400
cfi=(240)
cfn=(2292)
calls=400 1126 
* 6000
* 2000
+1 2400
cfi=(240)
cfn=(2292)
calls=400 1126 
* 6000
* 2000
+3 2000
cfi=(238)
cfn=(2524)
calls=400 7 
* 10000
* 400
+1 2800
cfi=(240)
cfn=(2278)
calls=400 1126 
* 4800
* 800
+6 1170400
cfi=(239)
cfn=(2526) std::vector<bool, std::allocator<bool> >::operator[](unsigned long)
calls=167200 1086 
* 40629600
* 836000
cfi=(239)
cfn=(2430)
calls=167200 -51 
* 2340800
* 858800
cfi=(240)
cfn=(2276)
calls=87400 1126 
* 1311000
* 524400
cfi=(240)
cfn=(2292)
calls=87400 1126 
* 1311000
* 844012
+1 608916
cfi=(240)
cfn=(2292)
calls=86988 1126 
* 1304820
* 608916
cfi=(240)
cfn=(2276)
calls=86988 1126 
* 1304820
* 521928
cfi=(240)
cfn=(2292)
calls=86988 1126 
* 1304820
* 260964
cfi=(255)
cfn=(2490)
calls=86988 7 
* 1282356
* 173976
+4 521928
cfi=(240)
cfn=(2530)
calls=86988 1126 
* 1043856
* 434940
-5 80212
-16 837672
+25 836
+2 1170400
cfi=(239)
cfn=(2526)
calls=167200 1086 
* 40629600
* 836000
cfi=(239)
cfn=(2430)
calls=167200 -62 
* 2340800
* 858800
cfi=(240)
cfn=(2276)
calls=87400 1126 
* 1311000
* 174800
cfi=(240)
cfn=(1870)
calls=87400 992 
* 1223600
* 874000
cfi=(240)
cfn=(2276)
calls=87400 1126 
* 1311000
* 524400
cfi=(240)
cfn=(2292)
calls=87400 1126 
* 1311000
* 844012
+2 608916
cfi=(240)
cfn=(2292)
calls=86988 1126 
* 1304820
* 608916
cfi=(240)
cfn=(2276)
calls=86988 1126 
* 1304820
* 521928
cfi=(240)
cfn=(2292)
calls=86988 1126 
* 1304820
* 521928
cfi=(260)
cfn=(2294)
calls=86988 9 
* 3305544
* 260964
+1 695904
+1 695904
+1 695904
cfi=(240)
cfn=(2530)
calls=86988 1126 
* 1043856
* 260964
-5 80212
-2 838508
fi=(223)
-71 418
fi=(222)
+75 418
fe=(256)
+6 3344
cfi=(240)
cfn=(2534)
calls=418 556 
* 1485344
fi=(222)
+15 1254
cfi=(223)
cfn=(1950)
calls=418 -80 
* 2926
* 418
fe=(256)
-14 1254
cfi=(240)
cfn=(2574)
calls=418 893 
* 13376
* 1672
cfi=(240)
cfn=(2578)
calls=418 873 
* 12958
* 1672
cfi=(265)
cfn=(2580)
calls=418 -82 
* 11894190
+1 2090
cfi=(240)
cfn=(2574)
calls=418 893 
* 13376
* 1672
cfi=(240)
cfn=(2578)
calls=418 873 
* 12958
* 1672
cfi=(261)
cfn=(2590)
calls=418 4882 
* 274821323
+4 2090
cfi=(240)
cfn=(2578)
calls=418 873 
* 12958
* 1672
cfi=(240)
cfn=(2574)
calls=418 893 
* 13376
* 502436
cfi=(247)
cfn=(2586)
calls=167200 1099 
* 1337600
* 334400
+2 1170400
cfi=(239)
cfn=(2526)
calls=167200 1086 
* 40629600
* 836000
cfi=(239)
cfn=(2430)
calls=167200 -78 
* 2340800
* 1026000
cfi=(240)
cfn=(2276)
calls=87400 1126 
* 1311000
* 174800
cfi=(240)
cfn=(1870)
calls=87400 992 
* 1223600
* 1046328
cfi=(240)
cfn=(2276)
calls=86988 1126 
* 1304820
* 521928
cfi=(240)
cfn=(2292)
calls=86988 1126 
* 1304820
* 849552
+1 1478796
cfn=(2670) bool PIBT::solve_one_agent<ManhattanExpander, ManhattanHeuristic>(int, int, int, Environment const&, MAPFInstance const&, ManhattanExpander const&, ManhattanHeuristic const&, std::vector<int, std::allocator<int> >&, std::vector<int, std::allocator<int> >&)
calls=86988 15 
* 1063116039
* 86988
-3 260964
cfi=(247)
cfn=(2588)
calls=86988 1109 
* 1043856
* 240636
cfi=(247)
cfn=(2588)
calls=80212 1109 
* 962544
* 838090
cfi=(247)
cfn=(2582)
calls=167618 1241 
* 5699012
* 335236
-70 1254
cfi=(240)
cfn=(2776)
calls=418 733 
* 138248
* 1254
cfi=(240)
cfn=(2794)
calls=418 733 
* 147656
* 1254
cfi=(240)
cfn=(2794)
calls=418 733 
* 199971
* 1675
+82 3
cfi=(240)
cfn=(2898)
calls=1 733 
* 320
* 3
cfi=(240)
cfn=(2898)
calls=1 733 
* 350
* 9

fn=(2620)
171 12109412
+1 10379496
cfi=(240)
cfn=(2530)
calls=1729916 1126 
* 20758992
* 13839328
cfi=(240)
cfn=(2530)
calls=1729916 1126 
* 20758992
* 6919664
-1 3459832

fn=(2432)
106 143055

fn=(2914)
11 9
cfi=(239)
cfn=(2016) std::vector<bool, std::allocator<bool> >::~vector()
calls=1 890 
* 347
* 3
cfi=(240)
cfn=(2916)
calls=1 733 
* 152175
* 3

fn=(2740)
26 8694027
+1 11592036
cfi=(240)
cfn=(2488)
calls=966003 1145 
* 14490045
* 4830015
cfi=(260)
cfn=(2294)
calls=966003 -18 
* 36708114
* 12558039
cfi=(240)
cfn=(2488)
calls=966003 1145 
* 14490045
* 4830015
cfi=(260)
cfn=(2294)
calls=966003 -18 
* 36708114
* 1932006
-1 4830015

fn=(2198)
11 12
cfi=(240)
cfn=(2190)
calls=1 531 
* 52
* 9
cfi=(239)
cfn=(1672)
calls=1 777 
* 112
* 5

fn=(2670)
15 1913736
+5 86988
+1 521928
cfi=(240)
cfn=(2276)
calls=86988 1126 
* 1304820
* 521928
cfi=(240)
cfn=(2292)
calls=86988 1126 
* 1304820
* 695904
cfi=(267)
cfn=(2672)
calls=86988 -12 
* 555820217
* 434940
cfi=(240)
cfn=(1872)
calls=86988 873 
* 2696628
* 347952
cfi=(240)
cfn=(1854)
calls=86988 893 
* 2783616
* 1777737
cfi=(247)
cfn=(2126)
calls=534587 1099 
* 4276696
* 534587
+1 3207522
cfi=(268)
cfn=(2690)
calls=534587 200 
* 7484218
* 2672935
+1 534587
-2 1603761
cfi=(247)
cfn=(2692)
calls=534587 1109 
* 6415044
* 3107875
cfi=(247)
cfn=(2688)
calls=621575 1241 
* 21133550
* 1504114
cfi=(240)
cfn=(2002)
calls=86988 733 
* 21051096
+5 782892
cfi=(268)
cfn=(2694)
calls=86988 126 
* 782892
* 956868
cfi=(268)
cfn=(2694)
calls=86988 126 
* 782892
* 1043856
cfi=(261)
cfn=(2696)
calls=86988 5107 
* 344146192
* 86988
+3 173976
+2 1183460
+5 1420152
cfi=(268)
cfn=(2690)
calls=236692 200 
* 3313688
* 1183460
cfi=(238)
cfn=(2524)
calls=236692 -29 
* 5917300
* 236692
+3 1420152
cfi=(240)
cfn=(2278)
calls=236692 1126 
* 2840304
* 1183460
+5 521928
cfi=(240)
cfn=(2276)
calls=86988 1126 
* 1304820
* 608916
cfi=(268)
cfn=(2690)
calls=86988 200 
* 1217832
* 260964
cfi=(240)
cfn=(1852)
calls=86988 1281 
* 10033638
+1 608916
cfi=(240)
cfn=(2278)
calls=86988 1126 
* 1043856
* 86988
+3 521928
cfi=(240)
cfn=(2278)
calls=86988 1126 
* 1043856
* 173976
+1 724008
cfi=(239)
cfn=(2526)
calls=78576 1086 
* 19093968
* 392880
cfi=(239)
cfn=(2430)
calls=78576 +50 
* 1100064
* 702420
cfi=(240)
cfn=(2276)
calls=77782 1126 
* 1166730
* 155564
cfi=(240)
cfn=(1870)
calls=77782 992 
* 1088948
* 727656
+8 608916
cfi=(240)
cfn=(2488)
calls=86988 1145 
* 1304820
* 608916
cfi=(240)
cfn=(2276)
calls=86988 1126 
* 1304820
* 608916
cfi=(240)
cfn=(2292)
calls=86988 1126 
* 1304820
* 260964
cfi=(255)
cfn=(2490)
calls=86988 -50 
* 1287424
* 173976
+1 2800
cfi=(239)
cfn=(2526)
calls=400 1086 
* 97200
* 2400
cfi=(239)
cfn=(2810) std::_Bit_reference::operator=(bool)
calls=400 +46 
* 8400
+1 2400
cfi=(240)
cfn=(2276)
calls=400 1126 
* 6000
* 800
cfi=(240)
cfn=(2122)
calls=400 1233 
* 42800
* 1600
+1 3600
cfi=(240)
cfn=(2812)
calls=400 1145 
* 4800
* 2000
+4 173976
-24 149704
-11 859780
+39 521928

fl=(250)
fn=(2404)
15 8

fn=(2402)
14 8

fn=(2400)
13 8

fn=(1940)
5 26
cfi=(239)
cfn=(1942) std::vector<bool, std::allocator<bool> >::vector(std::vector<bool, std::allocator<bool> > const&)
calls=1 809 
* 2003
* 7
cfi=(240)
cfn=(1958)
calls=1 601 
* 1312
* 4

fn=(2000)
5 18
cfi=(240)
cfn=(2002)
calls=2 733 
* 719
* 8
cfi=(239)
cfn=(2016)
calls=2 890 
* 656
* 6

fl=(279)
fn=(3060)
154 5064066

fl=(258)
fn=(2206) std::chrono::duration<long, std::ratio<1l, 1000000000l> >::zero()
673 7
+1 1
cfn=(2208) std::chrono::duration_values<long>::zero()
calls=1 498 
* 6
* 6
cfn=(2210) std::chrono::duration<long, std::ratio<1l, 1000000000l> >::duration<long, void>(long const&)
calls=1 573 
* 12
* 6

fn=(2868)
1141 9
+2 3
cfn=(2870) std::chrono::time_point<std::chrono::_V2::system_clock, std::chrono::duration<long, std::ratio<1l, 1000000000l> > >::time_since_epoch() const
calls=1 949 
* 8
* 4
cfn=(2870)
calls=1 949 
* 8
* 6
cfn=(2872) std::common_type<std::chrono::duration<long, std::ratio<1l, 1000000000l> >, std::chrono::duration<long, std::ratio<1l, 1000000000l> > >::type std::chrono::operator-<long, std::ratio<1l, 1000000000l>, long, std::ratio<1l, 1000000000l> >(std::chrono::duration<long, std::ratio<1l, 1000000000l> > const&, std::chrono::duration<long, std::ratio<1l, 1000000000l> > const&)
calls=1 710 
* 66
* 5

fn=(2876)
273 5
+14 3
cfn=(2878) std::chrono::duration<long, std::ratio<1l, 1000000l> > std::chrono::__duration_cast_impl<std::chrono::duration<long, std::ratio<1l, 1000000l> >, std::ratio<1l, 1000l>, long, true, false>::__cast<long, std::ratio<1l, 1000000000l> >(std::chrono::duration<long, std::ratio<1l, 1000000000l> > const&)
calls=1 -79 
* 52
+4 2

fn=(2874) std::chrono::duration<long, std::ratio<1l, 1000000000l> >::count() const
589 12
+1 12

fn=(2882)
589 4
+1 4

fn=(2204)
933 8
cfn=(2206)
calls=1 673 
* 38
* 1
+1 4

fn=(2208)
498 3
+1 3

fn=(2872)
710 10
+6 6
cfn=(2874)
calls=1 589 
* 8
* 7
cfn=(2874)
calls=1 589 
* 8
* 8
cfn=(2210)
calls=1 573 
* 12
* 1
+1 6

fn=(2880) std::chrono::duration<long, std::ratio<1l, 1000000l> >::duration<long, void>(long const&)
573 5
+1 7

fn=(2870)
949 8
+1 8

fn=(2878)
208 8
+4 3
cfn=(2874)
calls=1 589 
* 8
* 9
-1 6
cfn=(2880)
calls=1 573 
* 12
+1 1
+1 5

fn=(2210)
573 10
+1 14

fl=(239)
fn=(1698) std::vector<bool, std::allocator<bool> >::begin() const
1000 7164928
+1 6269312
cfn=(1700) std::_Bit_const_iterator::_Bit_const_iterator(unsigned long*, unsigned int)
calls=895616 426 
* 27764096
* 9851776

fn=(1710)
1005 1692
+1 3807

fn=(1784) std::_Bit_iterator::operator+=(long)
368 3483498
+2 2902915
cfn=(1786) std::_Bit_iterator_base::_M_incr(long)
calls=580583 224 
* 26706818
+1 580583
+1 1161166

fn=(2018) std::_Bvector_base<std::allocator<bool> >::~_Bvector_base()
669 15
+1 9
cfn=(1812)
calls=3 +23 
* 865
* 9
cfn=(2026) std::_Bvector_base<std::allocator<bool> >::_Bvector_impl::~_Bvector_impl()
calls=3 -80 
* 63
* 9

fn=(2810)
104 2400
+2 800
+1 4000
+3 400
+1 800

fn=(1722)
1075 16
+2 6
cfn=(1698)
calls=2 -77 
* 114
* 4
-1 6
cfn=(1724) std::_Bvector_base<std::allocator<bool> >::_Bvector_impl::_M_end_addr() const
calls=2 623 
* 24
* 12
cfn=(1700)
calls=2 426 
* 62
+1 10
cfn=(1706)
calls=2 292 
* 72
* 10

fn=(1792)
1605 22
+1 8
+2 4
+1 6
+3 22
cfn=(1794) std::__fill_bvector_n(unsigned long*, unsigned long, bool)
calls=2 -24 
* 127
+2 6
+1 8
cfn=(2274) std::__fill_bvector(unsigned long*, unsigned int, unsigned int, bool)
calls=1 -43 
* 36
+4 7

fn=(2024) std::_Bvector_base<std::allocator<bool> >::_Bvector_impl_data::_M_reset()
577 27
+1 9
cfn=(1678) std::_Bvector_base<std::allocator<bool> >::_Bvector_impl_data::_Bvector_impl_data()
calls=3 -27 
* 219
* 57

fn=(2274)
1572 8
+1 6
+1 7
+1 3
+2 2
+3 7
+1 3

fn=(2678)
1091 8060382
+1 2686794
cfn=(1698)
calls=895598 -92 
* 51049086
* 6269186
cfn=(2680) std::_Bit_const_iterator::operator[](long) const
calls=895598 498 
* 158520846
* 4477990

fn=(1674) std::_Bvector_base<std::allocator<bool> >::_Bvector_base()
650 16
cfn=(1676) std::_Bvector_base<std::allocator<bool> >::_Bvector_impl::_Bvector_impl()
calls=2 -56 
* 180
* 6

fn=(1682) std::_Bit_iterator_base::_Bit_iterator_base(unsigned long*, unsigned int)
195 8859990
+1 13289985

fn=(1696)
1057 120
+1 45
cfn=(1698)
calls=15 -58 
* 855
* 75
cfn=(1702) std::vector<bool, std::allocator<bool> >::end() const
calls=15 -48 
* 855
* 105
cfn=(1706)
calls=15 292 
* 540
* 75

fn=(1704)
430 132
+1 176
cfn=(1682)
calls=22 195 
* 330
* 66

fn=(1708) std::vector<bool, std::allocator<bool> >::_M_initialize_value(bool)
1363 16
+2 10
+2 8

fn=(1946) std::_Bvector_base<std::allocator<bool> >::_Bvector_impl::_Bvector_impl(std::allocator<unsigned long> const&)
603 14
fi=(223)
92 1
fi=(222)
+76 1
fe=(239)
604 3
cfn=(1678)
calls=1 -53 
* 73
+1 3

fn=(2430)
99 5966676
+1 14916690

fn=(2526)
1086 5225184
+1 1741728
cfn=(1744)
calls=580576 -92 
* 33092832
* 4064032
cfn=(2528) std::_Bit_iterator::operator[](long) const
calls=580576 384 
* 94053312
* 2902880

fn=(2682) std::operator+(std::_Bit_const_iterator const&, long)
503 8060382
+2 4477990
+1 4477990
cfn=(2684) std::_Bit_const_iterator::operator+=(long)
calls=895598 -24 
* 53735880
+1 5373588
+1 4477990

fn=(1678)
551 30
+1 18
cfn=(1680) std::_Bit_iterator::_Bit_iterator()
calls=6 313 
* 168
* 24
cfn=(1680)
calls=6 313 
* 168
* 12
+1 18

fn=(1726)
1530 22
+2 6
cfn=(1728) std::vector<bool, std::allocator<bool> >::max_size() const
calls=2 1062 
* 64
* 8
cfn=(1696)
calls=2 1057 
* 356
* 14
+3 6
cfn=(1696)
calls=2 1057 
* 356
* 8
cfn=(1696)
calls=2 1057 
* 356
* 12
cfi=(242)
cfn=(1732)
calls=2 257 
* 30
* 6
+1 6
cfn=(1696)
calls=2 1057 
* 356
* 10
cfn=(1728)
calls=2 1062 
* 64
* 6
+1 12

fn=(1730) std::_Bvector_base<std::allocator<bool> >::_M_get_Bit_allocator() const
641 20
+1 15

fn=(1734)
677 18
+2 9
cfn=(1736)
calls=3 +35 
* 27
* 9
fi=(243)
482 18
cfi=(223)
cfn=(1738)
calls=3 126 
* 745
* 3
fe=(239)
679 3
+9 3
+1 6

fn=(1782)
389 5225247
+2 2902915
+1 2902915
cfn=(1784)
calls=580583 -24 
* 34834980
+1 3483498
+1 2902915

fn=(1956) std::vector<bool, std::allocator<bool> >::_M_initialize(unsigned long)
1349 9
+2 2
+2 5
cfn=(1734)
calls=1 677 
* 470
* 1
+1 3
cfn=(1736)
calls=1 714 
* 9
* 5
+1 3
cfi=(244)
cfn=(1742)
calls=1 51 
* 7
* 6
cfn=(1718)
calls=1 316 
* 31
+1 5
+1 5
cfn=(1782)
calls=1 389 
* 90
* 7
+2 6

fn=(2426)
326 4771768
+2 1192942
189 1789413
+1 596471
+2 596471
329 6561181
cfn=(2428) std::_Bit_reference::_Bit_reference(unsigned long*, unsigned long)
calls=596471 88 
* 8947065
* 1192942
+1 2982355

fn=(2684)
482 5373588
+2 4477990
cfn=(1786)
calls=895598 224 
* 41197508
+1 895598
+1 1791196

fn=(1692)
965 14
+1 16
cfn=(1694) std::vector<bool, std::allocator<bool> >::_M_fill_assign(unsigned long, bool)
calls=2 1436 
* 7729
* 6

fn=(1700)
426 6269361
+1 5373738
cfn=(1682)
calls=895623 195 
* 13434345
* 2686869

fn=(1744)
995 4648000
+1 4067000
cfn=(1718)
calls=581000 316 
* 18011000
* 6391000

fn=(1812)
693 25
+2 20
+2 9
cfn=(1724)
calls=3 -74 
* 75
* 21
+2 15
-1 18
fi=(243)
517 18
cfi=(223)
cfn=(2020)
calls=3 156 
* 349
* 3
fe=(239)
701 9
cfn=(2024)
calls=3 577 
* 312
+2 15

fn=(2434)
240 2933
-51 1257
+1 419
+2 1257
-3 1257
+1 419
+2 419
+52 3036
+1 838

fn=(1676)
594 18
fi=(223)
88 2
fi=(222)
+75 2
fe=(239)
599 6
cfn=(1678)
calls=2 -48 
* 146
+1 6

fn=(1736)
714 24
+1 30

fn=(1746)
1339 45
+3 18
cfi=(242)
cfn=(1748)
calls=3 624 
* 598
* 3
+1 18
cfn=(1718)
calls=3 316 
* 93
* 18
cfn=(1700)
calls=3 426 
* 93
* 33
cfi=(242)
cfn=(1764)
calls=3 624 
* 1023
* 6
+1 6
+1 18

fn=(2816) std::_Bit_iterator_base::_M_bump_up()
200 92862
-11 46431
+1 15477
+2 15477
+11 139293
+2 386
+1 965
+2 46431

fn=(1694)
1436 24
+2 6
cfn=(1696)
calls=2 1057 
* 356
* 8
+2 12
cfn=(1708)
calls=2 -77 
* 34
+1 6
cfn=(1696)
calls=2 1057 
* 356
* 12
cfn=(1710)
calls=2 1005 
* 26
* 14
cfn=(1704)
calls=2 430 
* 64
* 16
cfn=(1712) std::vector<bool, std::allocator<bool> >::insert(std::_Bit_const_iterator, unsigned long, bool const&)
calls=2 1239 
* 6775
* 4
+7 16

fn=(1706)
292 3108
189 1332
+1 444
+2 1332
-3 1332
+1 444
+2 444
296 2220
+1 4440
+1 888

fn=(1712)
1239 28
+2 6
cfn=(1714) std::vector<bool, std::allocator<bool> >::cbegin() const
calls=2 1036 
* 114
* 14
cfn=(1706)
calls=2 292 
* 72
* 2
+1 12
cfn=(1716) std::_Bit_const_iterator::_M_const_cast() const
calls=2 435 
* 116
* 18
cfi=(241)
cfn=(1720)
calls=2 861 
* 6059
+1 6
cfn=(1744)
calls=2 995 
* 114
* 14
cfn=(1782)
calls=2 389 
* 180
* 8
+1 12

fn=(1794)
1588 16
+9 18
cob=(4)
cfi=(175)
cfn=(1796)
calls=2 0 
* 87
+1 6

fn=(1942)
809 10
+1 4
cfn=(1730)
calls=1 641 
* 7
* 11
fi=(223)
92 1
fi=(222)
+76 1
fi=(243)
588 1
fi=(272)
98 3
fi=(223)
-10 1
fi=(222)
+90 1
fe=(239)
810 4
cfn=(1944) std::_Bvector_base<std::allocator<bool> >::_Bvector_base(std::allocator<bool> const&)
calls=1 656 
* 132
fi=(222)
184 3
cfi=(223)
cfn=(1954)
calls=1 -80 
* 7
* 4
cfi=(223)
cfn=(1950)
calls=1 -80 
* 7
* 1
fe=(239)
812 3
cfn=(1698)
calls=1 1000 
* 57
* 5
cfn=(1702)
calls=1 1010 
* 57
* 2
+1 3
cfn=(1696)
calls=1 1057 
* 178
* 5
cfn=(1956)
calls=1 1349 
* 664
+1 3
cfn=(1744)
calls=1 995 
* 57
* 15
cfn=(1746)
calls=1 1339 
* 746
* 3
+1 7

fn=(2016)
890 24
cfn=(2018)
calls=3 669 
* 970
* 9

fn=(2428)
88 8952414
+1 13428621

fn=(2814)
334 77385
+2 46431
cfn=(2816)
calls=15477 200 
* 357322
+1 15477
+1 30954

fn=(1714)
1036 16
+1 14
cfn=(1700)
calls=2 426 
* 62
* 22

fn=(1716)
435 16
+1 16
cfn=(1718)
calls=2 316 
* 62
* 22

fn=(1718)
316 4067056
+1 3486048
cfn=(1682)
calls=581008 195 
* 8715120
* 1743024

fn=(1786)
224 10333267
-35 4428543
+1 1476181
+2 1476181
+35 8857086
+1 16237991
+1 11809448
+1 2952362
+5 5904724
+1 4428543

fn=(2680)
498 8060382
+1 4477990
cfn=(2682)
calls=895598 +4 
* 80603820
* 4477990
cfn=(2686) std::_Bit_const_iterator::operator*() const
calls=895598 -59 
* 56422674
* 4477990

fn=(1672)
777 16
cfn=(1674)
calls=2 650 
* 202
* 6

fn=(1680)
313 120
cfn=(1682)
calls=12 195 
* 180
* 36

fn=(1702)
1010 128
+1 96
cfn=(1704)
calls=16 430 
* 512
* 176

fn=(1724)
623 25
+2 20
+1 15
cfi=(244)
cfn=(1742)
calls=3 51 
* 21
* 6
+1 2
+1 10

fn=(1728)
1062 20
+2 8
+4 12
cfn=(1730)
calls=4 641 
* 28
* 20
fi=(223)
233 4
-50 4
fi=(243)
574 4
fe=(239)
1068 4
+2 16
+1 8

fn=(1944)
656 9
+1 5
fi=(223)
88 1
fi=(222)
+90 1
fe=(239)
657 4
cfn=(1946)
calls=1 -54 
* 95
fi=(222)
184 3
cfi=(223)
cfn=(1950)
calls=1 -80 
* 7
* 1
fe=(239)
657 6

fn=(2026)
590 21
fi=(222)
184 9
cfi=(223)
cfn=(1950)
calls=3 -80 
* 21
* 3
fe=(239)
590 9

fn=(2528)
384 5225184
+1 2902880
cfn=(1782)
calls=580576 +4 
* 52251840
* 2902880
cfn=(2426)
calls=580576 -59 
* 27867648
* 2902880

fn=(2686)
440 7164784
+2 1791196
189 2686794
+1 895598
+2 895598
443 9851578
cfn=(2428)
calls=895598 88 
* 13433970
* 2686794
cfn=(2430)
calls=895598 99 
* 12538372
+1 4477990

fl=(273)
fn=(2940) SolutionValidator::ValidationResult SolutionValidator::check_continuity<ManhattanExpander>(Environment const&, std::vector<std::vector<Location, std::allocator<Location> >, std::allocator<std::vector<Location, std::allocator<Location> > > > const&, ManhattanExpander const&)
31 12
+3 3
+2 2
+1 2000
cfi=(240)
cfn=(2942)
calls=400 1145 
* 6000
* 400
+1 1200
cfi=(240)
cfn=(2944)
calls=400 1088 
* 49200
* 800
+3 1600
cfi=(240)
cfn=(2488)
calls=400 1145 
* 6000
* 2000
cfi=(255)
cfn=(2948)
calls=400 -29 
* 13150
* 1800
cfi=(240)
cfn=(2488)
calls=250 1145 
* 3750
* 1250
cfi=(238)
cfn=(2674)
calls=250 -18 
* 88000
* 1950
+5 800
+1 437000
cfi=(240)
cfn=(2488)
calls=87400 1145 
* 1311000
* 87400
+1 524400
cfi=(240)
cfn=(2488)
calls=87400 1145 
* 1311000
* 87400
+3 437000
cfi=(255)
cfn=(2490)
calls=87400 -44 
* 1228956
* 174800
+2 2060
cfi=(255)
cfn=(2948)
calls=412 -41 
* 14942
* 1574
cfi=(238)
cfn=(2674)
calls=150 -30 
* 52800
* 1686
+7 521928
cfi=(267)
cfn=(2672)
calls=86988 -51 
* 555729156
+1 260964
cfi=(240)
cfn=(1854)
calls=86988 893 
* 2783616
* 347952
cfi=(240)
cfn=(1854)
calls=86988 893 
* 2783616
* 347952
cfi=(240)
cfn=(1872)
calls=86988 873 
* 2696628
* 521928
cfi=(261)
cfn=(2950)
calls=86988 3889 
* 17492263
* 521928
cfi=(247)
cfn=(2962)
calls=86988 1225 
* 2957592
* 173976
-15 347952
cfi=(240)
cfn=(2002)
calls=86988 733 
* 21051096
* 260964
+10 412
-10 1648
cfi=(240)
cfn=(1870)
calls=412 992 
* 5768
* 347952
cfi=(240)
cfn=(1870)
calls=86988 992 
* 1217832
* 1200
cfi=(240)
cfn=(1870)
calls=400 992 
* 5600
* 439400
-10 1600
cfi=(240)
cfn=(2234)
calls=400 992 
* 5600
* 3
cfi=(240)
cfn=(2234)
calls=1 992 
* 14
* 1604
+31 11
fi=(223)
+21 1
fi=(222)
+75 1
fe=(273)
-96 6
cfi=(218)
cfn=(1334)
calls=1 641 
* 183
-1 1
fi=(222)
184 3
cfi=(223)
cfn=(1370)
calls=1 -80 
* 7
* 1
fe=(273)
67 7

fn=(2966)
12 36
cob=(4)
cfi=(175)
cfn=(1426)
calls=4 -12 
* 124
* 12

fn=(2968) SolutionValidator::check_vertex_collisions(std::vector<std::vector<Location, std::allocator<Location> >, std::allocator<std::vector<Location, std::allocator<Location> > > > const&)
69 10
+1 3
cfi=(240)
cfn=(2934)
calls=1 1088 
* 123
* 2
+1 3
+2 1
+1 5
cfi=(240)
cfn=(2476)
calls=1 883 
* 31
* 4
cfi=(240)
cfn=(2480)
calls=1 903 
* 32
* 1202
cfi=(247)
cfn=(2486)
calls=400 1099 
* 3200
* 1600
cfi=(240)
cfn=(1870)
calls=400 992 
* 5600
* 2400
cfi=(242)
cfn=(1732)
calls=400 257 
* 5636
* 2000
cfi=(247)
cfn=(2492)
calls=400 1109 
* 4800
* 2005
cfi=(247)
cfn=(2482)
calls=401 1241 
* 13634
* 802
+2 2
+1 1257
cfi=(274)
cfn=(2970)
calls=419 +71 
* 54470
+2 838
+1 838000
cfi=(240)
cfn=(2942)
calls=167600 1145 
* 2514000
* 335200
cfi=(240)
cfn=(1870)
calls=167600 992 
* 2346400
* 670400
+1 439000
cfi=(240)
cfn=(2942)
calls=87800 1145 
* 1317000
* 439000
cfi=(240)
cfn=(2488)
calls=87800 1145 
* 1317000
* 87800
+2 439000
cfi=(255)
cfn=(2490)
calls=87800 -76 
* 1234556
* 175600
+2 524328
cfi=(270)
cfn=(2990)
calls=87388 687 
* 3320744
* 436940
cfi=(274)
cfn=(2994)
calls=87388 564 
* 168822899
* 436940
cfi=(270)
cfn=(3118)
calls=87388 1040 
* 3145968
* 349552
cfi=(270)
cfn=(3126)
calls=87388 1040 
* 3233356
* 87388
+1 436940
-3 412
-4 2472
cfi=(240)
cfn=(2234)
calls=412 992 
* 5768
* 1003128
cfi=(240)
cfn=(2234)
calls=167188 992 
* 2340632
* 1257
cfi=(240)
cfn=(2234)
calls=419 992 
* 5866
* 840095
+13 1676
cfi=(274)
cfn=(3174)
calls=419 +17 
* 26968499
* 838
-16 1679
+18 11
fi=(223)
-6 1
fi=(222)
+75 1
fe=(273)
-69 6
cfi=(218)
cfn=(1334)
calls=1 641 
* 183
-1 1
fi=(222)
+91 3
cfi=(223)
cfn=(1370)
calls=1 -80 
* 7
* 1
fe=(273)
-90 7

fn=(2938)
18 12
+4 6
cfn=(2940)
calls=1 +9 
* 616680300
* 8
cfn=(2966)
calls=1 -10 
* 20
* 3
+1 5
cfn=(2968)
calls=1 +46 
* 224220214
* 8
cfn=(2966)
calls=1 -11 
* 20
* 3
+1 5
cfn=(3206) SolutionValidator::check_edge_collisions(std::vector<std::vector<Location, std::allocator<Location> >, std::allocator<std::vector<Location, std::allocator<Location> > > > const&)
calls=1 +73 
* 270789985
* 8
cfn=(2966)
calls=1 -12 
* 20
* 3
+3 11
fi=(223)
+61 1
fi=(222)
+75 1
fe=(273)
27 6
cfi=(218)
cfn=(1334)
calls=1 641 
* 299
-1 1
fi=(222)
184 3
cfi=(223)
cfn=(1370)
calls=1 -80 
* 7
* 1
fe=(273)
27 7

fn=(3206)
97 10
+1 3
cfi=(240)
cfn=(2934)
calls=1 1088 
* 123
* 2
+1 3
+2 1
+1 5
cfi=(240)
cfn=(2476)
calls=1 883 
* 31
* 4
cfi=(240)
cfn=(2480)
calls=1 903 
* 32
* 1202
cfi=(247)
cfn=(2486)
calls=400 1099 
* 3200
* 1600
cfi=(240)
cfn=(1870)
calls=400 992 
* 5600
* 2400
cfi=(242)
cfn=(1732)
calls=400 257 
* 5636
* 2000
cfi=(247)
cfn=(2492)
calls=400 1109 
* 4800
* 2005
cfi=(247)
cfn=(2482)
calls=401 1241 
* 13634
* 802
+1 3
+2 2
+1 1254
cfi=(274)
cfn=(2970)
calls=418 +42 
* 54340
+2 836
+1 1170400
cfi=(240)
cfn=(2942)
calls=167200 1145 
* 2508000
* 334400
cfi=(240)
cfn=(1870)
calls=167200 992 
* 2340800
* 771400
cfi=(240)
cfn=(2942)
calls=87400 1145 
* 1311000
* 437000
cfi=(240)
cfn=(2488)
calls=87400 1145 
* 1311000
* 437000
cfi=(255)
cfn=(2948)
calls=87400 -97 
* 2452556
* 763388
+1 521928
cfi=(240)
cfn=(2942)
calls=86988 1145 
* 1304820
* 434940
cfi=(240)
cfn=(2488)
calls=86988 1145 
* 1304820
* 434940
cfi=(274)
cfn=(3208)
calls=86988 986 
* 175767094
* 86988
-2 347952
cfi=(240)
cfn=(2234)
calls=86988 992 
* 1217832
* 320848
cfi=(240)
cfn=(2234)
calls=80212 992 
* 1122968
* 1254
cfi=(240)
cfn=(2234)
calls=418 992 
* 5852
* 670472
+6 836
+1 1170400
cfi=(240)
cfn=(2942)
calls=167200 1145 
* 2508000
* 334400
cfi=(240)
cfn=(1870)
calls=167200 992 
* 2340800
* 668800
+1 437000
cfi=(240)
cfn=(2942)
calls=87400 1145 
* 1311000
* 437000
cfi=(240)
cfn=(2488)
calls=87400 1145 
* 1311000
* 87400
+1 437000
cfi=(240)
cfn=(2942)
calls=87400 1145 
* 1311000
* 524400
cfi=(240)
cfn=(2488)
calls=87400 1145 
* 1311000
* 87400
+2 437000
cfi=(255)
cfn=(2490)
calls=87400 7 
* 2299350
* 241460
cfi=(255)
cfn=(2490)
calls=13332 7 
* 188598
* 92574
cfi=(255)
cfn=(2490)
calls=13182 7 
* 184548
* 362782
+2 65910
cfi=(274)
cfn=(3250)
calls=13182 875 
* 23063306
* 13182
+1 39546
cfi=(274)
cfn=(3254)
calls=13182 354 
* 698646
* 79092
cfi=(276)
cfn=(3050)
calls=13182 407 
* 171366
* 26364
+1 13113
cfi=(276)
cfn=(3248)
calls=4371 444 
* 139872
* 8742
+1 21855
cfi=(240)
cfn=(2942)
calls=4371 1145 
* 65565
* 26226
cfi=(240)
cfn=(2488)
calls=4371 1145 
* 65565
* 21855
cfi=(255)
cfn=(2490)
calls=4371 7 
* 73350
* 21855
-5 74218
-5 296872
cfi=(240)
cfn=(2234)
calls=74218 992 
* 1039052
* 371928
cfi=(240)
cfn=(2234)
calls=92982 992 
* 1301748
* 1254
cfi=(240)
cfn=(2234)
calls=418 992 
* 5852
* 670472
+17 1672
cfi=(274)
cfn=(3174)
calls=418 -22 
* 26845428
* 836
-26 2094
+28 11
fi=(223)
-45 1
fi=(222)
+75 1
fe=(273)
-30 6
cfi=(218)
cfn=(1334)
calls=1 641 
* 183
-1 1
fi=(222)
+52 3
cfi=(223)
cfn=(1370)
calls=1 -80 
* 7
* 1
fe=(273)
-51 7

ob=(7)
fl=(185)
fn=(760)
0 16
cob=(4)
cfi=(175)
cfn=(672)
calls=1 0 
0 5
0 4
cob=(4)
cfi=(175)
cfn=(762)
calls=1 0 
0 1126
0 4

fn=(942)
0 353

fn=(1022)
0 3

fn=(1072)
0 36
cob=(4)
cfi=(175)
cfn=(726)
calls=4 0 
0 32
0 28
cob=(4)
cfi=(175)
cfn=(726)
calls=4 0 
0 32
0 28
cob=(4)
cfi=(175)
cfn=(726)
calls=4 0 
0 32
0 36

fn=(1200)
0 5
cob=(4)
cfi=(175)
cfn=(1076)
calls=1 0 
0 78

fn=(1360)
0 98
cob=(4)
cfi=(175)
cfn=(1372)
calls=8 0 
0 1154

fn=(1432)
0 3232

fn=(1438)
0 32
cob=(4)
cfi=(175)
cfn=(1026)
calls=2 0 
0 188
0 26
cob=(4)
cfi=(175)
cfn=(1032)
calls=2 0 
0 370
0 16
cob=(4)
cfi=(175)
cfn=(1440)
calls=2 0 
0 1925
0 6
cob=(4)
cfi=(175)
cfn=(1032)
calls=2 0 
0 370
0 10
cob=(4)
cfi=(175)
cfn=(1452)
calls=2 0 
0 6241
0 14
cob=(4)
cfi=(175)
cfn=(1518)
calls=2 0 
0 956
0 16

fn=(1444)
0 51
cob=(4)
cfi=(175)
cfn=(650)
calls=3 0 
0 96
0 30
cob=(4)
cfi=(175)
cfn=(1446)
calls=3 0 
0 877
0 45
cob=(4)
cfi=(175)
cfn=(726)
calls=3 0 
0 24
0 24

fn=(1462)
0 88

fn=(1558) std::basic_filebuf<char, std::char_traits<char> >::underflow()
0 165
cfn=(1560) std::codecvt<char, char, __mbstate_t>::do_always_noconv() const
calls=5 0 
0 15
0 92
cob=(4)
cfi=(175)
cfn=(1562)
calls=5 0 
0 3310
0 77

fn=(1572)
0 642
cob=(4)
cfi=(175)
cfn=(1574)
calls=214 0 
0 2699

fn=(1610)
0 20826
cob=(4)
cfi=(175)
cfn=(1026)
calls=801 0 
0 75294
0 10413
cob=(4)
cfi=(175)
cfn=(1032)
calls=801 0 
0 148185
0 5607
cob=(4)
cfi=(175)
cfn=(1032)
calls=801 0 
0 148185
0 13617
cob=(4)
cfi=(175)
cfn=(650)
calls=801 0 
0 25632
0 20827
cob=(4)
cfi=(175)
cfn=(1612)
calls=801 0 
0 44117
0 2403
cob=(4)
cfi=(175)
cfn=(1032)
calls=801 0 
0 148185
0 12014
cob=(4)
cfi=(175)
cfn=(1414)
calls=400 0 
0 31600
0 3200
cob=(4)
cfi=(175)
cfn=(1372)
calls=400 0 
0 5200
0 1203
cob=(4)
cfi=(175)
cfn=(1372)
calls=401 0 
0 6215
0 2403

fn=(1616)
0 26833
cob=(4)
cfi=(175)
cfn=(1618)
calls=801 0 
0 13822
0 802

fn=(2044)
0 52
cfn=(3332) std::basic_filebuf<char, std::char_traits<char> >::overflow(int)
calls=1 0 
0 2741
0 13
cfn=(1560)
calls=1 0 
0 3
0 39

fn=(2060)
0 42
cob=(4)
cfi=(175)
cfn=(1458)
calls=6 0 
0 36
0 36
cob=(4)
cfi=(175)
cfn=(2062)
calls=3 0 
0 2016
0 21

fn=(648)
0 40
cob=(4)
cfi=(175)
cfn=(650)
calls=1 0 
0 74107
0 16
cob=(4)
cfi=(175)
cfn=(650)
calls=1 0 
0 32
0 14
cob=(4)
cfi=(175)
cfn=(650)
calls=1 0 
0 32
0 7
cob=(4)
cfi=(175)
cfn=(1026)
calls=1 0 
0 777
0 11
cob=(4)
cfi=(175)
cfn=(1032)
calls=1 0 
0 4342
0 4
cob=(4)
cfi=(175)
cfn=(1026)
calls=1 0 
0 94
0 15
cob=(4)
cfi=(175)
cfn=(1032)
calls=1 0 
0 185
0 4
cob=(4)
cfi=(175)
cfn=(1026)
calls=1 0 
0 94
0 11
cob=(4)
cfi=(175)
cfn=(1032)
calls=1 0 
0 185
0 4
cob=(4)
cfi=(175)
cfn=(1026)
calls=1 0 
0 94
0 11
cob=(4)
cfi=(175)
cfn=(1032)
calls=1 0 
0 185
0 23
cob=(4)
cfi=(175)
cfn=(650)
calls=1 0 
0 32
0 16
cob=(4)
cfi=(175)
cfn=(650)
calls=1 0 
0 32
0 14
cob=(4)
cfi=(175)
cfn=(650)
calls=1 0 
0 32
0 7
cob=(4)
cfi=(175)
cfn=(1026)
calls=1 0 
0 94
0 11
cob=(4)
cfi=(175)
cfn=(1062)
calls=1 0 
0 2165
0 4
cob=(4)
cfi=(175)
cfn=(1026)
calls=1 0 
0 94
0 15
cob=(4)
cfi=(175)
cfn=(1062)
calls=1 0 
0 185
0 4
cob=(4)
cfi=(175)
cfn=(1026)
calls=1 0 
0 94
0 11
cob=(4)
cfi=(175)
cfn=(1062)
calls=1 0 
0 185
0 4
cob=(4)
cfi=(175)
cfn=(1026)
calls=1 0 
0 94
0 11
cob=(4)
cfi=(175)
cfn=(1062)
calls=1 0 
0 185
0 15

fn=(654)
0 40390
cfn=(656) 0x00000000000e98b0
calls=4039 0 
0 105708
0 48468

fn=(708)
0 8
cob=(4)
cfi=(175)
cfn=(710)
calls=1 0 
0 818
0 6

fn=(3360)
0 2897477
cob=(4)
cfi=(175)
cfn=(3362)
calls=263407 0 
0 93154285

fn=(3638)
0 2

fn=(3658)
0 4

fn=(742)
0 417

fn=(778)
0 14
cob=(4)
cfi=(175)
cfn=(684)
calls=1 0 
0 25
0 7
cob=(4)
cfi=(175)
cfn=(780)
calls=1 0 
0 26129

fn=(862)
0 12
cob=(4)
cfi=(175)
cfn=(684)
calls=1 0 
0 25
0 117

fn=(876)
0 417

fn=(894)
0 114

fn=(972)
0 109

fn=(996)
0 14
cob=(4)
cfi=(175)
cfn=(684)
calls=1 0 
0 25
0 2
cob=(4)
cfi=(175)
cfn=(672)
calls=1 0 
0 5
0 5

fn=(1048)
0 55591

fn=(1060)
0 21717
cob=(4)
cfi=(175)
cfn=(726)
calls=2413 0 
0 19304
0 16891
cob=(4)
cfi=(175)
cfn=(726)
calls=2413 0 
0 19304
0 16891
cob=(4)
cfi=(175)
cfn=(726)
calls=2413 0 
0 19304
0 21717

fn=(1066)
0 32
cob=(4)
cfi=(175)
cfn=(1038)
calls=4 0 
0 404
0 12
cob=(4)
cfi=(175)
cfn=(1068)
calls=4 0 
0 1222
0 52

fn=(1244)
0 50

fn=(1424)
0 10628662
cob=(4)
cfi=(175)
cfn=(1136)
calls=966242 0 
0 67808878
0 4831210

fn=(1550)
0 15333
cob=(4)
cfi=(175)
cfn=(1552)
calls=807 0 
0 25723
0 1624
cob=(4)
cfi=(175)
cfn=(1518)
calls=2 0 
0 18
0 41132
cob=(4)
cfi=(175)
cfn=(1586)
calls=806 0 
0 17770
0 12090
cob=(4)
cfi=(175)
cfn=(1592)
calls=806 0 
0 39847
0 14500
cfn=(1558)
calls=1 0 
0 124
0 23
cfn=(1558)
calls=4 0 
0 3535
0 4

fn=(1622)
0 11214

fn=(2054)
0 6
cob=(4)
cfi=(175)
cfn=(1912)
calls=3 0 
0 549

fn=(2094)
0 12
cob=(4)
cfi=(175)
cfn=(2056)
calls=3 0 
0 63
0 6

fn=(3324) std::basic_filebuf<char, std::char_traits<char> >::xsputn(char const*, long)
0 13487817
cfn=(1560)
calls=793401 0 
0 2380203
0 10315673
cob=(4)
cfi=(175)
cfn=(3378)
calls=208 0 
0 17150
0 7141649
cob=(4)
cfi=(175)
cfn=(3326)
calls=793193 0 
0 49823688
0 3536

fn=(3368) std::num_put<char, std::ostreambuf_iterator<char, std::char_traits<char> > >::do_put(std::ostreambuf_iterator<char, std::char_traits<char> >, std::ios_base&, char, long) const
0 790221
cob=(4)
cfi=(175)
cfn=(3370)
calls=263407 0 
0 70237144

fn=(3404)
0 11
cob=(4)
cfi=(175)
cfn=(1568)
calls=1 0 
0 14
0 5
cob=(4)
cfi=(175)
cfn=(3406)
calls=1 0 
0 809
0 11

fn=(3424)
0 3

fn=(3474) std::num_put<char, std::ostreambuf_iterator<char, std::char_traits<char> > >::do_put(std::ostreambuf_iterator<char, std::char_traits<char> >, std::ios_base&, char, bool) const
0 21
cob=(4)
cfi=(175)
cfn=(3370)
calls=1 0 
0 298
0 21

fn=(3486) std::num_put<char, std::ostreambuf_iterator<char, std::char_traits<char> > >::do_put(std::ostreambuf_iterator<char, std::char_traits<char> >, std::ios_base&, char, double) const
0 4
cob=(4)
cfi=(175)
cfn=(3488)
calls=1 0 
0 5738

fn=(3492)
0 20
cfn=(1636) 0x0000000000142070
calls=1 0 
0 30
0 11
cob=(4)
cfi=(175)
cfn=(3494)
calls=1 0 
0 923
0 13
cob=(4)
cfi=(175)
cfn=(684)
calls=1 0 
0 25
0 11
cfn=(3500) 0x000000000010d1d0
calls=1 0 
0 3217
0 5
cob=(4)
cfi=(175)
cfn=(726)
calls=1 0 
0 8
0 33
cob=(4)
cfi=(175)
cfn=(1586)
calls=1 0 
0 21
0 26
cfn=(3286) __gnu_cxx::stdio_sync_filebuf<char, std::char_traits<char> >::xsputn(char const*, long)
calls=1 0 
0 144
0 24
cob=(4)
cfi=(175)
cfn=(1372)
calls=1 0 
0 15
0 4

fn=(844)
0 109

fn=(1054)
0 48300

fn=(1226)
0 34

fn=(1270)
0 50

fn=(1412)
0 155
cob=(4)
cfi=(175)
cfn=(1414)
calls=5 0 
0 2941
0 65
cob=(4)
cfi=(175)
cfn=(1372)
calls=5 0 
0 66
0 115

fn=(1560)
0 2380224

fn=(1840) 0x000000000013e850
0 13740

fn=(2216)
0 18
cob=(4)
cfi=(175)
cfn=(2218)
calls=2 0 
0 852
0 14

fn=(3278)
0 10062723
cob=(4)
cfi=(175)
cfn=(3280)
calls=529617 0 
0 12711522
0 17477361
cfn=(3324)
calls=529601 0 
0 55346970
cfn=(3286)
calls=16 0 
0 15111
0 2648085

fn=(3392)
0 8
cob=(4)
cfi=(175)
cfn=(2034)
calls=1 0 
0 3522
0 5

fn=(3414)
0 18
cob=(4)
cfi=(175)
cfn=(2034)
calls=1 0 
0 35
0 2
cob=(4)
cfi=(175)
cfn=(2090)
calls=1 0 
0 29
0 5
cob=(4)
cfi=(175)
cfn=(1050)
calls=1 0 
0 14
0 9
cob=(4)
cfi=(175)
cfn=(1818)
calls=1 0 
0 75

fn=(3472)
0 17
cob=(4)
cfi=(175)
cfn=(3280)
calls=1 0 
0 24
0 21
cfn=(3474)
calls=1 0 
0 340
0 20

fn=(3648)
0 2

fn=(3660)
0 4
cob=(4)
cfi=(175)
cfn=(3654)
calls=1 0 
0 4

fn=(3670) __gnu_cxx::stdio_sync_filebuf<char, std::char_traits<char> >::sync()
0 15
cob=(4)
cfi=(175)
cfn=(3672)
calls=5 0 
0 1241

fn=(3690)
0 8
cob=(4)
cfi=(175)
cfn=(3692)
calls=2 0 
0 1659
0 10

fn=(3500)
0 28
cob=(4)
cfi=(175)
cfn=(786)
calls=1 0 
0 24
0 12
cob=(4)
cfi=(175)
cfn=(3506)
calls=1 0 
0 3115
0 3
cob=(4)
cfi=(175)
cfn=(786)
calls=1 0 
0 24
0 11

fn=(838)
0 353

fn=(850)
0 109

fn=(870) 0x00000000000ed260
0 25
cob=(4)
cfi=(175)
cfn=(872)
calls=1 0 
0 1354
0 8
cob=(4)
cfi=(175)
cfn=(726)
calls=1 0 
0 17
0 7
cob=(4)
cfi=(175)
cfn=(684)
calls=1 0 
0 25
0 7
cob=(4)
cfi=(175)
cfn=(726)
calls=1 0 
0 17
0 13
cob=(4)
cfi=(175)
cfn=(890)
calls=1 0 
0 1123
0 7
cob=(4)
cfi=(175)
cfn=(726)
calls=1 0 
0 17
0 13
cob=(4)
cfi=(175)
cfn=(902)
calls=1 0 
0 1140
0 7
cob=(4)
cfi=(175)
cfn=(726)
calls=1 0 
0 17
0 12
cob=(4)
cfi=(175)
cfn=(726)
calls=1 0 
0 17
0 12
cob=(4)
cfi=(175)
cfn=(726)
calls=1 0 
0 17
0 12
cob=(4)
cfi=(175)
cfn=(726)
calls=1 0 
0 17
0 6
cob=(4)
cfi=(175)
cfn=(926)
calls=1 0 
0 771
0 7
cob=(4)
cfi=(175)
cfn=(726)
calls=1 0 
0 17
0 16
cob=(4)
cfi=(175)
cfn=(938)
calls=1 0 
0 1298
0 7
cob=(4)
cfi=(175)
cfn=(726)
calls=1 0 
0 17
0 7
cob=(4)
cfi=(175)
cfn=(684)
calls=1 0 
0 25
0 7
cob=(4)
cfi=(175)
cfn=(726)
calls=1 0 
0 17
0 13
cob=(4)
cfi=(175)
cfn=(956)
calls=1 0 
0 1150
0 7
cob=(4)
cfi=(175)
cfn=(726)
calls=1 0 
0 17
0 13
cob=(4)
cfi=(175)
cfn=(968)
calls=1 0 
0 1126
0 7
cob=(4)
cfi=(175)
cfn=(726)
calls=1 0 
0 17
0 12
cob=(4)
cfi=(175)
cfn=(726)
calls=1 0 
0 17
0 12
cob=(4)
cfi=(175)
cfn=(726)
calls=1 0 
0 17
0 12
cob=(4)
cfi=(175)
cfn=(726)
calls=1 0 
0 17
0 6
cob=(4)
cfi=(175)
cfn=(992)
calls=1 0 
0 771
0 6
cob=(4)
cfi=(175)
cfn=(726)
calls=1 0 
0 17
0 4
cob=(4)
cfi=(175)
cfn=(726)
calls=1 0 
0 8
0 4
cob=(4)
cfi=(175)
cfn=(726)
calls=1 0 
0 8
0 5
cob=(4)
cfi=(175)
cfn=(726)
calls=1 0 
0 8
0 5
cob=(4)
cfi=(175)
cfn=(726)
calls=1 0 
0 8
0 4
cob=(4)
cfi=(175)
cfn=(726)
calls=1 0 
0 8
0 5
cob=(4)
cfi=(175)
cfn=(726)
calls=1 0 
0 8
0 10

fn=(1106)
0 4
cob=(4)
cfi=(175)
cfn=(1108)
calls=1 0 
0 750
0 4

fn=(1112)
0 3

fn=(1204)
0 10
cob=(4)
cfi=(175)
cfn=(1076)
calls=1 0 
0 78
0 7
cob=(4)
cfi=(175)
cfn=(1076)
calls=1 0 
0 78

fn=(1208)
0 34

fn=(1296)
0 10
cob=(4)
cfi=(175)
cfn=(1076)
calls=1 0 
0 78
0 4
cob=(4)
cfi=(175)
cfn=(1076)
calls=1 0 
0 78
0 7
cob=(4)
cfi=(175)
cfn=(1076)
calls=1 0 
0 78

fn=(1364)
0 70

fn=(1384)
0 84

fn=(1450)
0 12

fn=(1456)
0 39
cob=(4)
cfi=(175)
cfn=(1458)
calls=3 0 
0 845
0 21
cob=(4)
cfi=(175)
cfn=(1464)
calls=3 0 
0 3323
0 6
cob=(4)
cfi=(175)
cfn=(1458)
calls=3 0 
0 18
0 12
cob=(4)
cfi=(175)
cfn=(1508)
calls=3 0 
0 1835
0 69

fn=(1512)
0 45
cob=(4)
cfi=(175)
cfn=(1514)
calls=3 0 
0 769
0 9

fn=(1526)
0 6
cob=(4)
cfi=(175)
cfn=(1458)
calls=2 0 
0 12

fn=(1600)
0 3228

fn=(1636)
0 2413908
cob=(4)
cfi=(175)
cfn=(726)
calls=268212 0 
0 2145696
0 3486756

fn=(688)
0 120
cob=(4)
cfi=(175)
cfn=(690)
calls=15 0 
0 3010
0 105

fn=(3644)
0 2

fn=(3668)
0 51
cob=(4)
cfi=(175)
cfn=(3280)
calls=3 0 
0 219
0 21
cfn=(3670)
calls=3 0 
0 1114
0 52
cob=(4)
cfi=(175)
cfn=(3686)
calls=1 0 
0 2373
0 7
cfn=(3670)
calls=1 0 
0 71
0 2

fn=(3669)
0 17
cob=(4)
cfi=(175)
cfn=(3281)
calls=1 0 
0 24
0 7
cfn=(3670)
calls=1 0 
0 71
0 17

fn=(3714)
0 48
cob=(4)
cfi=(175)
cfn=(3705)
calls=1 0 
0 138
0 27

fn=(3715)
0 22

fn=(1338)
0 42

fn=(812)
0 88
cob=(4)
cfi=(175)
cfn=(814)
calls=1 0 
0 505
0 24
cob=(4)
cfi=(175)
cfn=(814)
calls=1 0 
0 395
0 3
cob=(4)
cfi=(175)
cfn=(814)
calls=1 0 
0 560
0 9
cob=(4)
cfi=(175)
cfn=(814)
calls=1 0 
0 205
0 3
cob=(4)
cfi=(175)
cfn=(814)
calls=1 0 
0 150
0 3
cob=(4)
cfi=(175)
cfn=(814)
calls=1 0 
0 847
0 3
cob=(4)
cfi=(175)
cfn=(814)
calls=1 0 
0 260
0 7
cob=(4)
cfi=(175)
cfn=(814)
calls=1 0 
0 340
0 3
cob=(4)
cfi=(175)
cfn=(814)
calls=1 0 
0 195
0 3
cob=(4)
cfi=(175)
cfn=(814)
calls=1 0 
0 615

fn=(1090)
0 10
cob=(4)
cfi=(175)
cfn=(1092)
calls=1 0 
0 756
0 7
cob=(4)
cfi=(175)
cfn=(1076)
calls=1 0 
0 78
0 3
cob=(4)
cfi=(175)
cfn=(1092)
calls=1 0 
0 7
0 9
cob=(4)
cfi=(175)
cfn=(1076)
calls=1 0 
0 78

fn=(1342)
0 42

fn=(1470) 0x00000000000f8e30
0 27

fn=(1530)
0 12

fn=(1534)
0 20166
cob=(4)
cfi=(175)
cfn=(1546)
calls=806 0 
0 167149
0 8
cob=(4)
cfi=(175)
cfn=(1546)
calls=1 0 
0 7415
0 2
cob=(4)
cfi=(175)
cfn=(1536)
calls=1 0 
0 2373
0 5

fn=(1566)
0 65
cob=(4)
cfi=(175)
cfn=(1568)
calls=5 0 
0 1598
0 20
cob=(4)
cfi=(175)
cfn=(1580)
calls=5 0 
0 784
0 50

fn=(1634)
0 101269
cfn=(1636)
calls=4403 0 
0 132090
0 66045
cfn=(1642) 0x0000000000147b90
calls=4403 0 
0 158508
0 39627
cfn=(1652) 0x00000000001164e0
calls=4403 0 
0 83657
0 50030
cfn=(1840)
calls=1200 0 
0 7200
0 4800
cfn=(1642)
calls=1200 0 
0 43200
0 10800
cfn=(1652)
calls=1200 0 
0 22800
0 436175
cfn=(1840)
calls=1090 0 
0 6540
0 9810
cfn=(1642)
calls=1090 0 
0 48440
0 8610
cfn=(1652)
calls=690 0 
0 13110
0 52827
cfn=(1660) 0x000000000013eae0
calls=401 0 
0 5213
0 20010
cfn=(1660)
calls=4002 0 
0 52026
0 115683
cfn=(1666) std::__cxx11::basic_stringbuf<char, std::char_traits<char>, std::allocator<char> >::underflow()
calls=1 0 
0 16
0 4666

fn=(1816)
0 18022
cob=(4)
cfi=(175)
cfn=(1912)
calls=400 0 
0 36400
0 4005
cob=(4)
cfi=(175)
cfn=(1050)
calls=801 0 
0 11214
0 9612
cob=(4)
cfi=(175)
cfn=(1818)
calls=801 0 
0 62476

fn=(2032)
0 32
cob=(4)
cfi=(175)
cfn=(2034)
calls=2 0 
0 5932
0 4
cob=(4)
cfi=(175)
cfn=(2090)
calls=2 0 
0 789
0 10
cob=(4)
cfi=(175)
cfn=(1050)
calls=2 0 
0 28
0 20
cob=(4)
cfi=(175)
cfn=(1818)
calls=2 0 
0 150

fn=(2038)
0 52
cob=(4)
cfi=(175)
cfn=(1458)
calls=4 0 
0 24
0 17
cob=(4)
cfi=(175)
cfn=(2040)
calls=3 0 
0 3820
0 15
cob=(4)
cfi=(175)
cfn=(2046)
calls=3 0 
0 1665
0 45
cob=(4)
cfi=(175)
cfn=(2056)
calls=3 0 
0 2871
0 54

fn=(682)
0 18
cob=(4)
cfi=(175)
cfn=(684)
calls=1 0 
0 3746
0 103

fn=(3080)
0 423449

fn=(3316)
0 16
cob=(4)
cfi=(175)
cfn=(1026)
calls=1 0 
0 94
0 12
cob=(4)
cfi=(175)
cfn=(1032)
calls=1 0 
0 185
0 8
cob=(4)
cfi=(175)
cfn=(1440)
calls=1 0 
0 98
0 3
cob=(4)
cfi=(175)
cfn=(1032)
calls=1 0 
0 185
0 5
cob=(4)
cfi=(175)
cfn=(1452)
calls=1 0 
0 919
0 7
cob=(4)
cfi=(175)
cfn=(1518)
calls=1 0 
0 9
0 8

fn=(3332)
0 43
cob=(4)
cfi=(175)
cfn=(3394)
calls=1 0 
0 2688
0 63

fn=(3366)
0 4477919
cob=(4)
cfi=(175)
cfn=(3280)
calls=263407 0 
0 6321768
0 5531536
cfn=(3368)
calls=263406 0 
0 71027034
0 10
cfn=(3368)
calls=1 0 
0 331
0 5268155

fn=(3398)
0 19
cfn=(1560)
calls=1 0 
0 3
0 6
cob=(4)
cfi=(175)
cfn=(3400)
calls=1 0 
0 1647
0 13

fn=(3626)
0 9
cob=(4)
cfi=(175)
cfn=(3632)
calls=1 0 
0 8293
0 1
cfn=(3720) 0x00000000000b7a30
calls=1 0 
0 5
0 3

fn=(3634)
0 5

fn=(3640)
0 2

fn=(3652)
0 4
cob=(4)
cfi=(175)
cfn=(3654)
calls=1 0 
0 769

fn=(3720)
0 5

fn=(748)
0 114

fn=(1036)
0 19304
cob=(4)
cfi=(175)
cfn=(1038)
calls=2413 0 
0 245850
0 7239
cob=(4)
cfi=(175)
cfn=(1056)
calls=2413 0 
0 140944
0 31369

fn=(1104)
0 3

fn=(1172)
0 78

fn=(1302)
0 5
cob=(4)
cfi=(175)
cfn=(1076)
calls=1 0 
0 78

fn=(1406)
0 157
cob=(4)
cfi=(175)
cfn=(1372)
calls=2 0 
0 34
0 70
cob=(4)
cfi=(175)
cfn=(1408)
calls=3 0 
0 3601
0 13

fn=(1626)
0 61642
cob=(4)
cfi=(175)
cfn=(1552)
calls=4403 0 
0 280982
0 110075
cfn=(1628) std::num_get<char, std::istreambuf_iterator<char, std::char_traits<char> > >::do_get(std::istreambuf_iterator<char, std::char_traits<char> >, std::istreambuf_iterator<char, std::char_traits<char> >, std::ios_base&, std::_Ios_Iostate&, long&) const
calls=4403 0 
0 1512070
0 28423
cob=(4)
cfi=(175)
cfn=(1518)
calls=401 0 
0 3609
0 62043

fn=(1666)
0 6416

fn=(676)
0 21

fn=(2712)
0 347952
cob=(4)
cfi=(175)
cfn=(1420)
calls=86988 0 
0 5654220
0 173976

fn=(3322)
0 3
cob=(4)
cfi=(175)
cfn=(1458)
calls=1 0 
0 6

fn=(3342)
0 6800
cob=(4)
cfi=(175)
cfn=(3280)
calls=400 0 
0 9600
0 8389
cfn=(3344) std::num_put<char, std::ostreambuf_iterator<char, std::char_traits<char> > >::do_put(std::ostreambuf_iterator<char, std::char_traits<char> >, std::ios_base&, char, unsigned long) const
calls=399 0 
0 110988
0 10
cfn=(3344)
calls=1 0 
0 1450
0 8015

fn=(3352) 0x0000000000146900
0 9796564

fn=(3382)
0 3952
cob=(4)
cfi=(175)
cfn=(1568)
calls=208 0 
0 2912
0 2912
cob=(4)
cfi=(175)
cfn=(3384)
calls=208 0 
0 2807
0 3328

fn=(3662)
0 14
cob=(4)
cfi=(175)
cfn=(3664)
calls=1 0 
0 1725
0 2
cob=(4)
cfi=(175)
cfn=(3664)
calls=1 0 
0 2739
0 2
cob=(4)
cfi=(175)
cfn=(3664)
calls=1 0 
0 138
0 2
cob=(4)
cfi=(175)
cfn=(3704)
calls=1 0 
0 1938
0 2
cob=(4)
cfi=(175)
cfn=(3704)
calls=1 0 
0 401
0 2
cob=(4)
cfi=(175)
cfn=(3704)
calls=1 0 
0 138
0 2

fn=(3696)
0 10
cob=(4)
cfi=(175)
cfn=(3698)
calls=2 0 
0 944
0 6

fn=(3708)
0 51
cob=(4)
cfi=(175)
cfn=(3710)
calls=3 0 
0 1141
0 21
cfn=(3716) __gnu_cxx::stdio_sync_filebuf<wchar_t, std::char_traits<wchar_t> >::sync()
calls=3 0 
0 213
0 52
cob=(4)
cfi=(175)
cfn=(3686)
calls=1 0 
0 35
0 7
cfn=(3716)
calls=1 0 
0 71
0 2

fn=(3709)
0 17
cob=(4)
cfi=(175)
cfn=(3711)
calls=1 0 
0 24
0 7
cfn=(3716)
calls=1 0 
0 71
0 17

fn=(3716)
0 15
cob=(4)
cfi=(175)
cfn=(3672)
calls=5 0 
0 340

fn=(3484)
0 17
cob=(4)
cfi=(175)
cfn=(3280)
calls=1 0 
0 24
0 21
cfn=(3486)
calls=1 0 
0 5742
0 20

fn=(3498)
0 30

fn=(730)
0 1653606

fn=(832)
0 14
cob=(4)
cfi=(175)
cfn=(684)
calls=1 0 
0 25
0 5

fn=(1084)
0 12

fn=(1116)
0 23
cob=(4)
cfi=(175)
cfn=(1118)
calls=1 0 
0 1379
0 27
cob=(4)
cfi=(175)
cfn=(1136)
calls=1 0 
0 2676
0 8

fn=(1418)
0 4876
cob=(4)
cfi=(175)
cfn=(1420)
calls=402 0 
0 26427
0 12
cob=(4)
cfi=(175)
cfn=(1420)
calls=4 0 
0 1507

fn=(1428)
0 102
cob=(4)
cfi=(175)
cfn=(1912)
calls=6 0 
0 607
0 12

fn=(1516)
0 6
cob=(4)
cfi=(175)
cfn=(1420)
calls=3 0 
0 757

fn=(1556)
0 315579

fn=(1596)
0 18586
cob=(4)
cfi=(175)
cfn=(1372)
calls=806 0 
0 11492
0 6479
cob=(4)
cfi=(175)
cfn=(1408)
calls=2 0 
0 769
0 18

fn=(1604)
0 3220

fn=(1652)
0 119567

fn=(1660)
0 57239

fn=(1828)
0 12864

fn=(1834)
0 14472

fn=(634)
0 8
cob=(4)
cfi=(175)
cfn=(636)
calls=1 0 
0 84316
0 7
cob=(4)
cfi=(175)
cfn=(1076)
calls=1 0 
0 981

fn=(3262)
0 3

fn=(3266)
0 3

fn=(3286)
0 150
cob=(4)
cfi=(175)
cfn=(3288)
calls=25 0 
0 16284

fn=(3330)
0 23795796
cob=(4)
cfi=(175)
cfn=(1372)
calls=793193 0 
0 14922211
0 9518323
cfn=(3332)
calls=1 0 
0 53
0 5

fn=(3344)
0 1200
cob=(4)
cfi=(175)
cfn=(3346)
calls=400 0 
0 111238

fn=(3650)
0 2

fn=(724)
0 480
cob=(4)
cfi=(175)
cfn=(726)
calls=32 0 
0 1263
0 11712

fn=(766)
0 13
cob=(4)
cfi=(175)
cfn=(684)
calls=1 0 
0 25
0 119

fn=(772)
0 14
cob=(4)
cfi=(175)
cfn=(684)
calls=1 0 
0 25
0 2
cob=(4)
cfi=(175)
cfn=(672)
calls=1 0 
0 5
0 5

fn=(784)
0 11
cob=(4)
cfi=(175)
cfn=(786)
calls=1 0 
0 800
0 770
cob=(4)
cfi=(175)
cfn=(792)
calls=128 0 
0 4320
0 262
cob=(4)
cfi=(175)
cfn=(798)
calls=1 0 
0 769
0 510
cob=(4)
cfi=(175)
cfn=(798)
calls=255 0 
0 11618
0 1086
cob=(4)
cfi=(175)
cfn=(808)
calls=8 0 
0 3316
0 72
cob=(4)
cfi=(175)
cfn=(808)
calls=4 0 
0 1745
0 23
cob=(4)
cfi=(175)
cfn=(786)
calls=1 0 
0 24
0 2

fn=(856)
0 16
cob=(4)
cfi=(175)
cfn=(672)
calls=1 0 
0 5
0 4
cob=(4)
cfi=(175)
cfn=(858)
calls=1 0 
0 1147
0 4

fn=(868)
0 14
cob=(4)
cfi=(175)
cfn=(684)
calls=1 0 
0 25
0 2
cob=(4)
cfi=(175)
cfn=(672)
calls=1 0 
0 5
0 5

fn=(906)
0 115

fn=(960)
0 109

fn=(1042)
0 36255
cob=(4)
cfi=(175)
cfn=(650)
calls=2417 0 
0 77344
0 7251
cob=(4)
cfi=(175)
cfn=(1044)
calls=2417 0 
0 61124
0 4834
cob=(4)
cfi=(175)
cfn=(1050)
calls=2417 0 
0 34549
0 19336

fn=(1096)
0 10

fn=(1198)
0 48

fn=(1356)
0 42

fn=(1388)
0 24

fn=(1468)
0 30
cfn=(1470)
calls=3 0 
0 27
0 18
cob=(4)
cfi=(175)
cfn=(1458)
calls=3 0 
0 18
0 15
cob=(4)
cfi=(175)
cfn=(1476)
calls=3 0 
0 2297
0 33

fn=(1540)
0 741
cob=(4)
cfi=(175)
cfn=(1542)
calls=1 0 
0 812
0 13

fn=(1642)
0 241348
cfn=(1666)
calls=400 0 
0 6400
0 2400

fn=(1822)
0 8844
cob=(4)
cfi=(175)
cfn=(1824)
calls=804 0 
0 15357
0 1608
cob=(4)
cfi=(175)
cfn=(1830)
calls=804 0 
0 16905
0 6432
cob=(4)
cfi=(175)
cfn=(1050)
calls=804 0 
0 11256

fn=(1838)
0 5600
cob=(4)
cfi=(175)
cfn=(1552)
calls=400 0 
0 20800
0 8800

fn=(2050)
0 36
cob=(4)
cfi=(175)
cfn=(2052)
calls=3 0 
0 561
0 36

fn=(656)
0 12
cob=(4)
cfi=(175)
cfn=(666)
calls=1 0 
0 72631
0 9
cob=(4)
cfi=(175)
cfn=(1018)
calls=1 0 
0 744
0 32312

fn=(700)
0 7
cob=(4)
cfi=(175)
cfn=(704)
calls=1 0 
0 1809

fn=(3074)
0 2922763
cob=(4)
cfi=(175)
cfn=(3076)
calls=4048 0 
0 432432
0 32384

fn=(3284)
0 11108012
cob=(4)
cfi=(175)
cfn=(3665)
calls=1 0 
0 138
0 6347435

fn=(3285)
0 22

fn=(3336)
0 800
cob=(4)
cfi=(175)
cfn=(3338)
calls=400 0 
0 146794

fn=(3350)
0 7600
cfn=(1636)
calls=400 0 
0 12000
0 10800
cfn=(3352)
calls=400 0 
0 20460
0 9600
cfn=(3324)
calls=400 0 
0 42380
0 6400

fn=(3374)
0 5004752
cfn=(1636)
calls=263408 0 
0 7902240
0 5576679
cfn=(3352)
calls=4101 0 
0 110727
0 2074456
cfn=(3352)
calls=259307 0 
0 9665377
0 7368008
cfn=(3286)
calls=8 0 
0 1179
cfn=(3324)
calls=263400 0 
0 27780366
0 4225652

fn=(3420)
0 3

fn=(3454)
0 32

fn=(3458)
0 12
cob=(4)
cfi=(175)
cfn=(3274)
calls=3 0 
0 677

fn=(3646)
0 2

fn=(3478)
0 2
cob=(4)
cfi=(175)
cfn=(3480)
calls=1 0 
0 6552

fn=(736)
0 14
cob=(4)
cfi=(175)
cfn=(684)
calls=1 0 
0 25
0 5

fn=(754)
0 115

fn=(930)
0 14
cob=(4)
cfi=(175)
cfn=(684)
calls=1 0 
0 25
0 2
cob=(4)
cfi=(175)
cfn=(672)
calls=1 0 
0 5
0 5

fn=(1030)
0 48720
cob=(4)
cfi=(175)
cfn=(650)
calls=812 0 
0 25984

fn=(1202)
0 5
cob=(4)
cfi=(175)
cfn=(1076)
calls=1 0 
0 78

fn=(1396)
0 45
cob=(4)
cfi=(175)
cfn=(1398)
calls=5 0 
0 887
0 45
cob=(4)
cfi=(175)
cfn=(1402)
calls=5 0 
0 4891

fn=(1522)
0 2842

fn=(1628)
0 8806
cob=(4)
cfi=(175)
cfn=(1630)
calls=4403 0 
0 1503264

fn=(1910)
0 1931666
cob=(4)
cfi=(175)
cfn=(1912)
calls=965833 0 
0 91988219

fn=(1916)
0 1932484
cob=(4)
cfi=(175)
cfn=(1918)
calls=966242 0 
0 88160196

fn=(670)
0 142
cob=(4)
cfi=(175)
cfn=(672)
calls=1 0 
0 822
0 7
cob=(4)
cfi=(175)
cfn=(678)
calls=1 0 
0 4636
0 4
cob=(4)
cfi=(175)
cfn=(720)
calls=1 0 
0 2066
0 4
cob=(4)
cfi=(175)
cfn=(732)
calls=1 0 
0 833
0 4
cob=(4)
cfi=(175)
cfn=(720)
calls=1 0 
0 400
0 24
cob=(4)
cfi=(175)
cfn=(738)
calls=1 0 
0 1426
0 4
cob=(4)
cfi=(175)
cfn=(720)
calls=1 0 
0 400
0 8
cob=(4)
cfi=(175)
cfn=(720)
calls=1 0 
0 400
0 8
cob=(4)
cfi=(175)
cfn=(720)
calls=1 0 
0 400
0 5
cob=(4)
cfi=(175)
cfn=(684)
calls=1 0 
0 25
0 5
cob=(4)
cfi=(175)
cfn=(720)
calls=1 0 
0 400
0 29
cob=(4)
cfi=(175)
cfn=(744)
calls=1 0 
0 1187
0 4
cob=(4)
cfi=(175)
cfn=(720)
calls=1 0 
0 400
0 29
cob=(4)
cfi=(175)
cfn=(750)
calls=1 0 
0 1188
0 4
cob=(4)
cfi=(175)
cfn=(720)
calls=1 0 
0 400
0 8
cob=(4)
cfi=(175)
cfn=(720)
calls=1 0 
0 400
0 8
cob=(4)
cfi=(175)
cfn=(720)
calls=1 0 
0 400
0 35
cob=(4)
cfi=(175)
cfn=(756)
calls=1 0 
0 2039
0 4
cob=(4)
cfi=(175)
cfn=(720)
calls=1 0 
0 400
0 8
cob=(4)
cfi=(175)
cfn=(720)
calls=1 0 
0 400
0 8
cob=(4)
cfi=(175)
cfn=(720)
calls=1 0 
0 400
0 4
cob=(4)
cfi=(175)
cfn=(768)
calls=1 0 
0 803
0 4
cob=(4)
cfi=(175)
cfn=(720)
calls=1 0 
0 400
0 4
cob=(4)
cfi=(175)
cfn=(774)
calls=1 0 
0 26868
0 4
cob=(4)
cfi=(175)
cfn=(720)
calls=1 0 
0 400
0 4
cob=(4)
cfi=(175)
cfn=(828)
calls=1 0 
0 833
0 4
cob=(4)
cfi=(175)
cfn=(720)
calls=1 0 
0 400
0 23
cob=(4)
cfi=(175)
cfn=(834)
calls=1 0 
0 1338
0 4
cob=(4)
cfi=(175)
cfn=(720)
calls=1 0 
0 400
0 8
cob=(4)
cfi=(175)
cfn=(720)
calls=1 0 
0 400
0 8
cob=(4)
cfi=(175)
cfn=(720)
calls=1 0 
0 400
0 5
cob=(4)
cfi=(175)
cfn=(684)
calls=1 0 
0 25
0 18
cob=(4)
cfi=(175)
cfn=(720)
calls=1 0 
0 400
0 28
cob=(4)
cfi=(175)
cfn=(840)
calls=1 0 
0 1198
0 4
cob=(4)
cfi=(175)
cfn=(720)
calls=1 0 
0 400
0 27
cob=(4)
cfi=(175)
cfn=(846)
calls=1 0 
0 1166
0 4
cob=(4)
cfi=(175)
cfn=(720)
calls=1 0 
0 400
0 8
cob=(4)
cfi=(175)
cfn=(720)
calls=1 0 
0 400
0 8
cob=(4)
cfi=(175)
cfn=(720)
calls=1 0 
0 400
0 35
cob=(4)
cfi=(175)
cfn=(852)
calls=1 0 
0 2128
0 4
cob=(4)
cfi=(175)
cfn=(720)
calls=1 0 
0 400
0 8
cob=(4)
cfi=(175)
cfn=(720)
calls=1 0 
0 400
0 8
cob=(4)
cfi=(175)
cfn=(720)
calls=1 0 
0 400
0 4
cob=(4)
cfi=(175)
cfn=(864)
calls=1 0 
0 803
0 4
cob=(4)
cfi=(175)
cfn=(720)
calls=1 0 
0 400
0 8
cob=(4)
cfi=(175)
cfn=(720)
calls=1 0 
0 400
0 8
cob=(4)
cfi=(175)
cfn=(720)
calls=1 0 
0 400
0 8
cob=(4)
cfi=(175)
cfn=(720)
calls=1 0 
0 400
0 8
cob=(4)
cfi=(175)
cfn=(720)
calls=1 0 
0 400
0 9
cfn=(870)
calls=1 0 
0 9401
0 3
cob=(4)
cfi=(175)
cfn=(726)
calls=1 0 
0 8
0 5
cob=(4)
cfi=(175)
cfn=(726)
calls=1 0 
0 8
0 4
cob=(4)
cfi=(175)
cfn=(726)
calls=1 0 
0 8
0 5
cob=(4)
cfi=(175)
cfn=(726)
calls=1 0 
0 8
0 5
cob=(4)
cfi=(175)
cfn=(726)
calls=1 0 
0 8
0 4
cob=(4)
cfi=(175)
cfn=(726)
calls=1 0 
0 8
0 5
cob=(4)
cfi=(175)
cfn=(726)
calls=1 0 
0 8
0 4
cob=(4)
cfi=(175)
cfn=(726)
calls=1 0 
0 8
0 13

fn=(3272)
0 5825754
cob=(4)
cfi=(175)
cfn=(1398)
calls=529614 0 
0 8473824
0 2118456
cob=(4)
cfi=(175)
cfn=(3274)
calls=529614 0 
0 99321383
0 2648070

fn=(3430)
0 6

fn=(3436)
0 22

fn=(3440)
0 12
cob=(4)
cfi=(175)
cfn=(1592)
calls=2 0 
0 86

fn=(3448)
0 8
cob=(4)
cfi=(175)
cfn=(1592)
calls=1 0 
0 51

fn=(3466)
0 3
cob=(4)
cfi=(175)
cfn=(3468)
calls=1 0 
0 1166

fn=(3642)
0 2

totals: 3595532203
